0,10,12,13,20,21,24,29,31,34,36,38,39,45,45,49,53,56,59,60,64,64,66,69,71,74,77,79,83,85,90,92,95,96,99,101,103,103,103,103,106,106,106,106,107,107,107,107,108,109,110,110,111,111,111,112,115,115,117,118,118,120,121,121,122,122,122,122,122,124,125,125,125,125,126,126,126,126,126,126,126,126,126,126,126,126,126,126,126,126,126,126,126,126,126,126,126,126,126,126,126,126,126,126,126,126,126,126,126,126,126,126,126,126,126,126,126,126,126,126,126,126,126,126,126,126,126,126,126,126,126,126,126,126,126,126,126,126,126,126,
0,11,17,19,21,25,30,32,33,37,39,44,44,49,54,62,67,70,74,76,81,86,92,94,99,102,106,111,113,114,116,116,116,120,126,128,130,132,132,134,134,136,137,138,140,140,141,142,143,144,145,148,150,151,153,155,155,156,158,161,162,163,164,167,167,170,170,171,171,171,172,174,175,175,175,175,175,175,175,175,175,175,175,176,176,177,177,178,179,179,179,179,180,182,182,182,182,182,182,182,182,182,182,183,183,183,184,185,185,185,185,187,187,187,187,187,187,187,187,187,187,187,187,187,187,187,187,187,187,187,187,187,187,188,188,188,188,188,188,188,188,188,188,188,188,188,188,188,188,188,188,188,188,188,188,188,188,188,188,188,188,188,188,188,188,188,188,188,188,188,188,188,188,188,188,188,188,188,188,188,188,188,188,188,188,188,188,188,188,188,188,188,188,188,188,188,188,188,188,188,188,188,188,188,188,188,188,188,188,188,188,188,188,
0,14,21,23,26,28,29,31,31,33,34,35,37,38,41,41,43,47,49,49,51,51,53,58,59,60,62,67,67,70,70,72,72,73,75,75,75,75,75,75,75,75,75,75,75,75,75,75,75,75,76,77,77,78,79,79,79,79,79,79,79,79,80,80,80,80,80,80,80,80,80,80,80,80,80,80,80,80,80,80,80,80,80,80,80,80,80,80,80,80,80,80,80,80,80,80,80,80,80,80,80,80,80,80,80,80,80,80,80,80,80,80,80,80,80,80,80,80,80,80,80,80,80,80,80,80,80,80,80,80,80,80,80,80,80,80,80,80,80,80,80,80,80,80,80,80,80,80,80,80,80,80,80,80,80,80,80,80,80,80,80,80,80,80,80,80,80,80,80,80,80,80,80,80,80,80,80,80,80,80,80,80,80,80,80,80,80,80,80,80,80,80,80,80,80,80,80,80,80,80,80,80,80,80,80,80,80,80,80,80,80,80,80,80,80,80,80,80,80,80,80,80,80,80,80,80,80,80,80,80,80,80,80,80,80,80,80,80,80,80,80,80,80,80,80,80,80,80,80,80,80,80,80,80,80,80,80,80,80,80,80,80,80,80,80,80,80,80,80,80,80,80,80,80,80,80,80,80,80,80,80,80,80,80,80,80,80,80,80,80,80,80,80,80,80,80,80,80,80,80,80,80,80,80,80,80,80,80,80,80,80,
0,7,10,12,16,19,22,25,28,29,36,39,41,44,51,53,57,60,65,70,73,77,82,83,86,88,95,102,108,111,113,116,122,126,131,134,138,141,144,146,147,150,152,154,159,160,163,163,163,166,167,169,171,174,175,175,175,175,175,177,177,177,177,177,177,178,179,179,179,180,180,180,181,183,183,183,183,184,186,187,187,187,187,187,187,187,187,187,187,187,188,188,188,188,188,188,188,188,188,188,188,188,188,188,188,188,188,188,188,188,188,188,188,188,188,188,188,188,188,188,188,188,188,188,188,188,188,188,188,188,188,188,188,188,188,188,188,188,188,188,188,188,188,188,188,188,188,188,188,188,188,188,188,188,188,188,188,188,188,188,188,188,188,188,188,188,188,188,188,188,188,188,188,188,188,188,188,188,188,188,188,188,188,188,188,188,188,188,188,188,188,188,188,188,188,188,188,188,188,188,188,188,188,188,188,188,188,188,188,188,188,188,188,188,188,188,188,188,188,188,188,188,188,188,188,188,188,188,188,188,188,188,188,188,188,188,188,188,188,188,188,188,188,188,188,188,188,188,188,188,188,188,188,188,188,188,188,188,188,188,188,188,188,188,188,188,188,188,188,188,188,188,188,188,188,188,188,188,188,188,188,188,188,188,188,188,188,188,188,188,188,188,188,188,188,188,188,188,188,188,188,188,188,188,188,188,188,188,188,188,188,188,188,188,188,188,188,188,188,188,188,188,188,188,188,188,188,188,188,188,188,188,188,188,188,188,188,188,188,188,188,188,188,188,188,188,
0,11,15,20,25,29,31,33,35,35,37,43,48,49,52,54,55,58,59,60,60,62,63,65,66,69,70,70,73,74,75,77,78,81,82,84,85,85,86,87,87,87,88,89,91,91,91,91,92,93,94,94,95,95,96,96,96,96,97,97,97,98,98,98,99,99,99,99,99,99,99,99,99,99,99,99,99,99,99,99,99,99,99,99,99,99,99,99,99,99,99,99,99,99,99,99,99,99,99,99,99,99,99,99,99,99,99,99,99,99,99,99,99,99,99,99,99,99,99,99,99,99,99,99,99,99,99,99,99,99,99,99,99,99,99,99,99,99,99,99,99,99,99,99,99,99,99,99,99,99,99,99,99,99,99,99,99,99,99,99,99,99,99,99,99,99,99,99,99,99,99,99,99,99,99,99,99,99,99,99,99,99,99,99,99,99,99,99,99,99,99,99,99,99,99,99,99,99,99,99,99,99,99,99,99,99,99,99,99,99,99,99,99,99,99,99,99,99,99,99,99,
0,10,15,17,22,24,27,31,32,35,40,44,47,49,52,54,56,62,63,68,74,78,82,88,93,99,104,107,109,109,113,115,118,121,121,121,121,125,129,129,136,137,139,141,143,144,145,147,151,152,154,156,157,160,161,166,168,171,171,171,172,173,173,173,173,176,179,179,180,180,180,180,181,182,186,187,187,188,189,191,191,193,193,194,194,194,194,194,194,194,194,194,195,195,195,195,195,196,196,197,198,198,198,198,198,198,198,199,200,200,200,200,200,200,200,200,200,200,200,200,200,200,200,200,200,200,200,200,200,200,200,200,200,200,200,200,200,200,200,200,200,200,200,200,200,200,200,200,200,200,200,200,200,200,200,200,200,200,200,200,200,200,200,200,200,200,200,200,200,200,200,200,200,200,200,200,200,200,200,200,200,200,200,200,200,200,200,200,200,200,200,200,200,200,200,200,200,200,200,200,200,200,200,200,200,200,200,200,200,200,200,200,200,200,200,200,200,200,200,200,200,200,200,200,200,200,200,200,200,200,200,200,200,200,200,200,200,200,200,200,200,200,200,200,200,200,200,200,200,200,200,200,200,200,200,200,200,200,200,200,200,200,200,200,200,200,200,200,200,200,200,200,200,200,200,200,200,200,200,200,200,200,200,200,200,200,200,200,200,200,200,200,200,200,200,
0,10,17,19,24,27,31,33,33,39,40,40,45,48,50,51,53,58,61,63,66,68,69,69,72,74,78,83,86,92,96,98,100,102,103,106,110,111,114,115,116,118,120,121,122,122,123,125,126,128,129,133,134,135,135,138,138,138,140,140,140,140,141,142,142,142,143,143,143,143,143,144,144,145,145,145,145,145,145,147,147,147,147,147,149,149,149,149,149,149,149,150,150,150,150,150,150,150,150,151,153,153,153,153,153,153,153,153,153,154,154,155,155,155,155,155,155,155,155,155,155,155,155,155,155,155,155,155,155,155,155,155,155,155,155,155,155,155,155,155,155,155,155,155,155,155,155,155,155,155,155,155,155,155,155,155,155,155,155,155,155,155,155,155,155,155,155,155,155,155,155,155,155,155,155,155,155,155,155,155,155,155,155,155,155,155,155,155,155,155,155,155,155,155,155,155,155,155,155,155,155,155,155,155,155,155,155,155,155,155,155,155,155,155,155,155,155,155,155,155,155,155,155,155,155,155,155,155,155,155,155,155,155,155,155,155,155,155,155,155,155,155,155,155,155,155,155,155,155,155,155,155,155,155,155,155,155,155,155,155,155,155,155,155,155,155,155,155,155,155,155,155,155,155,155,155,155,155,155,155,155,155,155,155,155,155,155,155,155,155,155,155,155,155,155,155,155,155,155,155,155,155,155,155,155,155,155,155,155,155,155,155,155,155,155,155,155,155,155,155,155,155,155,155,155,155,155,155,155,155,155,155,155,155,155,155,155,155,155,155,155,155,155,155,155,155,155,155,155,155,155,155,155,155,155,155,155,155,155,155,155,155,
0,6,12,21,24,29,32,35,37,38,40,41,43,45,45,48,48,49,52,53,56,61,66,68,74,79,82,84,85,88,89,92,93,93,95,96,96,97,99,102,103,104,104,105,105,105,105,105,105,105,107,109,110,110,110,110,110,110,111,112,112,113,114,114,115,115,116,116,116,116,117,118,122,122,123,123,123,123,124,126,127,129,132,133,134,138,138,138,139,141,141,143,146,147,148,148,149,149,150,151,151,151,151,152,152,153,154,154,154,154,154,154,154,154,154,155,156,156,156,157,157,158,159,159,159,159,159,159,159,159,159,161,161,161,162,162,162,162,162,162,162,162,162,162,163,163,163,163,163,163,163,163,163,163,163,163,163,163,163,163,163,163,163,163,163,163,163,163,163,163,163,163,163,163,163,163,163,163,163,163,163,163,163,163,163,163,163,163,163,163,163,163,163,163,163,163,163,163,163,163,163,163,163,163,163,163,163,163,163,163,163,163,163,163,163,163,163,163,163,163,163,163,163,163,163,163,163,163,163,163,163,163,163,163,163,163,163,163,163,163,163,163,163,163,163,163,163,163,163,163,163,163,163,163,163,163,163,163,163,163,163,163,163,163,163,163,163,163,163,163,163,163,163,163,163,163,163,163,163,163,163,163,163,163,163,163,163,163,163,163,163,163,163,163,163,163,163,163,163,163,163,163,163,163,163,163,163,163,163,163,163,163,163,163,163,163,163,163,163,163,163,163,163,163,163,163,163,163,163,163,163,163,163,163,163,
0,14,20,22,25,25,27,29,30,32,32,33,33,33,34,35,35,35,37,37,37,37,37,37,37,37,37,37,37,38,39,39,39,39,39,39,39,39,39,39,39,39,39,39,39,39,39,39,39,40,40,40,40,40,42,43,43,43,43,43,43,43,43,43,43,43,43,43,43,43,43,43,43,43,43,43,43,43,43,43,43,43,43,43,43,43,43,43,43,43,43,43,43,43,43,43,43,43,43,43,43,43,43,43,43,43,43,43,43,43,43,43,43,43,43,43,43,43,43,43,43,43,43,43,43,43,43,43,43,43,43,43,43,43,43,43,43,43,43,43,43,43,43,43,43,43,43,43,43,43,43,43,43,43,43,43,43,43,43,43,43,43,43,43,43,43,43,43,43,43,43,43,43,43,43,43,43,43,43,43,43,43,43,43,43,43,43,43,43,43,43,43,43,43,43,43,43,43,43,43,43,43,43,43,43,
0,9,13,18,25,28,32,36,37,38,40,43,44,44,45,50,52,53,55,58,59,62,66,70,72,74,77,77,83,85,88,89,91,91,92,94,94,95,98,100,101,103,103,104,105,105,107,108,109,110,110,112,112,112,113,113,114,115,118,118,120,120,122,123,124,124,125,126,126,126,127,128,129,129,131,131,131,132,132,132,132,132,132,132,133,134,134,135,137,137,138,138,138,138,138,138,138,138,138,138,138,138,138,138,138,139,139,139,139,139,139,139,139,139,139,139,139,139,139,139,139,139,139,139,139,139,139,139,139,139,139,139,139,139,139,139,139,139,139,139,139,139,139,139,139,139,139,139,139,139,139,139,139,139,139,139,139,139,139,139,139,139,139,139,139,139,139,139,139,139,139,139,139,139,139,139,139,139,139,139,139,139,139,139,139,139,139,139,139,139,139,139,139,139,139,139,139,139,139,139,139,139,139,139,139,139,139,139,139,139,139,139,139,139,139,139,139,139,139,139,139,139,139,139,139,139,139,139,139,139,139,139,139,139,139,139,139,139,139,139,139,139,139,139,139,139,139,139,139,139,139,139,139,139,139,139,139,139,139,139,139,139,139,139,139,139,139,139,139,139,139,139,139,139,139,139,139,139,139,139,139,139,139,139,139,139,139,139,139,139,139,139,139,139,139,139,139,139,139,139,139,139,139,139,139,139,139,139,139,139,139,139,139,139,139,139,139,139,139,139,139,139,139,139,139,139,139,139,139,139,139,139,139,
0,10,16,19,21,25,27,28,33,34,36,38,41,45,49,57,59,64,72,73,76,82,85,87,91,94,94,98,102,103,106,109,113,122,128,131,132,136,138,140,143,148,151,153,155,156,157,158,159,161,163,163,165,166,166,167,167,169,169,170,171,171,173,173,173,174,174,174,174,174,174,175,175,175,175,177,177,177,178,178,179,179,179,179,179,179,179,179,179,179,179,179,179,179,179,179,179,179,179,179,179,179,179,179,179,179,179,179,179,179,179,179,179,179,179,179,179,179,179,179,179,179,179,179,179,179,179,179,179,179,179,179,179,179,179,179,179,179,179,179,179,179,179,179,179,179,179,179,179,179,179,179,179,179,179,179,179,179,179,179,179,179,179,179,179,179,179,179,179,179,179,179,179,179,179,179,179,179,179,179,179,179,179,179,179,179,179,179,179,179,179,179,179,179,179,179,179,179,179,179,179,179,179,179,179,179,179,179,179,179,179,179,179,179,179,179,179,179,179,179,179,179,179,179,179,179,179,179,179,179,179,179,179,179,179,179,179,179,179,179,179,179,179,179,179,179,179,179,179,179,179,179,179,179,179,179,179,179,179,179,179,179,179,179,179,179,179,179,179,179,179,179,179,179,179,179,179,179,179,179,179,179,179,179,179,179,179,179,179,179,179,179,179,179,179,179,179,179,179,179,179,179,179,179,179,179,179,179,179,179,179,179,179,179,179,179,179,179,179,179,179,179,179,179,179,179,179,179,179,179,179,179,179,179,179,179,179,
0,13,18,23,27,29,33,37,40,43,45,49,49,53,57,64,72,74,79,82,85,89,91,93,96,101,101,103,104,107,108,110,111,113,114,118,118,118,119,120,120,120,120,120,121,121,123,124,124,125,125,125,126,129,130,133,134,134,135,135,135,135,135,136,136,136,137,137,138,139,140,140,140,140,140,140,140,140,140,140,141,141,141,141,141,142,142,142,142,142,142,142,142,142,142,143,143,143,143,143,143,143,143,143,143,143,143,143,144,144,144,144,144,144,144,144,145,145,145,145,145,145,145,145,145,145,146,146,146,147,147,148,148,148,148,148,148,148,148,148,148,149,149,149,150,150,150,151,151,152,152,152,153,154,154,155,155,155,156,156,157,157,157,157,157,157,158,158,159,159,161,162,163,165,165,166,166,168,168,168,168,169,169,171,171,172,172,173,176,176,176,177,177,177,177,177,177,177,177,177,177,178,178,178,178,178,178,179,179,179,180,181,182,
0,9,11,17,18,20,23,26,30,34,40,42,50,52,53,54,59,60,62,67,75,76,81,87,93,94,96,100,103,104,105,105,105,106,109,111,112,113,114,116,117,117,117,117,118,118,120,121,121,122,124,124,124,125,125,125,126,126,127,128,128,129,130,130,130,132,132,132,132,132,132,134,134,134,135,135,135,135,135,135,135,135,135,135,135,135,136,136,137,138,138,138,138,138,138,138,138,138,138,138,138,138,138,138,138,138,138,138,138,138,138,138,138,138,138,138,138,138,138,138,138,138,138,138,138,138,138,138,138,138,138,138,138,138,138,138,138,138,138,138,138,138,138,138,138,138,138,138,138,138,138,138,138,138,138,138,138,138,138,138,138,138,138,138,138,138,138,138,138,138,138,138,138,138,138,138,138,138,138,138,138,138,138,138,138,138,138,138,138,138,138,138,138,138,138,138,138,138,138,138,138,138,138,138,
0,7,14,17,20,22,27,30,33,38,42,46,50,53,55,57,63,70,74,78,83,88,94,97,102,104,111,116,120,125,128,131,132,135,139,141,142,145,148,153,155,157,158,160,161,161,162,165,166,171,175,177,178,181,183,185,186,188,189,189,189,189,190,190,190,191,191,192,192,193,193,193,194,194,196,196,196,196,196,196,196,197,197,197,197,197,197,197,197,197,197,197,197,197,197,197,197,197,197,197,197,197,197,197,197,197,197,197,197,197,197,197,197,197,197,197,197,197,197,197,197,197,197,197,197,197,197,197,197,197,197,197,197,197,197,197,197,197,197,197,197,197,197,197,197,197,197,197,197,197,197,197,197,197,197,197,197,197,197,197,197,197,197,197,197,197,197,197,197,197,197,197,197,197,197,197,197,197,197,197,197,197,197,197,197,197,197,197,197,197,197,197,197,197,197,197,197,197,197,197,197,197,197,197,197,197,197,197,197,197,197,197,197,197,197,197,197,197,197,197,197,197,197,197,197,197,197,197,197,197,197,197,197,197,197,197,197,197,197,197,197,197,197,197,197,197,197,197,197,197,197,197,197,197,197,197,197,
0,9,14,19,23,25,26,27,31,35,38,42,45,48,53,59,66,72,73,83,87,93,102,109,112,115,118,124,127,128,130,138,141,144,149,151,156,160,162,163,165,168,170,171,173,176,176,178,178,180,184,188,193,196,196,199,200,203,203,204,205,205,207,209,209,212,213,213,214,215,215,216,217,217,218,218,218,218,218,223,223,223,223,225,226,227,229,230,230,230,231,233,233,233,234,235,236,237,238,238,239,239,239,239,239,239,239,239,239,239,239,239,239,239,239,239,239,239,239,239,239,239,239,239,239,239,239,239,239,239,239,239,239,239,239,239,239,239,239,239,239,239,239,239,239,239,239,239,239,239,239,239,239,239,239,239,239,239,239,239,239,239,239,239,239,239,239,239,239,239,239,239,239,239,239,239,239,239,239,239,239,239,239,239,239,239,239,239,239,239,239,239,239,239,239,239,239,239,239,239,239,239,239,239,239,239,239,239,239,239,239,239,239,239,239,239,239,239,239,239,239,239,239,239,239,239,239,239,239,239,239,239,239,239,239,239,239,239,239,239,239,239,239,239,239,239,239,239,239,239,239,239,239,239,239,239,239,239,239,239,239,239,239,239,239,239,239,239,239,239,239,239,239,239,239,239,239,239,239,239,239,239,239,239,239,239,239,239,239,239,239,239,239,239,239,239,239,239,239,239,239,239,239,239,239,239,239,239,239,239,239,239,239,239,239,239,239,239,239,239,239,239,239,239,239,239,239,239,239,239,239,239,239,239,239,239,239,239,239,239,239,239,239,239,239,239,239,239,239,239,239,239,239,239,239,239,239,239,239,239,239,239,239,239,239,239,239,239,239,239,239,239,239,239,239,239,239,239,239,239,239,239,239,239,239,239,239,239,239,239,239,239,239,239,239,239,239,239,239,239,239,239,239,239,239,239,
0,11,17,17,19,20,22,25,27,30,34,41,45,48,53,56,58,62,68,74,79,81,84,85,89,91,94,95,96,96,98,99,102,104,106,107,109,110,111,113,113,116,117,117,120,120,120,121,121,121,121,122,124,124,124,125,125,126,127,127,127,128,128,128,128,129,129,129,129,129,130,130,130,130,131,132,132,132,133,133,133,133,133,133,133,133,133,133,133,133,133,133,133,133,133,133,133,133,133,133,133,133,133,133,133,133,133,133,133,133,133,133,133,133,133,133,133,133,133,133,133,133,133,133,133,133,133,133,133,133,133,133,133,133,133,133,133,133,133,133,133,133,133,133,133,133,133,133,133,133,133,133,133,133,133,133,133,133,133,133,133,133,133,133,133,133,133,133,133,133,133,133,133,133,133,133,133,133,133,133,133,133,133,133,133,133,133,133,133,133,133,133,133,133,133,133,133,133,133,133,133,133,133,133,133,133,133,133,133,133,133,133,133,133,133,133,133,133,133,133,133,133,133,133,133,
0,14,20,22,25,29,30,34,38,38,39,40,42,44,46,46,49,50,50,53,56,57,60,61,64,65,67,69,70,72,73,74,75,75,75,75,76,76,77,77,78,79,80,81,82,85,86,86,87,87,87,88,88,88,89,89,90,91,91,92,92,92,92,92,93,94,95,95,96,97,98,98,98,100,101,102,103,103,103,103,103,103,103,104,104,104,104,105,105,105,106,106,106,107,108,109,109,110,110,110,111,111,112,112,112,114,114,114,114,114,115,115,115,115,115,115,115,115,115,115,115,115,115,115,115,115,115,115,115,115,115,115,115,115,115,115,115,115,115,115,115,115,115,115,115,115,115,115,115,115,115,115,115,115,115,115,115,115,115,115,115,115,115,115,115,115,115,115,115,115,115,115,115,115,115,115,115,115,115,115,115,115,115,116,116,116,116,116,116,116,116,116,116,116,116,116,116,116,116,116,116,116,116,116,116,116,116,116,116,116,116,116,116,116,116,116,116,116,116,116,116,116,116,116,116,116,116,116,116,116,116,116,116,116,116,116,116,116,116,116,116,116,116,116,116,116,116,116,116,116,116,116,116,116,116,116,116,116,116,116,116,116,116,116,116,116,116,116,116,116,116,116,116,116,116,116,116,116,
0,13,17,22,22,26,27,31,33,36,38,44,48,49,55,57,60,62,68,72,81,84,89,97,100,102,110,118,127,131,134,138,144,147,150,158,164,166,171,172,176,184,188,191,193,197,198,200,201,202,203,206,209,209,210,213,215,216,217,219,221,222,223,226,226,226,227,227,228,228,230,230,230,230,231,232,233,234,234,235,235,237,238,238,238,240,240,240,240,241,241,241,243,244,245,246,246,246,246,247,247,247,250,250,251,251,251,252,252,252,252,252,252,252,252,252,252,252,252,252,253,253,253,253,253,253,253,253,253,253,253,253,253,253,253,253,253,253,253,253,253,253,253,253,253,253,253,253,253,253,253,253,253,253,253,253,253,253,253,253,253,253,253,253,253,253,253,253,253,253,253,253,253,253,253,253,253,253,253,253,253,253,253,253,253,253,253,253,253,253,253,
0,11,13,15,20,24,30,35,38,40,46,52,56,58,58,59,61,64,67,70,73,78,82,82,85,87,90,91,93,95,97,100,100,104,104,104,107,109,110,111,113,114,119,122,125,125,126,128,130,131,131,131,132,135,136,136,136,137,137,138,138,138,139,139,139,139,139,141,142,143,143,144,146,147,148,149,149,149,149,150,151,153,155,155,155,156,156,158,159,159,159,162,162,162,162,162,163,163,163,163,163,163,163,163,163,163,163,163,163,163,163,163,163,163,163,163,163,163,163,163,163,163,163,163,163,163,163,163,163,163,163,163,163,163,163,163,163,163,163,163,163,163,163,163,163,163,163,163,163,163,163,163,163,163,163,163,163,163,163,163,163,163,163,163,163,163,163,163,163,163,163,163,163,163,163,163,163,163,163,163,163,163,163,163,163,163,163,163,163,163,163,163,163,163,163,163,163,163,163,163,163,163,163,163,163,163,163,163,163,163,163,163,163,163,163,163,163,163,163,163,163,163,163,163,163,163,163,163,163,163,163,163,163,163,163,163,163,163,163,163,163,163,163,163,163,163,163,163,163,163,163,163,163,163,163,163,163,163,163,163,163,163,163,163,163,163,163,163,163,163,163,163,163,163,163,163,163,163,163,163,163,163,163,163,163,163,163,163,163,163,163,163,163,163,163,163,163,163,163,163,163,163,163,163,163,163,163,163,163,163,163,163,163,163,163,163,163,163,163,163,163,163,163,163,163,163,163,163,163,163,163,163,163,163,163,163,163,163,163,163,163,163,163,163,163,163,163,163,163,163,163,
0,6,9,17,20,23,27,31,36,46,54,56,58,62,68,75,84,95,103,110,120,132,142,146,153,156,164,169,175,181,183,188,192,196,201,206,212,219,224,228,229,229,232,240,243,246,248,251,253,257,260,264,266,270,271,273,276,277,280,282,284,292,292,294,294,295,296,299,301,302,302,303,303,305,307,307,309,311,311,311,313,313,314,314,314,315,315,317,319,319,319,319,319,319,319,320,320,320,320,320,321,321,321,321,321,321,321,321,321,321,321,321,321,321,321,321,321,321,321,321,321,321,321,321,321,321,321,321,321,321,321,321,321,321,321,321,321,321,321,321,321,321,321,321,321,321,321,321,321,321,321,321,321,321,321,321,321,321,321,321,321,321,321,321,321,321,321,321,321,321,321,321,321,321,321,321,321,321,321,321,321,321,321,321,321,321,321,321,321,321,321,321,321,321,321,321,321,321,321,321,321,321,321,321,321,321,321,321,321,321,321,321,321,321,321,321,321,321,321,321,321,321,321,321,321,321,321,321,321,321,321,321,321,321,321,321,321,321,321,321,321,321,321,321,321,321,321,321,321,321,321,321,321,321,321,321,321,321,321,321,321,321,321,321,321,321,321,321,321,321,321,321,321,321,321,321,321,321,321,321,321,321,321,321,321,321,321,321,321,321,321,321,321,321,321,321,321,321,321,321,321,321,321,321,321,321,321,321,321,321,321,321,321,321,321,321,321,321,321,321,321,321,321,321,321,321,321,321,
0,17,18,20,26,28,31,32,34,37,39,42,43,45,46,47,47,50,52,52,52,54,57,57,57,57,57,57,59,59,59,59,59,59,60,60,62,62,63,63,63,63,64,64,64,64,66,66,66,66,66,66,66,66,66,66,66,66,66,66,66,66,66,66,66,66,66,66,66,66,66,66,66,66,66,66,66,66,66,66,66,66,66,66,66,66,66,66,66,66,66,66,66,66,66,66,66,66,66,66,66,66,66,66,66,66,66,66,66,66,66,66,66,66,66,66,66,66,66,66,66,66,66,66,66,66,66,66,66,66,66,66,66,66,66,66,66,66,66,66,66,66,66,66,66,66,66,66,66,66,66,66,66,66,66,66,66,66,66,66,66,66,66,66,66,66,66,66,66,66,66,66,66,66,66,66,66,66,66,66,66,66,66,66,66,66,66,66,66,66,66,66,66,66,66,66,66,66,66,66,66,66,66,66,66,66,66,66,66,66,66,66,66,66,66,66,66,66,66,66,66,66,66,66,66,66,66,66,66,66,66,66,66,66,66,66,66,66,66,66,66,66,66,66,66,66,66,66,66,66,66,66,66,66,66,66,66,66,66,66,66,66,66,66,66,66,66,66,66,66,66,66,66,66,66,66,66,66,66,66,66,66,66,66,66,66,66,66,66,66,66,66,66,66,66,66,66,66,66,66,66,66,
0,10,12,15,19,25,26,27,28,33,37,43,44,52,56,62,69,76,79,85,92,103,108,117,124,131,137,140,142,146,151,154,156,162,167,170,174,179,181,183,188,191,193,196,197,197,199,202,204,209,212,212,213,214,216,218,220,221,221,224,226,227,229,230,230,231,232,234,235,235,235,235,235,235,235,235,236,236,236,236,237,237,237,237,237,239,239,239,239,239,239,239,240,240,240,240,240,240,240,240,240,240,240,240,240,240,241,242,243,243,243,243,245,245,245,245,246,246,246,247,247,249,249,249,249,249,249,250,251,251,251,251,252,253,253,253,253,254,255,255,255,255,255,255,255,255,255,255,256,256,256,256,256,256,256,256,256,256,256,256,256,256,256,256,256,256,257,257,257,257,257,257,257,257,257,257,257,257,257,257,257,257,257,257,257,258,259,259,259,259,259,259,259,259,259,259,259,260,260,260,260,260,260,261,261,261,261,261,262,262,262,262,262,262,262,262,262,262,262,262,262,263,263,263,263,263,263,263,263,263,263,263,263,263,263,263,263,263,263,263,263,263,263,263,263,263,263,263,263,263,263,263,263,263,263,263,263,263,263,263,263,263,263,263,263,263,263,263,263,263,263,263,263,263,263,263,263,263,263,263,263,263,263,263,263,263,263,263,263,263,
0,13,16,20,21,23,25,28,33,36,38,42,44,45,46,47,48,49,50,52,53,55,57,58,59,59,60,61,63,65,65,66,68,69,69,69,69,69,70,70,71,71,71,72,72,72,72,72,72,72,72,72,72,72,73,73,73,73,73,74,74,74,74,74,74,74,74,74,74,74,74,74,74,75,75,75,75,75,75,75,75,75,75,75,75,75,75,75,75,75,75,75,75,75,75,75,75,75,75,75,75,75,75,75,75,75,75,75,75,75,75,75,75,75,75,75,75,75,75,75,75,75,75,75,75,75,75,75,75,75,75,75,75,75,75,75,75,75,75,75,75,75,75,75,75,75,75,75,75,75,75,75,75,75,75,75,75,75,75,75,75,75,75,75,75,75,75,75,75,75,75,75,75,75,75,75,75,75,75,75,75,75,75,75,75,75,75,75,75,75,75,75,75,75,75,75,75,75,75,75,75,75,75,75,75,75,75,75,75,75,75,75,75,75,75,75,75,75,75,75,75,75,75,75,75,75,75,75,75,75,75,75,75,75,75,75,75,75,75,75,75,75,75,75,75,75,75,75,75,75,75,75,75,75,75,
0,10,16,20,24,28,30,32,33,36,37,39,43,44,44,45,49,54,58,60,63,63,64,64,65,67,68,69,69,70,71,76,76,78,78,78,79,80,80,80,81,81,82,84,86,88,89,90,90,92,92,92,93,93,93,93,93,94,95,95,95,95,95,95,95,95,95,95,95,95,95,95,95,95,95,95,95,95,95,95,95,95,95,95,95,95,95,95,95,95,95,95,95,95,95,95,95,95,95,95,95,95,95,95,95,95,95,95,95,95,95,95,95,95,95,95,95,95,95,95,95,95,95,95,95,95,95,95,95,95,95,95,95,95,95,95,95,95,95,95,95,95,95,95,95,95,95,95,95,95,95,95,95,95,95,95,95,95,95,95,95,95,95,95,95,95,95,95,95,95,95,95,95,95,95,95,95,95,95,95,95,95,95,95,95,95,95,95,95,95,95,95,95,95,95,95,95,95,95,95,95,95,95,95,95,95,95,95,95,95,95,95,95,95,95,95,95,95,95,95,95,95,95,95,95,95,95,95,95,95,95,95,95,95,95,95,95,95,95,95,95,95,95,95,95,95,95,95,95,95,95,95,95,95,95,95,95,95,95,95,95,95,95,95,95,95,95,95,95,95,95,95,95,95,95,95,95,95,95,95,95,95,
0,5,9,13,19,25,27,31,31,33,39,47,54,56,61,63,69,73,81,84,87,89,94,98,104,104,107,109,117,122,125,127,130,132,134,139,143,148,153,155,156,158,159,160,162,165,169,169,170,173,174,175,177,178,180,181,185,186,189,195,195,197,199,199,200,200,202,203,207,208,209,210,211,212,213,214,214,214,215,216,216,216,217,218,218,218,218,218,218,218,218,218,218,218,218,218,218,218,218,218,218,218,218,218,218,218,218,218,218,218,219,219,219,219,219,219,219,219,219,219,219,219,219,220,220,220,220,220,220,220,221,221,222,222,222,222,222,222,222,222,222,222,222,222,222,222,222,222,222,222,222,222,222,222,222,222,222,222,222,222,222,222,222,222,222,222,222,222,222,222,222,222,222,222,222,222,222,222,222,222,222,222,222,222,222,222,222,222,222,222,222,222,222,222,222,222,222,222,222,222,222,
0,12,20,24,28,31,33,37,41,48,51,52,56,59,61,63,65,70,75,83,85,95,99,102,109,118,123,124,127,128,129,134,140,144,146,153,157,159,162,165,168,176,179,181,184,187,191,193,195,198,200,200,202,203,204,204,204,207,207,210,212,212,212,214,216,217,217,218,220,220,221,223,225,226,227,227,227,229,229,230,231,232,232,233,234,234,235,236,237,237,237,237,237,237,237,237,237,238,239,239,240,242,242,243,243,243,243,243,244,245,246,246,246,246,246,246,246,246,246,247,247,247,247,247,247,247,247,248,248,248,248,248,249,250,251,252,253,254,254,254,254,254,254,254,254,254,254,254,254,255,255,255,255,255,255,255,255,255,256,256,256,256,256,256,256,256,256,256,257,258,258,258,258,258,258,258,258,258,258,258,258,258,258,258,258,258,259,259,259,259,259,259,259,259,259,259,259,259,259,259,259,259,259,259,259,259,259,259,259,259,259,259,259,259,259,259,259,259,259,259,259,259,259,259,259,259,259,259,259,259,259,259,259,259,259,259,259,259,259,259,259,259,259,259,259,259,259,259,259,259,259,259,259,259,259,259,259,259,259,259,259,259,259,259,259,259,259,259,259,259,259,259,259,259,259,259,259,259,259,259,259,259,259,259,259,259,259,259,259,
0,11,19,22,26,29,32,36,37,40,42,42,44,47,47,52,57,65,69,71,74,79,82,90,94,99,106,111,116,118,126,131,133,139,143,147,151,156,159,161,165,166,168,171,174,176,178,180,182,185,186,187,189,192,194,196,197,198,198,201,201,202,203,203,203,204,205,206,209,211,211,211,211,212,212,212,212,212,213,213,213,213,213,213,213,215,216,216,216,216,216,216,217,217,217,217,217,217,217,217,217,217,217,217,217,217,217,217,217,217,217,217,217,217,217,217,217,217,217,217,217,217,217,217,217,217,217,217,217,217,217,217,217,217,217,217,217,217,217,217,217,217,217,217,217,217,217,217,217,217,217,217,217,217,217,217,217,217,217,217,217,217,217,217,217,217,217,217,217,217,217,217,217,217,217,217,217,217,217,217,217,217,217,217,217,217,217,217,217,217,217,217,217,217,217,217,217,217,217,217,217,217,217,217,217,217,217,
0,13,20,24,26,28,32,34,39,41,42,44,46,49,50,53,54,56,58,64,68,69,69,72,74,78,81,82,83,84,86,88,90,93,93,94,94,96,96,98,100,101,104,105,106,107,110,111,113,113,114,114,114,115,115,116,117,118,121,122,122,123,123,123,123,123,123,123,123,123,123,123,123,123,124,124,124,124,125,125,126,126,126,126,126,126,126,126,126,126,126,126,126,126,126,126,126,127,127,128,128,128,128,128,128,128,128,128,128,128,128,128,129,129,129,129,129,129,129,129,129,129,129,129,129,129,129,129,129,129,129,129,129,129,129,129,129,129,129,129,129,129,129,129,129,129,129,129,129,129,129,129,129,129,129,129,129,129,129,129,129,129,129,129,129,129,129,129,129,129,129,129,129,129,129,129,129,129,129,129,129,129,129,129,129,129,129,129,129,129,129,129,129,129,129,129,129,129,129,129,129,129,129,129,129,129,129,129,129,129,129,129,129,129,129,129,129,129,129,129,129,129,129,129,129,129,129,129,129,129,
0,12,15,20,25,32,35,39,46,49,49,50,51,51,52,53,55,56,56,57,59,59,60,61,64,66,67,68,68,68,69,72,73,74,77,78,79,80,82,83,83,84,85,85,86,86,86,86,86,86,86,86,86,86,86,86,86,86,86,86,87,88,88,88,88,88,89,89,89,89,89,89,89,89,89,89,89,89,89,89,89,89,89,89,89,89,89,89,89,89,89,89,89,89,89,89,89,89,89,89,89,89,89,89,89,89,89,89,89,89,89,89,89,89,89,89,89,89,89,89,89,89,89,89,89,89,89,89,89,89,89,89,89,89,89,89,89,89,89,89,89,89,89,89,89,89,89,89,89,89,89,89,89,89,89,89,89,89,89,89,89,89,89,89,89,89,89,89,89,89,89,89,89,89,89,89,89,89,89,89,89,89,89,89,89,89,89,89,89,89,89,89,89,89,89,89,89,89,89,89,89,89,89,89,89,89,89,89,89,89,89,89,89,89,89,89,89,89,89,89,89,89,89,89,89,89,89,89,89,89,89,89,89,89,89,89,89,89,89,89,89,89,89,89,89,89,89,89,89,89,89,89,89,89,89,89,89,89,89,89,89,89,89,89,89,89,89,89,89,89,89,89,89,89,89,89,89,89,89,89,89,89,89,89,89,89,89,89,89,89,89,89,89,89,89,89,89,89,89,89,89,89,89,89,89,89,89,89,89,89,89,89,89,89,89,89,89,89,89,89,89,89,89,89,89,89,89,89,89,89,89,89,89,89,89,89,89,89,89,89,89,89,89,89,89,89,89,
0,14,21,22,23,25,26,30,30,33,35,36,38,43,47,50,51,52,54,56,56,59,64,67,69,72,75,80,82,86,88,92,93,96,98,99,102,102,102,104,105,107,108,110,110,110,111,112,112,112,113,113,113,114,114,114,114,115,116,116,116,118,118,118,118,118,118,118,119,119,119,119,119,120,120,120,120,120,120,120,120,120,120,120,120,120,120,120,120,120,120,120,120,120,121,121,121,122,122,122,122,122,122,122,122,122,122,122,122,122,122,122,122,122,122,122,122,122,122,122,122,122,122,122,122,122,122,122,122,122,122,122,122,122,122,122,122,122,122,122,122,122,122,122,122,122,122,122,122,122,122,122,122,122,122,122,122,122,122,122,122,122,122,122,122,122,122,122,122,122,122,122,122,122,122,122,122,122,122,122,122,122,122,122,122,122,122,122,122,122,122,122,122,122,122,122,122,122,122,122,122,122,122,122,122,122,122,122,122,122,122,122,122,122,122,122,122,122,122,122,122,122,122,122,122,122,122,122,122,122,122,122,122,122,122,122,122,122,122,122,122,122,122,122,122,122,122,122,122,122,122,122,122,122,122,122,122,122,122,122,122,122,122,122,122,122,122,122,122,122,122,122,122,122,122,122,122,122,122,122,122,122,122,122,122,122,122,122,122,122,122,122,122,122,122,122,122,122,122,122,122,122,122,122,122,122,122,122,122,122,122,122,122,122,122,122,122,122,122,122,122,122,122,122,122,122,122,122,122,122,122,122,122,122,122,122,122,122,122,122,122,122,122,122,122,122,122,122,122,122,122,122,122,122,122,122,122,122,122,122,122,122,122,122,122,122,122,122,122,122,122,122,122,122,122,122,122,122,122,122,122,122,122,122,122,122,122,122,122,122,122,122,122,122,122,122,122,122,122,122,122,122,122,122,122,122,122,122,122,122,122,122,122,122,122,122,122,122,122,122,122,122,122,122,122,122,122,122,122,122,122,122,122,122,122,122,122,122,122,122,122,122,122,122,122,122,122,122,122,122,122,122,122,122,122,122,122,122,122,122,122,122,122,122,122,122,122,122,122,122,122,122,122,122,122,122,122,122,122,122,122,122,122,122,122,122,122,122,122,122,122,122,122,122,122,122,122,122,122,122,122,122,122,122,122,122,122,122,122,122,122,
0,10,14,14,15,19,22,22,23,25,27,28,28,29,29,29,30,32,33,36,37,38,40,40,40,41,41,41,41,42,42,42,42,43,43,45,46,46,46,46,46,47,47,47,47,48,48,48,48,48,48,49,49,49,49,49,49,49,49,49,49,49,49,49,49,49,49,49,49,49,49,49,49,49,49,49,49,49,49,49,49,49,49,49,49,49,49,49,49,49,49,49,49,49,49,49,49,49,49,49,49,49,49,49,49,49,49,49,49,49,49,49,49,49,49,49,49,49,49,49,49,49,49,49,49,49,49,49,49,49,49,49,49,49,49,49,49,49,49,49,49,49,49,49,49,49,49,49,49,49,49,49,49,49,49,49,49,49,49,49,49,49,49,49,49,49,49,49,49,49,49,49,49,49,49,49,49,49,49,49,49,49,49,49,49,49,49,49,49,49,49,49,49,49,49,49,49,49,49,49,49,49,49,49,49,49,49,49,49,49,49,49,49,49,49,
0,7,12,16,21,23,29,31,32,34,37,41,42,46,51,51,58,66,70,75,82,91,100,107,114,124,126,132,139,141,144,146,150,155,163,167,175,178,181,185,187,190,191,194,195,198,202,203,203,203,204,206,207,207,208,212,214,215,215,215,216,218,219,219,219,219,220,221,221,221,223,223,223,223,223,223,223,223,223,223,223,223,223,223,223,223,225,225,225,225,225,225,225,225,225,225,225,225,225,225,225,225,225,225,225,225,225,225,225,225,225,225,225,225,225,225,225,225,225,225,225,225,225,225,225,225,225,225,225,225,225,225,225,225,225,225,225,225,225,225,225,225,225,225,225,225,225,225,225,225,225,225,225,225,225,225,225,225,225,225,225,225,225,225,225,225,225,225,225,225,225,225,225,225,225,225,225,225,225,225,225,225,225,225,225,225,225,225,225,225,225,225,225,225,225,225,225,225,225,225,225,225,225,225,225,225,225,225,225,225,225,225,225,225,225,225,225,225,225,225,225,225,225,225,225,225,225,225,225,225,225,225,225,225,225,225,225,225,225,225,225,225,225,225,225,225,225,225,225,225,225,
0,13,18,22,26,28,29,31,34,39,42,49,54,56,58,61,66,74,79,83,87,89,92,97,99,105,112,118,122,126,128,129,132,134,136,138,140,144,146,147,149,149,149,150,151,152,154,157,157,157,157,158,158,159,160,161,162,163,163,165,167,168,168,170,173,173,175,175,176,176,177,177,180,180,181,182,183,184,185,185,185,185,185,185,186,187,187,187,187,187,187,187,187,187,187,187,187,187,187,187,187,187,187,187,187,187,188,189,189,189,189,190,190,190,190,191,191,191,191,191,191,191,191,191,191,191,192,192,193,193,193,193,193,193,193,193,194,194,194,194,194,194,194,194,194,194,194,194,194,194,194,194,194,194,194,194,194,194,194,194,194,194,194,194,194,194,194,194,194,194,194,194,194,194,194,194,194,194,194,194,194,194,194,194,194,194,194,194,194,194,194,194,194,194,194,194,194,194,194,194,194,194,194,194,194,194,194,194,194,194,194,194,194,194,194,194,194,194,194,194,194,194,194,194,194,194,194,194,194,194,194,194,194,194,194,194,194,194,194,194,194,194,194,194,194,194,194,194,194,194,194,194,194,194,194,194,194,194,194,194,194,194,194,194,194,194,194,194,194,194,194,194,194,194,194,194,194,194,194,194,194,194,194,194,194,194,194,194,194,194,194,194,194,194,194,194,194,194,194,194,194,194,194,194,194,194,194,194,194,194,194,194,194,194,194,194,194,194,194,194,194,194,194,194,194,194,194,194,194,194,194,194,194,194,194,194,194,194,194,194,194,194,194,194,194,194,194,194,194,194,194,194,194,194,194,194,194,194,194,194,194,194,194,194,194,194,194,194,194,194,194,194,194,194,194,194,194,194,194,194,194,194,194,194,194,194,194,194,194,194,194,194,194,194,194,194,194,194,194,194,194,194,194,194,194,194,194,194,194,194,194,194,194,194,194,194,194,194,194,194,194,194,194,194,194,194,194,194,194,194,194,194,194,194,194,194,194,194,194,194,194,194,194,194,194,194,194,194,194,194,194,194,194,194,194,194,194,194,194,194,194,
0,10,14,19,22,26,29,30,30,36,42,46,54,61,66,70,74,75,79,83,88,90,92,92,95,100,101,104,110,112,119,121,122,122,122,124,125,126,127,128,128,130,132,133,135,138,141,142,143,144,144,146,146,146,147,148,148,151,151,151,151,152,153,153,153,153,153,153,153,153,153,153,154,154,154,154,154,154,154,154,154,154,154,154,155,155,155,155,155,155,155,155,155,155,155,155,155,155,155,155,155,155,155,155,155,155,155,155,155,155,155,155,155,155,155,155,155,155,155,155,155,155,155,155,155,155,155,155,155,155,155,155,155,155,155,155,155,155,155,155,155,155,155,155,155,155,155,155,155,155,155,155,155,155,155,155,155,155,155,155,155,155,155,155,155,155,155,155,155,155,155,155,155,155,155,155,155,155,155,155,155,155,155,155,155,155,155,155,155,155,155,155,155,155,155,155,155,155,155,155,155,155,155,155,155,155,155,155,155,155,155,155,155,155,155,155,155,155,155,155,155,155,155,155,155,155,155,155,155,155,155,155,155,155,155,155,155,155,155,155,155,155,155,155,155,155,155,155,155,155,155,155,155,155,155,155,155,155,155,155,155,155,155,155,155,155,155,155,155,
0,6,13,18,21,21,22,28,30,34,38,40,41,47,49,57,58,62,67,71,72,74,76,77,79,81,83,83,87,88,88,88,89,91,91,92,92,92,92,92,92,94,94,95,96,96,97,98,99,99,99,99,100,100,100,100,100,100,101,101,102,102,102,102,102,102,102,102,102,102,102,103,103,104,104,104,104,104,104,104,105,105,105,105,105,105,105,106,106,106,107,107,107,108,108,108,108,108,108,108,108,108,108,108,108,108,108,108,108,108,108,108,108,108,108,108,108,108,108,108,108,108,108,108,108,108,108,108,108,108,108,108,108,108,108,108,108,108,108,108,108,108,108,108,108,108,108,108,108,108,108,108,108,108,108,108,108,108,108,108,108,108,108,108,108,108,108,108,108,108,108,108,108,108,108,108,108,108,108,108,108,108,108,108,108,108,108,108,108,108,108,108,108,108,108,108,108,108,108,108,108,108,108,108,108,108,108,108,108,108,108,108,108,108,108,108,108,108,108,108,108,108,108,108,108,108,108,108,108,108,108,108,108,108,108,108,108,108,
0,7,9,19,21,24,25,27,34,35,36,39,40,42,45,49,50,56,59,66,68,72,73,75,79,81,84,86,89,90,92,93,96,98,99,101,102,105,106,108,111,112,112,114,116,118,118,118,119,120,122,122,123,123,124,125,125,126,126,126,126,127,127,127,127,127,127,127,127,127,127,127,127,127,127,127,127,127,127,128,128,129,130,130,130,130,130,130,130,130,130,130,130,130,130,130,130,130,130,130,130,130,130,130,130,130,130,130,130,130,130,130,130,130,130,130,130,130,130,130,130,130,130,130,130,130,130,130,130,130,130,130,130,130,130,130,130,130,130,130,130,130,130,130,130,130,130,130,130,130,130,130,130,130,130,130,130,130,130,130,130,130,130,130,130,130,130,130,130,130,130,130,130,130,130,130,130,130,130,130,130,130,130,130,130,130,130,130,130,130,130,130,130,130,130,130,130,130,130,130,130,130,130,130,130,130,130,130,130,130,130,130,130,130,130,130,130,130,130,130,130,130,130,130,130,130,130,130,130,130,130,130,130,130,130,130,130,130,130,130,130,130,130,130,130,130,130,130,130,130,130,130,130,130,130,130,130,130,130,130,130,130,130,130,
0,10,16,18,22,27,28,30,32,37,39,41,46,49,52,55,60,62,66,67,71,79,85,89,94,103,107,109,111,112,114,114,115,120,121,124,125,130,132,136,138,139,141,142,144,146,149,150,153,153,155,156,159,161,161,162,163,163,164,165,166,167,168,168,168,168,168,169,172,172,173,173,173,173,173,173,173,173,173,173,174,174,174,174,174,174,174,174,174,174,174,174,174,174,174,174,174,174,174,174,174,174,174,174,175,175,175,175,175,175,175,175,175,175,175,175,175,175,175,175,175,175,175,175,175,175,175,175,175,175,175,175,175,175,175,175,175,175,175,175,175,175,175,175,175,175,175,175,175,175,175,175,175,175,175,175,175,175,175,175,175,175,175,175,175,175,175,175,175,175,175,175,175,175,175,175,175,175,175,175,175,175,175,175,175,175,175,175,175,175,175,175,175,175,175,175,175,175,175,175,175,175,175,175,175,175,175,175,175,175,175,175,175,175,175,175,175,175,175,175,175,175,175,175,175,175,175,175,175,175,175,175,175,175,175,175,175,175,175,175,175,175,175,175,175,175,175,175,175,
0,10,18,20,21,26,31,34,36,38,39,41,45,47,48,49,50,51,51,53,58,63,70,72,75,78,83,89,93,95,98,98,101,102,104,108,111,115,120,125,128,132,138,140,142,144,144,145,146,146,149,152,153,155,156,158,159,160,160,160,160,160,160,161,162,165,165,165,165,165,166,169,170,170,170,170,170,170,171,171,173,173,173,173,173,173,173,173,173,173,173,174,175,175,175,175,175,175,175,175,176,176,177,177,177,177,177,177,177,177,177,177,177,177,177,177,177,177,177,177,177,177,177,177,177,177,177,177,177,177,177,177,177,177,177,177,177,177,177,177,177,177,177,177,177,177,177,177,177,177,177,177,177,177,177,177,177,177,177,177,177,177,177,177,177,177,177,177,177,177,177,177,177,177,177,177,177,177,177,177,177,177,177,177,177,177,177,177,177,177,177,177,177,177,177,177,177,177,177,
0,8,14,18,19,23,28,34,35,37,40,44,46,50,56,59,64,69,73,79,84,86,87,88,93,97,99,102,103,105,106,110,116,117,122,125,127,129,130,132,134,134,137,138,140,141,141,141,141,141,141,141,142,142,145,146,146,146,146,146,146,147,148,149,150,151,151,151,152,153,154,155,156,157,157,158,158,159,161,161,162,162,162,162,162,163,163,163,163,163,163,163,163,163,163,163,163,163,163,163,163,163,163,163,163,163,163,163,163,163,163,163,163,163,163,163,163,163,163,163,163,163,163,163,163,163,163,163,163,163,163,163,163,163,163,163,163,163,163,163,163,163,163,163,163,163,163,163,163,163,163,163,163,163,163,163,163,163,163,163,163,163,163,163,163,163,163,163,163,163,163,163,163,163,163,163,163,163,163,163,163,163,163,163,163,163,163,163,163,163,163,163,163,163,163,163,163,163,163,163,163,163,163,163,163,163,163,163,163,163,163,163,163,163,163,163,163,163,163,163,163,163,163,163,163,163,163,163,163,163,163,163,163,163,163,163,163,163,163,163,163,163,163,163,163,163,163,163,163,163,163,163,163,163,163,163,163,163,163,163,163,163,163,163,163,163,163,163,163,163,163,163,163,163,163,163,163,163,163,163,163,163,163,163,163,163,163,163,163,163,163,163,163,163,163,163,163,
0,10,16,17,21,27,30,33,35,37,40,43,50,54,57,60,64,66,70,70,72,77,79,82,86,89,92,93,97,99,102,105,106,108,109,112,115,117,120,123,125,126,127,129,130,132,133,133,136,136,137,139,139,141,142,142,142,142,142,143,145,145,145,145,145,146,146,146,147,147,147,147,147,147,147,147,147,147,147,147,147,147,148,148,148,148,148,148,148,148,149,149,149,149,149,149,149,149,149,149,149,149,149,149,149,149,149,149,149,149,149,149,149,149,149,149,149,149,149,149,149,149,149,149,149,149,149,149,149,149,149,149,149,149,149,149,149,149,149,149,149,149,149,149,149,149,149,149,149,149,149,149,149,149,149,149,149,149,149,149,149,149,149,149,149,149,149,149,149,149,149,149,
0,12,17,22,22,25,26,26,26,28,29,35,38,40,42,42,46,46,49,52,52,55,57,60,63,65,67,69,70,70,71,73,74,76,77,77,78,78,78,78,78,78,78,78,78,78,78,81,82,83,84,84,84,84,86,87,87,87,88,88,89,90,91,91,91,91,91,91,91,93,93,93,93,93,93,93,93,93,93,93,93,93,94,95,95,96,97,97,97,97,97,98,98,99,100,100,100,100,100,100,100,100,100,100,100,100,100,100,100,100,100,100,100,100,100,100,100,100,100,100,100,100,100,100,100,100,100,100,100,100,100,100,100,100,100,100,100,100,100,100,100,100,100,100,100,100,100,100,100,100,100,100,100,100,100,100,100,100,100,100,100,100,100,100,100,100,100,100,100,100,100,100,100,100,100,100,100,100,100,100,100,100,100,100,100,100,100,100,100,100,100,100,100,100,100,100,100,100,100,100,100,
0,10,11,12,15,16,20,24,27,32,37,41,45,50,59,68,72,75,81,83,88,91,97,99,105,108,111,114,118,121,124,128,130,133,135,138,138,140,141,145,147,150,151,155,158,159,162,165,166,166,167,167,167,167,168,169,169,172,172,175,177,178,180,180,180,181,182,182,182,182,182,182,182,182,183,183,183,184,184,184,184,184,185,186,186,187,188,188,188,188,188,189,189,189,189,189,189,189,190,190,190,190,190,190,191,191,191,191,191,191,191,191,191,191,191,191,191,191,191,191,191,191,191,191,191,191,191,191,191,191,191,191,191,191,191,191,191,191,191,191,191,191,191,191,191,191,191,191,191,191,191,191,191,191,191,191,191,191,191,191,191,191,191,191,191,191,191,191,191,191,191,191,191,191,191,191,191,191,191,191,191,191,191,191,191,191,191,191,191,191,191,191,191,191,191,191,191,191,191,191,191,191,191,191,191,191,191,191,191,191,191,191,191,191,191,191,191,191,191,191,191,191,191,191,191,191,191,191,191,191,191,191,191,191,
0,8,19,22,30,33,37,40,43,51,58,58,64,70,74,80,81,88,96,101,102,108,114,118,120,124,129,132,133,136,140,147,149,154,156,161,161,163,163,167,171,173,176,181,185,188,188,188,190,192,193,194,194,194,194,195,199,200,203,205,206,207,208,212,212,213,216,218,219,221,223,226,227,229,230,230,232,232,232,233,236,236,236,237,238,238,239,241,242,242,242,245,246,246,246,246,247,247,248,250,250,250,252,252,252,252,252,252,253,253,253,253,253,253,253,253,253,253,253,253,254,254,254,254,254,254,254,254,254,255,255,255,255,255,255,255,256,256,256,256,256,256,256,256,256,256,256,256,257,257,257,257,257,257,257,257,257,257,257,257,257,257,257,257,258,258,258,258,258,258,258,258,258,258,259,260,260,260,260,260,260,260,260,260,260,260,260,260,260,260,260,260,260,260,260,260,260,260,260,260,260,260,260,260,260,260,260,260,260,260,260,260,260,260,260,260,260,260,260,260,260,260,260,260,260,260,260,260,260,260,260,260,260,260,260,260,260,260,260,260,260,260,260,
0,7,17,19,22,26,30,34,37,41,45,45,49,50,53,55,58,62,63,63,65,67,70,70,72,77,82,83,85,89,92,94,97,100,100,103,107,108,109,109,109,109,109,109,109,110,110,110,111,112,112,112,112,114,114,114,114,114,117,119,119,120,120,120,120,120,120,120,121,121,121,121,121,121,121,121,121,121,121,121,121,121,122,122,122,122,122,122,122,122,122,122,122,122,122,122,122,122,122,122,122,122,122,122,122,122,122,122,122,122,122,122,122,122,122,122,122,122,122,122,122,122,122,122,122,122,122,122,122,122,122,122,122,122,122,122,122,122,122,122,122,122,122,122,122,122,122,122,122,122,122,122,122,122,122,122,122,122,122,122,122,122,122,122,122,122,122,122,122,122,122,122,122,122,122,122,122,122,122,122,122,122,122,122,122,122,122,122,122,122,122,122,122,122,122,122,122,122,122,122,122,122,122,122,122,122,122,122,122,122,122,122,122,122,122,122,122,122,122,122,122,122,122,122,122,122,122,122,122,122,122,122,122,122,122,122,122,122,122,122,122,122,122,122,122,122,122,122,122,122,122,122,122,122,122,122,122,122,122,122,122,122,122,122,122,122,122,122,122,122,122,122,122,122,122,122,122,122,122,122,122,122,122,122,122,122,122,122,122,122,122,122,
0,10,15,18,23,29,31,32,33,38,41,45,47,51,53,55,58,60,62,65,68,74,79,85,86,90,96,98,100,103,108,112,117,119,121,122,123,124,127,127,128,129,131,131,131,135,136,136,136,137,138,139,139,140,141,141,144,145,146,147,148,148,148,148,148,148,148,148,148,148,149,149,150,151,151,151,151,151,151,151,151,151,151,151,151,151,151,151,151,151,151,151,151,151,151,151,151,151,151,151,151,151,151,151,151,151,151,151,151,151,151,151,151,151,151,151,151,151,151,151,151,151,151,151,151,151,151,151,151,151,151,151,151,151,151,151,151,151,151,151,151,151,151,151,151,151,151,151,151,151,151,151,151,151,151,151,151,151,151,151,151,151,151,151,151,151,151,151,151,151,151,151,151,151,151,151,151,151,151,151,151,151,151,151,151,151,151,151,151,151,151,151,151,151,151,151,151,151,151,151,151,151,151,151,151,151,151,151,151,151,151,151,151,151,151,151,151,151,151,151,151,151,151,151,151,151,151,151,151,151,151,151,151,151,151,151,151,151,151,151,151,151,151,151,151,151,151,151,151,151,151,151,151,151,151,151,151,151,151,151,151,151,151,151,151,151,151,151,151,151,151,151,151,151,
0,10,13,17,24,28,33,38,38,41,43,47,51,53,57,62,66,69,72,76,80,81,82,88,90,95,97,97,99,101,102,102,103,104,104,105,107,109,109,109,110,110,111,113,114,114,114,115,115,115,116,116,116,117,119,119,120,120,121,121,122,122,122,122,122,122,122,123,123,123,123,123,123,123,123,123,123,123,123,124,125,125,126,126,126,126,126,126,126,126,126,126,127,127,127,127,127,127,127,128,128,128,128,128,129,129,129,130,130,130,130,130,130,130,130,130,130,130,130,130,130,130,130,130,130,130,130,130,130,130,130,130,130,130,130,130,130,130,130,130,130,130,130,130,130,130,130,130,130,130,130,130,130,130,130,130,130,130,130,130,130,130,130,130,130,130,130,130,130,130,130,130,130,130,130,130,130,130,130,130,130,130,130,130,130,130,130,130,130,130,130,130,
0,5,9,13,18,20,22,26,29,36,41,41,44,47,52,60,64,65,66,67,72,76,80,83,84,86,89,91,96,100,103,105,106,106,107,109,112,112,112,113,113,113,115,116,117,120,121,121,122,123,124,124,124,124,125,128,128,128,128,128,129,131,131,131,131,131,131,131,131,131,131,131,132,132,132,132,133,133,133,134,134,135,135,136,136,136,136,136,136,136,136,136,136,136,138,138,139,139,140,140,140,140,140,143,143,143,146,146,147,147,147,147,147,147,147,147,147,147,147,147,147,147,147,147,147,147,147,147,147,147,147,147,147,147,147,147,147,147,147,147,147,147,147,147,147,147,147,147,147,147,147,147,147,147,147,147,147,147,147,147,147,147,147,147,147,147,147,147,147,147,147,147,147,147,147,147,147,147,147,147,147,147,147,147,147,147,147,147,147,147,147,147,147,147,147,147,147,147,147,147,147,147,147,147,147,147,147,147,147,147,147,147,147,147,147,147,147,147,147,147,147,147,147,147,147,147,147,147,147,147,147,147,147,147,147,147,147,147,147,147,147,147,147,147,147,147,147,147,147,147,147,147,147,147,147,147,147,147,147,147,147,147,147,
0,10,18,24,29,30,31,34,35,37,40,43,47,51,57,66,71,75,79,85,87,92,94,98,100,108,114,120,123,128,128,134,136,141,141,144,149,153,155,158,159,161,164,166,170,172,176,181,182,184,187,187,188,190,191,194,196,198,198,198,198,202,203,203,205,205,206,207,207,207,207,207,208,209,209,209,210,210,210,210,210,213,214,215,216,217,217,218,218,218,218,218,219,219,219,219,219,219,221,221,222,222,223,223,223,223,223,223,223,223,224,224,224,224,224,224,224,224,224,224,224,224,224,224,224,224,224,224,224,224,224,224,224,224,224,224,224,224,224,224,224,224,224,224,224,224,224,224,224,224,224,224,224,224,224,224,224,224,224,224,224,224,224,224,224,224,224,224,224,224,224,224,224,224,224,224,224,224,224,224,224,224,224,224,224,224,224,224,224,224,224,224,224,224,224,224,224,224,224,224,224,224,224,224,224,224,224,224,224,224,224,224,224,224,224,224,224,224,224,224,224,224,224,224,224,224,224,224,224,224,224,224,224,224,224,224,224,224,224,224,224,224,224,224,224,224,224,224,224,224,224,224,224,224,224,224,224,224,224,224,224,224,224,224,224,224,224,224,224,224,224,224,224,
0,6,14,19,23,26,30,35,38,39,42,46,47,51,57,61,64,67,69,72,74,76,79,82,86,87,88,88,90,92,97,99,103,104,108,108,108,108,108,111,111,112,115,115,115,116,117,118,118,118,118,120,120,121,121,121,121,121,121,122,122,122,122,122,122,122,122,122,122,122,122,122,122,122,122,122,122,123,124,125,125,125,125,125,125,125,125,125,125,125,125,125,125,125,125,125,125,125,125,125,125,125,125,125,125,125,125,125,125,125,125,125,125,125,125,125,125,125,125,125,125,125,125,125,125,125,125,125,125,125,125,125,125,125,125,125,125,125,125,125,125,125,125,125,125,125,125,125,125,125,125,125,125,125,125,125,125,125,125,125,125,125,125,125,125,125,125,125,125,125,125,125,125,125,125,125,125,125,125,125,125,125,125,125,125,125,125,125,125,125,125,125,125,125,125,125,125,125,125,125,125,125,125,125,125,125,125,125,125,125,125,125,125,125,125,125,125,125,125,125,125,125,125,125,125,125,125,125,125,125,125,125,125,125,125,125,125,125,125,125,125,125,125,125,125,125,125,125,125,125,125,125,125,125,
0,15,17,23,26,31,36,38,40,43,46,51,53,55,60,64,68,69,72,75,78,85,88,91,92,95,100,104,106,107,109,111,113,114,115,118,120,122,122,122,124,125,127,128,129,132,133,135,137,139,140,140,140,140,141,142,143,143,143,147,147,149,150,152,154,155,155,156,157,158,158,160,160,161,162,162,162,164,166,166,168,168,169,172,172,172,174,175,176,178,179,180,181,181,181,183,183,184,185,187,187,188,189,189,189,189,189,189,190,190,190,191,192,193,193,195,195,198,198,198,198,198,198,198,198,198,198,198,198,200,200,201,201,201,201,201,201,201,204,204,204,205,205,205,205,206,206,206,206,206,206,206,206,206,206,206,206,206,206,206,206,206,206,206,206,206,206,206,206,206,206,206,206,206,206,206,207,207,207,207,208,208,208,208,208,210,210,210,210,210,210,210,210,210,210,210,210,210,210,210,210,210,210,210,210,210,210,210,210,210,210,210,210,210,210,210,210,210,210,210,210,210,210,210,210,210,210,210,210,210,210,210,210,210,210,210,210,210,210,210,210,210,210,210,210,210,210,210,210,210,210,210,210,210,210,210,210,210,210,210,210,210,210,210,210,210,210,210,210,210,210,210,210,210,210,210,210,210,210,210,210,210,210,210,210,210,210,210,210,210,210,210,210,210,210,210,210,210,210,210,210,210,210,210,210,210,210,210,210,210,210,210,210,210,210,210,210,210,210,210,210,210,210,210,210,
0,11,15,17,20,25,30,31,37,40,42,42,47,50,57,60,67,69,76,79,83,85,91,92,96,99,101,105,105,110,115,119,122,125,128,129,129,131,133,136,138,139,140,142,145,146,148,148,149,151,151,152,154,156,156,157,157,158,160,160,160,160,160,160,160,160,160,160,160,160,160,160,160,160,160,160,160,160,160,160,160,160,160,160,160,160,160,160,160,160,160,160,160,160,160,160,160,160,160,160,160,160,160,160,160,160,160,160,160,160,160,160,160,160,160,160,160,160,160,160,160,160,160,160,160,160,160,160,160,160,160,160,160,160,160,160,160,160,160,160,160,160,160,160,160,160,160,160,160,160,160,160,160,160,160,160,160,160,160,160,160,160,160,160,160,160,160,160,160,160,160,160,160,160,160,160,160,160,160,160,160,160,160,160,160,160,160,160,160,160,160,160,160,160,160,160,160,160,160,160,160,160,160,160,160,160,160,160,160,160,160,160,160,160,160,160,160,160,160,160,160,160,160,160,160,160,160,160,160,160,160,160,160,160,160,160,160,160,160,160,160,160,160,160,160,160,160,160,160,160,160,160,160,160,
0,7,10,13,16,19,20,27,30,34,35,41,42,46,50,54,57,60,62,65,66,67,68,69,70,70,73,77,78,80,83,90,92,94,98,104,106,112,117,119,121,124,125,128,132,132,134,134,135,135,138,140,140,141,143,143,143,143,143,144,144,145,145,145,145,146,146,146,148,148,148,148,149,149,149,149,149,149,149,149,149,149,149,149,150,150,150,151,151,152,152,152,153,153,153,153,154,154,155,155,155,155,155,155,155,155,155,155,155,157,157,157,157,157,158,159,159,160,160,160,160,160,160,160,160,161,161,161,161,161,161,161,161,161,162,162,162,162,162,162,162,163,163,163,163,163,163,163,163,163,163,163,163,163,163,163,163,163,163,163,163,163,163,163,163,163,163,163,163,163,163,163,163,163,163,164,164,164,164,164,164,164,164,164,164,164,164,164,164,164,164,164,164,164,164,164,164,164,164,164,164,164,164,164,164,164,164,164,164,164,164,164,164,164,164,164,164,164,164,164,164,164,164,164,164,164,164,164,164,164,164,164,164,164,164,164,164,164,164,164,164,164,164,164,164,164,164,164,164,164,164,164,164,164,164,164,164,164,164,164,164,164,164,164,164,164,164,164,164,164,164,164,164,164,164,164,164,164,164,164,164,164,164,164,164,
0,10,13,17,23,25,27,29,33,35,38,40,42,46,51,52,57,62,69,77,82,86,94,98,100,106,114,117,119,121,122,125,125,128,131,134,135,138,139,143,143,146,149,150,155,157,160,162,165,166,167,169,170,172,173,173,176,178,179,180,180,181,181,185,187,187,187,188,188,190,190,191,193,194,195,196,198,199,199,199,200,200,200,200,200,202,203,203,203,203,203,203,204,204,204,204,204,204,204,204,204,204,204,204,204,204,204,204,204,204,204,204,204,204,204,204,204,204,204,204,204,204,204,204,204,204,204,204,204,204,204,204,204,204,204,204,204,204,204,204,204,204,204,204,204,204,204,204,204,204,204,204,204,204,204,204,204,204,204,204,204,204,204,204,204,204,204,204,204,204,204,204,204,204,204,204,204,204,204,204,204,204,204,204,204,204,204,204,204,204,204,204,204,204,204,204,204,204,204,204,204,204,204,204,204,204,204,204,204,204,204,204,204,204,204,204,204,204,204,204,204,204,204,204,204,204,204,204,204,204,204,204,204,204,204,204,204,204,204,204,
0,9,15,20,21,24,30,33,38,41,44,47,48,49,50,52,54,61,62,63,63,64,67,71,72,73,74,78,81,82,82,82,82,82,84,84,84,85,85,87,88,88,88,88,88,88,89,89,91,92,93,93,93,94,94,94,94,97,98,99,99,100,101,101,102,102,103,106,107,109,109,109,110,110,110,111,111,111,112,113,113,113,114,115,115,115,115,115,116,116,116,117,117,117,117,117,117,117,117,117,117,117,117,117,117,117,117,117,117,117,117,117,117,117,117,117,118,118,118,118,118,119,119,119,119,119,120,120,120,120,120,120,120,120,120,120,120,120,120,120,120,120,120,120,120,120,120,120,120,120,120,120,120,120,120,120,120,120,120,120,120,120,120,120,120,120,120,120,120,120,120,120,120,120,120,120,120,120,120,120,120,120,120,120,120,120,120,120,120,120,120,120,120,120,120,120,120,120,120,120,120,120,120,120,120,120,120,120,120,120,120,120,120,120,120,120,120,120,120,120,120,120,120,120,120,120,120,120,120,120,120,120,120,120,120,120,120,120,120,120,120,120,120,120,120,120,120,120,120,
0,13,20,26,26,28,33,35,40,44,45,46,49,53,56,57,58,58,58,61,64,66,71,76,78,82,85,85,88,89,90,90,93,95,95,98,99,101,104,106,107,109,112,112,112,112,114,114,117,117,118,118,120,122,122,124,124,124,124,124,124,125,125,126,128,128,128,129,130,130,130,130,130,130,130,131,132,132,133,133,133,134,135,136,136,136,137,137,138,138,138,138,138,139,139,139,139,139,139,139,140,140,140,140,141,141,141,141,141,141,142,142,142,142,142,142,142,142,142,142,142,142,142,142,142,142,142,142,142,142,142,142,142,142,142,142,142,142,142,142,142,142,142,142,142,142,142,142,142,142,142,142,142,142,142,142,142,142,142,142,142,142,142,142,142,142,142,142,142,142,142,142,142,142,142,142,142,142,142,142,142,142,142,142,142,142,142,142,142,142,142,142,142,
0,7,12,15,16,22,23,23,26,29,31,32,32,33,34,34,36,39,39,42,43,43,44,46,50,52,53,53,53,56,57,58,60,60,60,61,62,62,63,63,64,65,66,67,70,71,72,72,72,72,72,73,74,75,76,76,77,78,78,78,78,78,78,78,80,80,81,81,81,81,82,82,82,83,83,85,86,87,87,87,87,87,87,87,88,88,88,88,88,88,88,88,88,88,88,88,88,88,88,88,88,88,88,88,88,88,88,88,88,88,88,88,88,88,88,88,88,88,88,88,88,88,88,88,88,88,88,88,88,88,88,88,88,88,88,88,88,88,88,88,88,88,88,88,88,88,88,88,88,88,88,88,88,88,88,88,88,88,88,88,88,88,88,88,88,88,88,88,88,88,88,88,88,88,88,88,88,88,88,88,88,88,88,88,88,88,88,88,88,88,88,88,88,88,88,88,88,88,88,88,88,88,88,88,88,88,88,88,88,88,88,88,88,88,88,88,88,88,88,88,88,88,88,88,88,88,88,88,88,88,88,88,88,88,88,88,88,88,88,88,88,88,88,88,88,88,88,88,88,88,88,88,88,88,88,88,88,88,88,88,88,88,88,88,88,88,88,88,88,88,88,88,88,88,88,88,88,88,88,88,88,88,88,88,88,88,88,88,88,88,88,88,88,88,88,88,88,88,88,88,88,88,88,88,88,88,88,88,88,88,88,88,88,88,88,88,88,88,88,88,88,88,88,88,88,88,88,88,88,88,88,88,88,88,88,88,88,88,88,88,88,88,88,88,88,88,88,88,88,88,88,88,88,88,88,88,88,88,88,88,88,88,88,88,88,88,88,88,88,88,88,88,88,88,88,88,88,88,88,88,88,88,88,88,88,88,88,88,88,88,88,88,88,88,88,88,88,88,88,88,88,88,88,88,88,88,88,88,88,88,88,88,88,88,88,88,88,88,88,88,88,88,88,88,88,88,88,88,88,88,88,88,88,88,88,88,88,88,88,88,88,88,88,88,
0,10,16,19,20,24,28,31,32,35,36,38,40,42,44,45,47,47,49,53,57,57,57,60,63,66,71,72,78,80,82,83,91,95,99,103,106,109,109,110,112,114,116,116,116,117,120,120,120,120,120,121,121,121,122,122,124,125,126,128,128,128,128,130,130,130,131,132,134,134,134,134,134,134,136,136,136,136,136,137,137,138,138,138,138,138,138,139,139,139,139,139,139,139,139,139,139,140,140,140,140,140,140,140,140,140,140,140,140,140,140,140,140,140,140,140,140,140,140,140,140,140,140,140,140,140,140,140,140,140,140,140,140,140,140,140,140,140,140,140,140,140,140,140,140,140,140,140,140,140,140,140,140,140,140,140,140,140,140,140,140,140,140,140,140,140,140,140,140,140,140,140,140,140,140,140,140,140,140,140,140,140,140,140,140,140,140,140,140,140,140,140,140,140,140,140,140,140,140,140,140,140,140,140,
0,7,15,18,19,23,25,27,32,36,38,39,42,46,49,52,54,57,59,62,65,69,72,77,80,85,89,92,96,99,102,104,107,109,112,113,114,115,115,118,120,124,127,128,131,132,132,135,136,136,139,139,140,140,141,145,147,149,149,151,151,153,154,156,157,157,157,157,157,158,159,159,159,159,159,160,162,162,162,162,164,164,164,164,165,166,166,166,166,166,166,166,166,166,166,166,167,167,167,168,169,169,170,170,172,172,174,174,174,174,174,174,174,174,174,174,174,175,175,175,175,176,177,177,177,178,178,178,178,178,178,178,178,178,178,178,178,178,178,178,178,178,178,178,178,178,178,178,178,178,178,178,178,178,178,178,178,178,178,178,178,178,178,178,178,178,178,178,178,178,178,178,178,178,178,178,178,178,178,178,178,178,178,178,178,178,178,178,178,178,178,178,178,178,178,178,178,178,178,178,178,178,178,178,178,178,178,178,178,178,178,178,178,178,178,178,178,178,178,178,178,178,178,178,178,178,178,178,178,178,178,178,178,178,178,178,178,178,178,178,178,178,178,178,178,178,178,178,178,178,178,178,178,178,178,178,178,178,178,178,178,178,178,178,178,178,178,178,178,178,178,178,178,178,178,178,178,178,178,178,178,178,178,178,178,178,178,178,178,178,178,178,178,178,
0,9,16,23,26,27,31,34,37,40,42,45,49,50,52,54,54,62,64,69,74,78,82,85,92,99,103,104,106,108,113,116,122,125,127,128,131,134,137,138,138,139,139,141,141,142,144,145,146,148,150,151,154,155,155,155,157,158,159,160,160,160,162,163,163,163,165,167,169,172,173,173,173,173,173,173,173,174,175,175,176,178,180,180,180,180,182,183,183,183,183,183,183,183,183,183,183,183,183,183,183,183,183,183,183,183,183,183,183,183,183,183,183,183,183,183,183,183,183,183,183,183,183,183,183,183,183,183,183,183,183,183,183,183,183,183,183,183,183,183,183,183,183,183,183,183,183,183,183,183,183,183,183,183,183,183,183,183,183,183,183,183,183,183,183,183,183,183,183,183,183,183,183,183,183,183,183,183,183,183,183,183,183,183,183,183,183,183,183,183,183,183,183,183,183,183,183,183,183,183,183,183,183,183,183,183,183,183,183,183,183,183,183,183,183,183,183,183,183,183,183,183,183,183,183,183,183,183,183,183,183,183,183,183,183,183,183,183,183,183,183,183,183,183,183,183,183,183,183,
0,13,19,23,26,32,34,40,42,48,50,56,58,67,71,75,77,79,85,92,99,101,110,115,118,121,124,127,132,134,139,143,146,147,149,153,155,160,160,161,163,164,166,166,170,172,173,173,176,176,177,178,181,182,183,184,185,186,186,188,188,189,190,192,193,194,194,195,196,196,196,196,197,198,199,199,201,201,201,201,201,201,201,204,205,205,205,206,206,206,206,206,206,206,206,206,206,206,206,206,206,207,207,207,207,207,207,207,207,207,207,207,207,207,207,207,207,207,207,207,208,208,208,208,208,208,208,208,208,208,208,208,208,208,208,208,208,208,208,208,208,208,208,208,208,208,208,208,208,208,208,208,208,208,208,208,208,208,208,208,208,208,208,208,208,208,208,208,208,208,208,208,208,208,208,208,208,208,208,208,208,208,208,208,208,208,208,208,208,208,208,208,208,208,208,208,208,208,208,208,208,208,208,208,208,208,208,208,208,208,208,208,208,208,208,208,208,208,208,208,208,208,208,208,208,208,208,208,208,208,208,208,208,208,208,208,208,208,208,208,208,208,208,208,208,208,208,208,208,208,208,208,208,208,208,208,208,208,208,208,208,208,208,208,208,208,208,208,208,208,208,208,208,208,208,208,208,208,208,208,208,208,208,208,208,208,208,208,208,208,208,208,208,208,208,208,208,208,208,208,208,208,208,208,208,208,208,208,208,208,208,208,208,208,208,208,208,208,208,208,208,208,208,208,208,208,208,208,208,208,208,208,208,208,208,208,208,208,208,208,208,208,208,208,208,208,
0,10,13,21,23,28,30,31,32,36,36,37,38,39,40,44,47,47,49,53,53,54,59,61,62,64,66,68,68,69,69,71,74,77,77,77,81,84,84,86,86,87,90,91,92,94,95,96,97,98,98,98,98,98,99,99,99,100,100,102,102,102,102,102,102,102,103,103,103,103,103,103,103,103,103,103,103,103,103,103,103,103,103,103,103,104,104,105,105,105,105,105,105,105,105,105,105,105,105,105,105,105,105,105,105,105,105,105,105,105,105,105,105,105,105,105,105,105,105,105,105,105,105,105,105,105,105,105,105,105,105,105,105,105,105,105,105,105,105,105,105,105,105,105,105,105,105,105,105,105,105,105,105,105,105,105,105,105,105,105,105,105,105,105,105,105,105,105,105,105,105,105,105,105,105,105,105,105,105,105,105,105,105,105,105,105,105,105,105,105,105,105,105,105,105,105,105,105,105,105,105,105,105,105,105,105,105,105,105,105,105,105,105,105,
0,10,17,20,26,29,32,32,38,39,44,48,53,56,59,61,65,67,72,77,82,85,90,94,99,105,107,112,115,117,122,125,127,131,138,139,144,144,147,149,150,151,152,155,157,160,160,162,166,167,167,168,169,170,173,173,174,176,177,177,180,181,182,182,182,184,185,185,188,188,188,188,188,190,190,190,191,191,191,193,194,194,194,194,194,194,196,198,198,198,198,198,198,198,198,198,199,200,200,200,200,200,200,200,200,200,200,200,200,200,200,200,200,200,200,200,200,200,200,200,200,200,200,200,200,200,200,200,200,200,200,200,200,200,200,200,200,200,200,200,200,200,200,200,200,200,200,200,200,200,200,200,200,200,200,200,200,200,200,200,200,200,200,200,200,200,200,200,200,200,200,200,200,200,200,200,200,200,200,200,200,200,200,200,200,200,200,200,200,200,200,200,200,200,200,200,200,200,200,200,200,200,200,200,200,200,200,200,200,200,200,200,200,200,200,200,200,200,200,200,200,200,200,200,200,200,200,200,200,200,200,200,200,200,200,200,200,200,200,200,200,200,200,200,200,200,200,200,200,200,200,200,
0,7,10,18,22,25,29,33,34,38,41,45,50,51,60,63,68,69,72,75,77,80,84,88,92,93,96,100,104,108,109,113,116,116,118,119,122,123,123,124,125,126,128,129,129,129,129,129,130,130,131,132,132,132,133,133,133,133,133,134,134,135,136,136,136,136,136,136,136,136,136,136,136,136,136,136,136,136,136,136,136,136,136,136,136,136,136,136,136,136,136,136,136,136,136,136,136,136,136,136,136,136,136,136,136,136,136,136,136,136,136,136,136,136,136,136,136,136,136,136,136,136,136,136,136,136,136,136,136,136,136,136,136,136,136,136,136,136,136,136,136,136,136,136,136,136,136,136,136,136,136,136,136,136,136,136,136,136,136,136,136,136,136,136,136,136,136,136,136,136,136,136,136,136,136,136,136,136,136,136,136,136,136,136,136,136,136,136,136,136,136,136,136,136,136,136,136,136,136,136,136,136,136,136,136,136,136,136,136,136,136,136,136,136,136,136,136,136,136,136,136,136,136,136,136,136,136,136,136,136,136,
0,4,8,13,17,22,24,30,37,39,43,45,46,50,52,59,64,68,72,75,77,82,87,89,93,96,99,100,105,106,108,112,112,115,117,120,123,125,125,126,126,127,128,129,129,129,129,130,130,130,131,131,134,134,134,134,135,136,137,137,138,138,138,138,138,138,138,138,138,138,138,138,138,139,139,139,139,139,139,139,139,139,139,139,139,139,139,139,139,139,139,139,139,139,139,139,139,139,139,139,139,139,139,139,139,139,139,139,139,139,139,139,139,139,139,139,139,139,139,139,139,139,139,139,139,139,139,139,139,139,139,139,139,139,139,139,139,139,139,139,139,139,139,139,139,139,139,139,139,139,139,139,139,139,139,139,139,139,139,139,139,139,139,139,139,139,139,139,139,139,139,139,139,139,139,139,139,139,139,139,139,139,139,139,139,139,139,139,139,139,139,139,139,139,139,139,139,139,139,139,139,139,139,139,139,139,139,139,139,139,139,139,139,139,139,139,139,139,139,139,139,139,139,139,139,139,139,139,139,139,139,139,139,139,139,139,139,139,139,139,139,139,139,139,139,139,139,139,139,139,139,139,139,139,139,139,139,139,139,139,139,139,139,139,139,139,139,139,139,139,139,139,139,139,139,139,
0,9,14,18,23,26,29,32,35,38,38,38,41,42,43,43,46,48,49,49,55,56,59,64,66,66,67,67,68,69,70,72,73,74,75,75,76,78,78,79,80,81,81,82,85,87,87,87,88,90,92,92,92,94,97,98,99,100,101,102,102,102,103,104,106,107,111,113,114,114,115,115,118,118,118,119,119,119,121,121,121,122,122,122,123,123,123,124,124,124,125,126,127,128,128,128,128,128,128,128,129,129,129,129,129,129,129,129,129,129,129,129,129,129,129,129,129,129,129,129,129,129,129,129,129,129,129,129,129,129,129,129,129,129,129,129,129,129,129,129,129,129,129,129,129,129,129,129,129,129,129,129,129,129,129,129,129,129,129,129,129,129,129,129,129,129,129,129,129,129,129,129,129,129,129,129,129,129,129,129,
0,10,17,23,31,37,38,45,46,48,50,50,54,58,59,65,65,68,70,75,75,78,81,81,84,86,87,90,93,95,96,98,100,101,102,103,105,106,107,108,108,111,112,114,116,119,120,120,120,123,123,123,123,123,123,124,124,124,124,125,125,125,125,127,127,127,128,128,129,131,131,132,132,133,134,134,134,135,135,135,135,135,135,135,135,135,135,135,136,136,136,136,136,136,137,137,137,137,137,137,137,137,137,137,137,137,137,137,137,137,137,137,137,137,137,137,137,137,137,137,137,137,137,137,137,137,137,137,137,137,137,137,137,137,137,137,137,137,137,137,137,137,137,137,137,137,137,137,137,137,137,137,137,137,137,137,137,137,137,137,137,137,137,137,137,137,137,137,137,137,137,137,137,137,137,137,137,137,137,137,137,137,137,137,137,137,137,137,137,137,137,137,137,137,137,137,137,137,137,137,137,137,137,137,137,137,137,137,137,137,137,137,137,137,137,137,137,137,137,137,137,137,137,137,137,137,137,137,137,137,137,137,137,137,137,137,137,137,137,137,137,137,137,137,137,137,137,137,137,137,137,137,137,137,137,137,137,137,137,137,137,137,137,137,137,137,137,137,137,137,137,137,137,137,137,137,137,137,137,137,137,137,137,
0,11,20,22,23,27,33,37,37,42,45,48,50,52,56,62,63,69,72,73,77,81,86,90,91,95,96,99,101,102,104,108,111,111,112,114,118,119,121,122,125,126,126,127,128,129,129,129,129,130,130,130,130,130,131,131,131,131,131,131,131,131,131,131,131,131,131,131,131,131,131,131,131,131,131,131,131,131,131,131,131,131,131,131,131,131,131,131,131,131,131,131,131,131,131,131,131,131,131,131,131,131,131,131,131,131,131,131,131,131,131,131,131,131,131,131,131,131,131,131,131,131,131,131,131,131,131,131,131,131,131,131,131,131,131,131,131,131,131,131,131,131,131,131,131,131,131,131,131,131,131,131,131,131,131,131,131,131,131,131,131,131,131,131,131,131,131,131,131,131,131,131,131,131,131,131,131,131,131,131,131,131,131,131,131,131,131,131,131,131,131,131,131,131,131,131,131,131,131,131,131,131,131,131,131,131,131,131,131,131,131,131,131,131,131,131,131,131,131,131,131,131,131,131,131,131,131,131,131,131,131,131,131,131,131,131,131,131,131,131,
0,9,15,20,22,24,26,28,30,35,40,43,46,47,49,50,56,59,64,67,68,74,76,79,85,87,87,87,88,89,90,92,93,95,97,97,98,99,100,101,103,103,103,104,104,106,106,106,107,107,109,109,109,110,111,111,112,112,113,113,114,114,114,115,115,115,115,116,116,117,117,118,118,119,121,121,121,121,121,122,122,122,122,123,124,124,124,124,124,124,124,124,124,124,125,125,125,125,125,125,126,126,126,126,126,126,126,126,127,127,128,129,129,130,130,130,131,132,132,132,132,132,132,133,133,133,133,134,134,134,134,134,134,134,135,135,135,136,136,136,136,136,136,136,137,137,137,137,137,137,137,137,137,137,137,137,137,137,137,137,137,137,137,137,137,137,137,137,137,137,137,137,137,137,137,137,137,137,137,137,137,137,137,137,137,137,137,137,137,137,137,137,137,137,137,137,137,137,137,137,137,137,137,137,137,137,137,137,137,137,137,137,137,137,137,137,137,137,137,137,137,137,137,137,137,137,137,137,137,137,137,137,137,137,137,137,137,137,137,137,137,137,137,137,137,137,137,137,137,137,137,137,137,137,137,137,137,137,137,137,137,137,137,137,137,137,137,137,137,137,137,137,137,137,137,137,137,137,137,137,137,137,137,137,137,137,137,137,137,137,137,137,137,137,137,137,137,137,137,137,137,137,137,137,137,137,137,137,137,137,137,137,137,137,137,137,137,137,137,137,137,137,137,137,137,137,137,137,137,137,137,137,137,137,137,137,137,137,137,137,137,137,137,
0,12,17,21,25,32,36,40,43,48,50,56,57,68,73,80,84,90,96,99,100,102,105,109,110,112,115,120,125,127,130,135,141,143,146,147,149,152,155,156,157,160,163,166,167,170,172,174,174,175,177,178,178,179,181,181,183,184,186,186,187,187,188,189,190,191,192,194,196,197,198,200,202,203,205,205,205,205,206,208,210,211,211,211,211,212,212,212,212,212,212,213,214,214,214,215,215,215,215,216,216,217,217,217,217,217,218,219,220,220,220,220,221,222,224,225,225,225,225,225,225,225,225,225,225,225,225,225,225,225,225,225,225,225,225,225,225,225,225,225,225,225,225,225,225,226,226,226,226,226,226,226,226,226,226,226,226,226,226,226,226,226,226,226,226,226,226,226,226,226,226,226,226,226,226,226,226,226,226,226,226,226,226,226,226,226,226,226,226,226,226,226,226,226,226,226,226,226,226,226,226,226,226,226,226,226,226,226,226,226,226,226,226,226,226,226,226,226,226,226,226,226,226,226,226,226,226,226,226,226,226,226,226,226,226,226,226,226,226,226,226,226,226,226,226,226,226,226,226,226,226,226,226,226,226,226,226,226,226,226,226,226,226,226,226,226,226,226,226,226,226,226,226,226,226,226,226,226,226,226,226,226,226,226,226,226,226,226,226,226,226,226,226,226,226,226,226,226,226,226,226,226,226,226,226,226,226,226,226,226,226,226,226,226,226,226,226,226,226,226,226,226,226,226,226,226,226,226,226,226,226,226,226,
0,9,17,19,22,24,27,29,34,37,38,38,42,46,49,49,51,57,57,63,68,71,74,75,80,83,84,86,89,91,92,96,97,100,102,103,105,109,112,113,114,115,117,118,119,123,123,123,123,126,126,128,129,130,130,130,131,131,131,132,134,134,140,140,140,142,142,143,144,144,144,145,146,146,146,146,147,147,147,147,147,148,148,148,148,148,148,148,148,148,149,149,149,149,149,149,149,149,149,149,149,150,150,150,150,151,151,151,151,151,152,152,152,152,152,152,152,152,152,152,152,152,152,152,152,152,152,152,152,152,152,152,152,152,152,152,152,152,152,152,152,152,152,152,152,153,153,153,153,154,154,154,154,155,155,155,155,155,156,156,156,157,157,157,157,157,157,157,157,157,158,159,159,159,159,159,159,159,159,159,160,160,160,160,160,160,160,162,163,163,164,164,164,165,165,165,165,166,166,166,166,167,167,167,167,167,167,167,167,167,167,167,167,167,167,167,167,168,168,168,168,168,168,168,168,168,168,168,168,168,168,168,168,168,168,168,168,168,168,168,168,168,168,168,168,168,168,168,168,168,168,
0,11,15,20,24,30,37,43,43,43,43,44,45,47,49,50,52,55,58,60,61,61,65,67,69,69,71,74,75,75,78,80,82,83,85,86,87,88,88,89,90,91,91,96,96,97,98,101,104,104,104,104,105,105,109,109,110,111,111,111,111,111,112,112,112,112,112,114,115,115,115,116,117,117,117,117,117,117,118,119,119,119,119,119,119,120,120,121,121,121,121,121,121,121,121,121,121,121,122,122,122,123,123,123,123,123,123,123,123,123,123,123,123,123,123,123,123,123,123,123,123,123,123,123,123,123,123,123,123,123,123,123,123,123,123,123,123,123,123,123,123,123,123,123,123,123,123,123,123,123,123,123,123,123,123,123,123,123,123,123,123,123,123,123,123,123,123,123,123,123,123,123,123,123,123,123,123,123,123,123,123,123,123,123,123,123,123,123,123,123,123,123,123,123,123,123,123,123,123,123,123,123,123,123,123,123,123,123,123,123,123,123,123,123,123,123,123,123,123,123,123,123,123,123,123,123,123,123,123,123,123,123,123,123,123,123,123,123,123,123,123,123,123,123,123,123,123,123,123,123,123,
0,9,13,16,19,20,21,24,27,31,32,33,33,34,34,36,39,39,39,40,40,40,40,40,41,42,42,43,46,46,46,46,47,48,52,54,58,58,59,59,59,60,61,63,63,63,63,63,63,63,63,63,63,63,63,63,64,64,64,64,64,65,66,66,67,69,69,69,69,70,70,70,70,70,71,72,72,72,74,74,74,75,76,76,76,76,76,76,76,76,76,76,77,78,78,78,78,78,78,79,79,79,79,79,79,79,79,79,79,79,79,79,79,79,79,79,79,79,79,79,79,79,79,79,79,79,79,79,79,79,79,79,79,79,80,80,80,81,81,81,81,81,81,81,81,81,81,81,81,81,81,81,81,81,81,81,81,81,81,81,81,81,81,81,81,81,81,81,81,81,81,81,81,81,81,81,81,81,81,81,81,81,81,81,
0,13,17,24,27,27,30,30,33,33,35,37,42,47,54,59,64,72,75,80,84,87,91,95,102,106,110,114,120,123,131,134,139,145,149,153,160,168,170,173,177,180,183,186,189,194,197,201,205,205,207,209,212,215,216,216,218,219,221,223,225,226,229,229,230,232,235,235,235,235,235,235,235,235,235,236,237,237,237,238,239,239,242,244,245,245,246,246,248,250,251,251,252,252,252,252,252,252,252,252,253,253,253,253,253,253,255,256,256,256,256,256,257,257,257,257,257,257,258,259,259,259,260,260,260,261,262,262,262,263,264,265,265,265,266,266,266,266,266,266,266,266,267,267,267,267,267,267,267,267,267,267,267,267,267,267,267,267,267,267,267,267,267,267,267,267,267,267,267,267,267,267,267,267,267,267,267,267,267,267,267,267,267,267,267,267,267,267,268,268,268,268,268,268,268,268,268,268,268,268,268,268,268,268,269,269,269,269,269,269,269,269,269,269,269,269,269,269,269,269,269,269,269,269,269,269,269,269,269,269,269,269,269,269,269,269,269,269,269,269,269,269,269,269,269,269,269,269,269,269,269,269,269,269,269,269,269,
0,10,17,18,23,27,29,33,36,40,44,45,50,51,57,58,62,67,69,72,76,78,79,86,92,97,99,101,106,110,116,120,123,126,127,129,133,138,139,140,142,142,144,146,148,149,149,149,150,150,152,153,153,153,154,154,154,155,155,156,156,156,157,157,157,158,160,161,161,165,165,166,168,168,170,170,170,170,170,173,174,175,176,177,177,177,178,178,179,179,180,180,181,181,182,182,182,183,183,185,185,186,187,187,187,187,187,187,188,188,188,188,188,188,188,188,188,188,188,188,188,188,188,188,188,188,188,188,188,188,188,188,188,188,188,188,188,188,188,188,188,188,188,188,188,188,188,188,188,188,188,188,188,188,188,188,188,188,188,188,188,188,188,188,188,188,188,188,188,188,188,188,188,188,188,188,188,188,188,188,188,188,188,188,188,188,188,188,188,188,188,188,188,188,188,188,188,188,188,188,188,188,188,188,188,188,188,188,188,188,188,188,188,188,188,188,188,188,188,188,188,188,188,188,188,188,188,188,188,188,188,188,188,188,188,188,188,188,188,188,188,188,188,188,188,188,188,188,
0,10,11,15,21,21,29,32,34,38,44,51,56,59,65,73,79,86,91,92,96,97,99,101,105,109,114,115,118,119,121,121,123,125,128,132,134,135,136,138,141,141,141,144,145,146,147,149,149,149,151,152,153,156,156,158,159,161,162,162,162,163,164,165,166,166,166,167,167,167,167,167,167,167,167,167,167,167,167,167,167,168,168,168,168,168,168,168,169,169,169,169,169,170,171,171,171,172,172,172,172,172,174,174,174,174,174,174,174,174,174,174,174,174,174,174,174,174,174,174,174,174,174,176,176,176,176,176,176,176,177,177,177,177,178,178,179,179,179,179,179,179,181,181,181,181,181,181,181,181,181,181,181,182,183,183,183,184,185,185,186,187,190,190,190,190,190,190,190,190,190,190,190,191,191,191,191,191,191,191,191,191,191,191,191,191,191,191,191,191,191,191,191,191,191,191,191,191,191,191,191,191,191,191,191,191,191,191,191,191,
0,10,17,19,20,26,26,30,35,37,40,44,47,49,55,57,62,64,70,74,79,86,91,98,107,113,115,121,124,126,132,135,139,142,142,143,145,146,147,148,154,155,157,161,164,165,167,167,169,170,170,172,177,179,180,182,182,184,186,187,188,189,189,190,190,192,192,193,194,194,195,197,197,198,198,199,200,200,202,202,202,202,202,203,203,203,204,204,204,204,205,205,205,206,207,208,208,208,208,208,209,209,209,209,210,210,210,210,210,210,210,210,210,210,210,210,210,210,210,210,210,210,210,210,210,210,210,210,210,210,210,210,210,210,210,210,210,210,210,210,210,210,210,210,210,210,210,210,210,210,210,210,210,210,210,210,210,210,210,210,210,210,210,210,210,210,210,210,210,210,210,210,210,210,210,210,210,210,210,210,210,210,210,210,210,210,210,210,210,210,210,210,210,210,210,210,210,210,210,210,210,210,210,210,210,210,210,210,210,210,210,210,210,210,210,210,210,210,210,210,210,210,210,210,210,210,210,210,210,210,210,
0,13,14,18,22,24,28,28,32,33,35,35,36,37,38,39,39,42,43,47,49,53,55,57,59,60,65,69,74,75,76,78,78,81,82,85,87,87,89,90,90,90,91,93,94,94,96,98,100,102,103,103,103,105,108,110,110,112,114,115,115,116,116,117,118,119,119,121,121,121,121,121,121,121,121,121,121,121,121,121,121,121,121,121,121,122,122,122,122,122,122,122,122,122,122,122,122,122,122,122,122,122,122,122,122,122,122,122,122,122,122,122,122,122,122,122,122,122,122,122,122,122,122,122,122,122,122,122,122,122,122,122,122,122,122,122,122,122,122,122,122,122,122,122,122,122,122,122,122,122,122,122,122,122,122,122,122,122,122,122,122,122,122,122,122,122,122,122,122,122,122,122,122,122,122,122,122,122,122,122,122,122,122,122,122,122,122,122,122,122,122,122,122,122,122,122,122,122,122,122,122,122,122,122,122,122,122,122,122,122,122,122,122,122,122,122,122,122,122,122,122,122,122,122,122,122,122,122,122,122,122,122,122,122,122,122,122,122,122,122,122,122,122,122,122,122,122,122,122,122,122,122,122,122,122,122,122,122,122,122,122,122,122,122,122,122,122,122,122,122,122,122,122,122,122,122,122,122,122,122,122,122,122,122,122,122,122,122,122,122,122,122,122,122,122,122,122,122,122,122,122,122,122,122,122,122,122,122,122,122,122,122,122,122,122,122,122,122,122,122,122,122,122,122,122,122,122,122,122,122,122,122,122,122,122,122,122,122,122,122,122,122,122,122,122,122,122,122,122,122,122,122,122,122,122,122,122,122,122,122,122,122,122,122,122,122,122,122,122,122,122,
0,6,15,19,21,26,32,33,38,41,44,50,52,57,63,67,71,77,89,94,100,105,107,115,119,127,136,147,149,153,158,162,166,169,172,174,177,179,180,180,181,182,183,183,184,186,187,189,190,192,193,194,194,196,198,199,200,202,206,207,207,208,208,208,208,210,212,212,212,213,214,215,215,217,218,220,220,221,222,222,222,222,223,223,226,226,226,226,227,228,228,228,230,230,230,230,230,231,231,231,232,233,234,235,235,236,237,237,237,237,237,240,240,241,242,244,244,245,245,245,246,247,247,248,249,249,249,249,251,251,251,252,252,253,253,254,254,255,256,256,256,256,257,260,260,260,260,260,261,261,262,262,265,267,267,270,271,272,273,273,274,274,274,275,277,279,279,282,284,284,285,285,285,286,286,286,288,289,289,289,290,290,291,292,292,292,292,292,293,293,293,293,293,293,294,294,294,294,294,294,294,295,295,295,295,296,296,297,297,297,297,297,297,297,297,297,297,297,
0,13,17,22,26,30,36,41,46,48,59,62,70,75,79,82,89,97,99,102,112,119,124,134,142,149,154,160,163,170,179,183,189,192,196,200,201,203,208,209,214,214,218,223,224,228,231,235,239,242,243,244,247,250,254,256,260,263,264,268,269,271,273,275,275,276,277,279,280,281,283,284,284,285,287,287,287,287,288,288,288,289,289,290,290,291,292,292,293,293,293,293,294,294,295,295,296,296,297,297,297,297,297,297,297,297,297,297,297,297,297,297,297,297,297,297,297,298,298,298,298,298,298,298,298,298,298,298,298,298,298,298,298,298,298,298,298,298,298,298,298,298,298,298,298,298,298,298,298,298,298,298,298,298,298,298,298,298,298,298,298,298,298,298,298,298,298,298,298,298,298,298,298,298,298,298,298,298,298,298,298,298,298,298,298,298,298,298,298,298,298,298,298,298,298,298,298,298,298,298,298,298,298,298,298,298,298,298,298,298,298,298,298,298,298,298,298,298,298,298,298,298,298,298,298,298,298,298,298,298,298,298,298,298,298,298,298,298,298,298,298,298,298,298,298,298,298,298,298,298,298,298,298,298,298,298,298,298,298,298,298,298,298,298,298,298,298,298,298,298,298,298,298,298,298,298,298,298,298,298,298,298,298,298,298,298,298,298,298,298,
0,10,13,15,18,19,20,22,23,27,30,33,35,39,41,44,51,53,63,65,67,74,80,87,88,92,97,101,102,105,107,111,117,119,123,126,128,129,130,130,134,137,140,140,143,148,151,154,156,160,161,164,167,170,170,173,174,176,178,180,181,182,182,183,183,184,185,188,188,188,188,189,189,189,189,189,189,189,190,191,192,192,195,197,197,197,198,200,200,201,202,202,202,202,202,202,203,203,203,204,205,205,206,206,206,206,207,207,209,209,210,210,210,210,210,210,210,210,210,210,210,210,210,210,210,210,210,210,210,210,210,210,210,210,210,210,210,210,210,210,210,210,210,210,210,210,210,210,210,210,210,210,210,210,210,210,210,210,210,210,210,210,210,210,210,210,210,210,210,210,210,210,210,210,210,210,210,210,210,210,210,210,210,210,210,210,210,210,210,210,210,210,210,210,210,210,210,210,210,210,210,210,210,210,210,210,210,210,210,210,210,210,210,210,210,210,210,210,210,210,210,210,210,210,210,210,210,210,210,210,210,210,210,210,210,210,210,210,210,210,210,210,210,210,210,210,210,210,210,210,210,210,210,210,210,210,210,210,210,210,210,210,210,210,210,210,210,210,210,210,210,210,210,210,210,210,210,210,210,210,210,210,210,210,210,210,210,210,210,210,210,210,210,210,210,210,210,210,210,210,210,210,210,210,210,210,210,210,210,210,210,210,210,210,210,210,210,210,210,210,210,210,210,210,210,210,210,210,210,210,210,210,210,210,210,210,210,210,210,210,210,210,210,210,210,210,210,210,210,210,210,210,210,210,210,210,210,210,210,210,210,
0,11,19,21,23,27,29,30,35,37,39,43,47,49,49,49,50,52,55,60,64,67,70,72,75,79,79,79,80,82,85,86,87,88,89,93,94,95,95,98,98,98,99,100,100,101,102,104,104,105,105,106,107,107,107,107,107,107,108,108,109,109,111,111,111,111,111,111,111,111,111,111,113,113,113,114,115,115,116,116,117,117,117,117,117,117,118,118,118,118,118,118,118,118,118,118,118,118,118,118,118,118,118,118,118,118,118,119,119,119,119,119,121,122,123,123,125,125,125,125,125,125,125,125,125,125,126,127,127,127,127,127,127,127,127,127,127,127,127,127,127,127,127,127,127,127,127,127,127,127,127,127,127,127,127,127,127,127,127,127,127,127,127,127,127,127,127,127,127,127,127,127,127,127,127,127,127,127,127,127,127,127,127,127,127,127,127,127,127,127,127,127,127,127,127,127,127,127,127,127,127,127,127,127,127,127,127,127,127,127,127,127,127,127,127,127,127,127,127,127,127,127,127,127,127,127,127,127,127,127,127,127,127,127,127,127,127,127,127,127,127,127,127,127,127,127,127,127,127,127,127,127,127,
0,8,10,15,23,31,35,38,41,48,53,59,67,70,79,82,89,95,96,100,104,117,134,139,146,156,160,165,170,173,178,181,184,187,188,191,193,198,201,203,207,210,211,213,219,224,227,228,230,234,237,241,242,246,249,251,252,253,257,259,260,263,266,270,273,275,275,280,280,280,280,281,282,283,284,286,289,289,290,293,296,296,298,299,299,299,299,301,301,302,302,302,304,304,304,306,306,307,307,308,309,309,309,309,309,310,312,313,313,315,315,315,317,317,318,318,318,319,320,320,320,321,321,321,321,321,321,321,321,321,321,321,321,321,321,321,321,321,321,321,321,321,321,321,321,321,321,321,321,321,321,321,321,321,321,321,321,321,321,321,321,321,321,321,321,321,321,321,321,321,321,321,321,321,321,321,321,321,321,321,321,321,321,321,321,321,321,321,321,321,321,321,321,321,321,321,321,321,321,321,321,321,321,321,321,321,321,321,321,321,321,321,321,321,321,321,321,321,321,321,321,321,321,321,321,321,321,321,321,321,321,321,321,321,321,321,321,321,321,321,321,321,321,321,321,321,321,321,321,321,321,321,321,321,321,321,321,321,321,321,321,321,321,321,321,321,321,321,321,321,321,321,321,321,321,
0,13,16,20,21,23,27,28,31,33,36,39,44,44,46,52,53,60,64,67,70,73,76,81,85,90,90,92,94,94,96,98,98,100,102,104,107,107,107,111,112,113,115,116,119,120,122,123,124,124,127,127,127,127,128,129,129,129,130,130,131,131,131,132,133,133,133,133,134,134,134,134,134,134,134,134,136,139,139,140,140,142,143,144,145,145,145,146,146,146,146,146,147,148,148,148,148,149,149,149,150,150,150,150,150,150,150,150,150,150,150,150,150,150,150,151,152,152,152,152,152,153,153,154,154,154,154,154,154,155,156,156,156,156,156,156,156,156,156,156,156,156,156,156,156,156,156,156,156,156,156,156,156,156,156,156,156,156,156,156,156,156,156,156,156,156,156,156,156,156,156,156,156,156,156,156,156,156,156,156,156,156,156,156,156,156,156,156,156,156,156,156,156,156,156,156,156,156,156,156,156,156,156,156,156,156,156,156,156,156,156,156,156,156,156,156,156,156,156,156,156,156,156,156,156,156,156,156,156,156,156,156,156,156,156,156,156,156,156,156,156,156,156,156,156,156,156,156,156,156,156,156,156,156,156,156,156,156,156,156,156,156,156,156,156,156,156,156,156,156,156,156,156,156,156,156,156,156,156,156,156,
0,9,19,22,28,30,31,35,39,39,40,41,45,46,48,48,51,52,53,54,59,59,60,62,62,64,64,65,65,66,67,69,70,70,71,71,72,72,72,72,72,72,73,73,73,73,73,73,73,73,73,73,73,73,73,73,73,73,73,73,73,73,73,73,73,73,73,73,73,73,73,73,73,73,73,73,73,73,73,73,73,73,73,73,73,73,73,73,73,73,73,73,73,73,73,73,73,73,73,73,73,73,73,73,73,73,73,73,73,73,73,73,73,73,73,73,73,73,73,73,73,73,73,73,73,73,73,73,73,73,73,73,73,73,73,73,73,73,73,73,73,73,73,73,73,73,73,73,73,73,73,73,73,73,73,73,73,73,73,73,73,73,73,73,73,73,73,73,73,73,73,73,73,73,73,73,73,73,73,73,73,73,73,73,73,73,73,73,73,73,73,73,73,73,73,73,73,73,73,73,73,73,73,73,73,73,73,73,73,73,73,73,73,73,73,73,73,73,73,73,73,73,73,73,73,73,73,73,73,73,73,73,73,73,73,73,73,73,73,73,73,73,73,73,73,73,73,73,73,73,73,73,73,73,73,73,73,73,73,73,73,73,73,73,73,73,73,73,73,73,73,73,73,73,73,73,73,73,73,73,73,73,
0,15,19,26,27,31,33,36,37,40,41,41,41,42,43,43,46,47,48,49,50,50,50,51,52,54,56,56,57,58,58,59,59,59,61,61,62,64,65,65,65,65,67,67,67,67,67,67,68,68,68,68,68,68,68,68,69,69,69,69,69,69,69,69,69,70,70,70,70,70,70,70,70,70,70,70,70,70,70,70,70,70,70,70,70,70,70,70,70,70,70,70,70,70,70,70,70,70,70,70,70,70,70,70,70,70,70,70,70,70,70,70,70,70,70,70,70,70,70,70,70,70,70,70,70,70,70,70,70,70,70,70,70,70,70,70,70,70,70,70,70,70,70,70,70,
0,10,19,28,32,35,38,44,46,49,54,54,54,61,70,72,74,80,83,90,92,98,100,107,112,115,125,126,126,128,130,133,136,138,138,138,139,140,141,141,142,142,142,143,144,145,145,145,148,149,151,152,153,153,153,153,154,155,157,158,160,160,160,162,162,162,163,163,165,165,166,166,166,167,167,167,168,168,168,169,169,169,169,169,169,169,169,169,169,169,171,171,171,171,171,171,171,171,171,171,171,171,172,172,172,172,172,172,172,172,172,173,173,173,173,
0,9,19,23,24,25,27,28,34,38,40,41,44,45,48,49,50,51,54,56,57,59,60,65,70,72,74,75,78,78,80,81,83,87,88,91,97,101,103,105,107,108,109,109,109,110,110,110,111,111,113,113,114,115,115,115,116,119,119,120,121,121,122,123,123,124,124,125,125,125,125,126,126,126,127,127,127,127,127,127,127,127,127,127,127,127,127,127,127,127,127,127,128,128,128,129,129,129,129,129,129,129,129,129,130,130,131,132,132,133,133,133,133,133,133,134,134,135,135,137,137,137,138,139,140,140,140,140,140,140,141,141,141,141,141,143,144,144,145,146,147,147,147,147,147,147,148,148,149,149,151,151,151,151,151,151,151,151,151,152,152,152,152,153,153,153,153,154,154,154,154,155,156,158,158,158,158,158,158,159,159,159,159,159,159,159,159,159,159,159,160,160,160,160,160,160,160,160,160,160,160,
0,10,14,16,16,19,23,26,27,29,37,40,42,43,48,51,53,59,59,60,62,63,69,73,77,78,79,79,81,81,81,84,85,86,87,88,90,90,91,94,95,95,96,96,96,96,96,96,96,96,96,96,97,97,97,97,97,98,98,98,98,98,98,98,98,98,98,98,98,98,98,98,98,98,98,98,98,98,98,98,98,98,98,98,98,98,98,98,98,98,98,98,98,98,98,98,98,98,98,98,98,98,98,98,98,98,98,98,98,98,98,98,98,98,98,98,98,98,98,98,98,98,98,98,98,98,98,98,98,98,98,98,98,98,98,98,98,98,98,98,98,98,98,98,98,98,98,98,98,98,98,98,98,98,98,98,98,98,98,98,98,98,98,98,98,98,98,98,98,98,98,98,98,98,98,98,98,98,98,98,98,98,98,98,98,98,98,98,98,98,98,98,98,98,98,98,98,98,98,98,98,98,98,98,98,98,98,98,98,98,98,98,98,98,98,98,98,98,98,98,98,98,98,98,98,98,98,98,98,98,98,98,98,98,98,
0,8,12,14,16,20,22,25,32,38,42,47,53,57,60,66,72,75,81,83,86,91,94,100,105,108,111,119,123,129,132,136,137,142,143,147,151,155,157,159,160,161,164,165,166,166,167,167,168,169,170,171,174,174,175,177,179,181,185,189,190,191,191,191,192,192,193,194,196,196,198,198,199,201,202,202,203,204,204,204,204,207,207,207,207,208,209,209,209,209,210,210,210,210,210,211,211,211,211,211,211,211,211,211,211,211,211,211,211,211,211,211,211,211,211,211,211,211,211,211,211,211,211,211,211,211,211,211,211,211,211,211,211,211,211,211,211,211,211,211,211,211,211,211,211,211,211,211,211,211,211,211,211,211,211,211,211,211,211,211,211,211,211,211,211,211,211,211,211,211,211,211,211,211,211,211,211,211,211,211,211,211,211,211,211,211,211,211,211,211,211,211,211,211,211,211,211,211,211,211,211,211,211,211,211,211,211,211,211,211,211,211,211,211,211,211,211,211,211,211,211,211,211,211,211,211,211,211,211,211,211,211,211,211,211,211,211,211,211,211,211,211,211,211,211,211,211,211,211,211,211,
0,8,10,14,19,21,23,26,28,32,35,39,42,45,48,52,57,59,62,64,69,73,74,79,81,82,86,88,91,93,97,97,97,99,99,100,103,104,104,106,109,109,109,110,112,113,115,116,118,118,119,119,121,121,121,121,121,121,121,121,121,121,121,121,122,122,122,123,123,123,123,123,123,123,124,124,125,126,126,127,128,128,128,128,128,128,128,128,128,128,128,128,128,129,129,129,129,129,129,129,129,129,129,129,129,129,129,129,129,129,129,129,129,129,129,129,129,129,129,129,129,129,129,129,129,129,129,129,129,129,129,129,129,129,129,129,129,129,129,129,129,129,129,129,129,129,129,129,129,129,129,129,129,129,129,129,129,129,129,129,129,129,129,129,129,129,129,129,129,129,129,129,129,129,129,129,129,129,129,129,129,129,129,129,129,129,129,129,129,129,129,129,129,129,129,129,129,129,129,129,129,129,129,
0,10,16,17,21,24,28,31,33,39,44,49,49,50,56,59,62,66,71,74,77,80,81,86,88,90,90,93,94,99,105,106,110,115,118,119,121,123,128,131,131,133,134,136,137,137,138,139,139,139,140,142,144,144,144,144,144,147,147,148,148,149,149,149,149,149,149,149,150,150,150,150,150,150,150,150,150,151,151,151,151,152,152,152,152,152,152,152,152,152,152,152,152,152,152,152,152,152,152,152,152,152,152,152,152,152,152,152,152,152,152,152,152,152,152,152,152,152,152,152,152,152,152,152,152,152,152,152,152,152,152,152,152,152,152,152,152,152,152,152,152,152,152,152,152,152,152,152,152,152,152,152,152,152,152,152,152,152,152,152,152,152,152,152,152,152,152,152,152,152,152,152,152,152,152,152,152,152,152,152,152,152,152,152,152,152,152,152,152,152,152,152,152,152,152,152,152,152,152,152,152,152,152,152,152,152,152,152,152,152,152,152,152,152,152,152,152,152,152,152,152,152,152,152,152,152,152,152,152,152,152,152,152,152,152,152,
0,13,20,25,25,27,29,31,36,41,48,49,52,55,59,60,62,66,70,73,75,75,78,80,84,86,89,91,99,102,103,108,109,111,112,115,117,117,117,122,122,122,122,123,124,125,127,128,131,132,136,141,141,143,146,149,150,151,152,152,152,153,153,156,157,160,162,165,165,168,171,172,173,175,179,180,184,187,188,188,190,191,192,195,197,198,200,201,201,201,203,206,208,211,213,216,217,218,219,219,219,219,219,220,221,221,221,221,221,221,221,222,224,224,224,224,224,224,225,225,225,225,225,225,225,225,225,225,225,225,225,225,225,225,225,225,225,225,225,225,225,225,225,225,225,225,225,225,225,225,225,225,225,225,225,225,225,225,225,225,225,225,225,225,225,225,225,225,225,225,225,225,225,225,225,225,225,225,225,225,225,225,225,225,225,225,225,225,225,225,225,225,225,225,225,225,225,225,225,225,225,225,225,225,225,225,225,225,225,225,225,
0,4,12,17,18,22,28,31,32,36,38,41,43,43,44,45,46,47,48,49,51,52,52,54,57,57,59,61,62,66,68,70,70,70,70,70,70,71,72,74,75,76,77,77,77,77,78,78,78,78,78,78,78,78,78,79,79,79,79,80,80,80,80,80,80,80,80,80,80,80,80,80,80,80,80,80,80,80,80,80,80,80,80,80,80,80,80,80,80,80,80,80,80,80,80,80,80,80,80,80,80,80,80,80,80,80,80,80,80,80,80,80,80,80,80,80,80,80,80,80,80,80,80,80,80,80,80,80,80,80,80,80,80,80,80,80,80,80,80,80,80,80,80,80,80,80,80,80,80,80,80,80,80,80,80,80,80,80,80,80,80,80,80,80,80,80,80,80,80,80,80,80,80,80,80,80,80,80,80,80,80,80,80,80,80,80,80,80,80,80,80,80,80,80,80,80,80,80,80,80,80,80,80,80,80,80,80,80,80,80,80,80,80,80,80,80,80,80,80,80,80,80,80,80,80,80,80,80,80,80,80,80,80,80,80,80,80,80,80,80,80,80,80,80,80,80,80,80,80,80,80,80,80,80,80,80,80,80,80,80,80,80,80,80,80,80,80,80,80,80,80,80,80,80,80,80,80,80,80,80,80,80,80,80,80,80,80,80,80,80,80,80,
0,12,14,19,24,26,31,33,38,39,44,46,48,51,53,57,58,64,65,70,72,75,79,80,83,87,89,93,94,97,101,102,104,107,111,113,115,116,122,122,125,125,126,127,128,131,135,136,136,136,137,137,137,139,139,140,140,142,144,144,145,147,148,148,149,149,150,150,150,150,150,150,150,152,152,152,153,154,154,154,154,154,154,154,155,155,156,157,158,158,159,159,160,160,160,160,160,160,160,160,161,161,161,161,161,161,161,162,162,162,162,162,162,162,162,162,162,162,162,162,162,162,162,162,162,162,162,162,162,162,162,162,162,162,162,162,162,162,162,162,162,162,162,162,162,162,162,162,162,162,162,162,162,162,162,162,162,162,162,162,162,162,162,162,162,162,162,162,162,162,162,162,162,162,162,162,162,162,162,162,162,162,162,162,162,162,162,162,162,162,162,162,162,162,162,162,162,162,162,162,162,162,162,162,162,162,162,162,162,162,162,162,162,162,162,162,162,162,
0,10,14,18,20,23,23,23,23,23,26,29,31,34,35,36,38,41,43,45,46,49,52,54,55,58,60,60,62,64,68,69,70,72,75,75,76,76,79,79,79,79,80,82,82,82,82,82,82,82,82,82,82,82,82,84,84,84,84,84,84,84,84,84,84,84,84,84,84,85,85,85,85,85,85,85,85,85,85,85,85,85,85,85,85,85,85,85,85,85,85,85,85,85,85,85,85,85,85,85,85,85,85,85,85,85,85,85,85,85,85,85,85,85,85,85,85,85,85,85,85,85,85,85,85,85,85,85,85,85,85,85,85,85,85,85,85,85,85,85,85,85,85,85,85,85,85,85,85,85,85,85,85,85,85,85,85,85,85,85,85,85,85,85,85,85,85,85,85,85,85,85,85,85,85,85,85,85,85,85,85,85,85,85,85,85,85,85,85,85,85,85,85,85,85,85,85,85,85,85,85,85,85,85,85,85,85,85,85,85,85,85,85,85,85,85,85,85,85,85,85,85,85,85,85,85,85,85,85,85,85,85,85,85,85,85,85,85,85,85,85,85,85,85,85,85,85,85,85,85,85,85,
0,10,17,20,21,23,30,34,36,39,40,44,46,50,55,58,59,64,68,79,84,90,98,108,113,118,122,130,133,140,146,151,156,162,169,176,183,189,194,198,204,207,212,220,226,228,233,234,235,236,240,244,245,246,247,249,253,258,259,259,261,263,264,264,264,265,268,270,272,273,275,277,279,280,281,282,284,285,286,286,288,289,289,289,290,291,292,293,294,294,298,299,300,300,301,302,302,303,304,304,304,305,305,305,305,305,305,305,305,305,306,306,306,306,306,306,306,306,306,306,306,306,306,306,307,307,307,307,307,307,307,307,307,307,307,307,307,307,307,307,307,307,307,307,307,307,307,307,307,307,307,307,307,307,307,307,307,307,307,307,307,307,307,307,307,307,307,307,307,307,307,307,307,307,307,307,307,307,307,307,307,307,307,307,307,307,307,307,307,307,307,307,307,307,307,307,307,307,307,307,307,307,307,307,307,307,307,307,307,307,307,307,307,307,307,307,307,307,307,307,307,307,307,307,307,307,307,307,307,307,307,307,307,307,307,307,307,307,307,307,307,307,307,307,307,307,307,307,307,307,307,307,307,307,307,307,307,307,307,
0,12,16,20,21,21,22,26,29,32,33,37,39,41,45,52,54,62,65,68,72,79,83,88,92,95,99,101,102,104,107,108,108,109,112,114,115,120,124,128,130,131,132,136,136,137,138,139,140,141,142,143,144,146,147,148,151,153,154,155,158,159,160,161,161,162,162,162,162,165,167,167,167,169,172,173,175,175,175,175,176,176,176,176,176,176,177,177,177,177,177,177,177,177,177,177,177,177,177,177,177,177,177,177,177,177,177,177,177,177,177,177,177,177,177,177,177,177,177,177,177,177,177,177,177,177,177,177,177,177,177,177,177,177,177,177,177,177,177,177,177,177,177,177,177,177,177,177,177,177,177,177,177,177,177,177,177,177,177,177,177,177,177,177,177,177,177,177,177,177,177,177,177,177,177,177,177,177,177,177,177,177,177,177,177,177,177,177,177,177,177,177,177,177,177,177,177,177,177,177,177,177,
0,7,8,15,18,20,22,23,24,27,29,32,36,38,41,42,44,47,49,50,52,54,56,58,64,66,67,69,69,72,74,75,78,83,85,87,88,90,92,92,96,97,97,100,101,101,102,102,104,104,105,105,105,105,105,105,105,106,107,107,108,108,108,108,108,108,108,108,108,108,108,108,108,108,108,108,109,109,109,109,109,109,109,109,109,109,109,109,109,109,109,109,109,109,109,109,109,109,109,109,109,109,109,109,109,109,109,109,109,109,109,109,109,109,109,109,109,109,109,109,109,109,109,109,109,109,109,109,109,109,109,109,109,109,109,109,109,109,109,109,109,109,109,109,109,109,109,109,109,109,109,109,109,109,109,109,109,109,109,109,109,109,109,109,109,109,109,109,109,109,109,109,109,109,109,109,109,109,109,109,109,109,109,109,109,109,109,109,109,109,109,109,109,109,109,109,109,109,109,109,109,109,109,109,109,109,109,109,109,109,109,109,109,109,109,109,109,109,109,109,109,109,109,109,109,109,109,109,109,109,109,109,109,109,109,109,109,109,109,109,109,109,109,109,109,109,109,109,109,109,109,109,109,109,109,109,109,109,109,109,109,109,109,109,109,109,109,109,109,109,109,109,
0,11,22,24,27,29,32,32,36,38,40,44,49,54,57,59,60,61,62,63,68,68,69,69,70,70,71,72,73,74,76,77,77,77,78,79,80,83,85,85,85,88,89,89,89,91,92,92,93,94,96,96,97,98,98,99,99,99,99,99,100,100,100,100,101,101,102,102,102,103,103,104,104,104,105,105,105,105,105,105,105,105,105,106,106,106,106,106,106,106,106,106,106,106,106,106,106,107,107,107,107,107,107,107,107,107,107,109,109,109,109,109,109,109,109,109,109,109,109,109,109,109,109,109,109,109,109,109,109,109,109,109,109,109,109,109,109,109,109,109,109,109,109,109,109,109,109,109,109,109,109,109,109,109,109,109,109,109,109,109,109,109,109,109,109,109,109,
0,8,13,18,21,23,27,32,32,37,40,43,49,55,59,62,66,71,79,86,89,97,103,111,118,126,132,135,137,141,146,150,150,153,156,160,161,162,167,170,174,176,177,178,180,181,184,185,186,187,188,189,189,190,190,191,191,192,192,192,193,194,195,196,196,196,196,196,197,197,199,199,200,202,202,202,203,205,207,210,210,211,211,211,211,212,213,213,213,214,215,215,215,215,215,216,217,218,220,220,220,221,221,222,223,223,223,223,223,223,223,224,224,225,226,226,228,229,229,229,229,229,229,230,232,233,234,236,236,236,236,237,238,238,238,238,238,238,239,239,239,239,239,239,240,240,240,240,240,240,240,240,240,240,241,241,241,243,243,243,243,243,243,245,245,246,246,246,246,246,246,246,246,246,246,246,246,246,246,246,246,246,246,246,246,246,246,246,246,246,246,246,246,246,246,246,246,246,246,246,246,246,246,246,246,246,246,246,246,246,246,246,246,246,246,246,246,246,246,246,246,246,246,246,246,246,246,246,246,246,246,246,246,246,246,246,246,246,246,246,246,246,246,246,246,246,246,246,246,246,246,246,246,246,246,246,246,246,246,246,246,246,246,246,246,246,246,246,246,246,246,246,246,246,246,246,246,246,246,246,246,246,246,246,246,246,246,246,246,246,246,246,246,246,246,246,246,246,246,246,246,246,246,246,246,
