25,13,11,11,13,14,16,17,20,24,25,28,39,41,49,57,55,55,61,64,74,78,87,92,93,95,105,98,105,111,124,133,124,124,126,123,121,127,129,130,140,145,144,143,143,145,140,133,124,125,134,156,156,157,153,153,140,138,137,142,135,121,120,128,118,121,117,110,108,113,109,108,109,108,105,104,93,90,85,85,78,80,81,75,83,75,79,73,71,78,80,83,81,75,69,75,74,70,66,63,64,68,72,75,70,66,67,63,58,61,62,56,58,62,60,58,55,54,54,55,55,55,53,46,48,43,43,44,46,43,39,41,41,44,48,46,49,42,39,37,34,38,35,32,33,32,35,36,34,31,31,29,27,23,24,23,23,24,23,20,20,18,18,15,17,15,13,13,13,12,14,11,12,9,8,6,7,6,6,6,4,2,2,2,3,3,3,3,3,3,3,2,1,1,1,1,1,1,1,1,1,1,0,0,0,0,0,0,0,0,0,0,0,0,0,0,0,0,0,0,0,0,0,0,0,0,0,0,0,0,0,0,0,0,0,0,0,0,0,0,0,0,0,0,0,
30,22,22,25,27,24,32,37,38,38,51,59,59,65,70,81,90,96,100,111,117,115,124,118,115,123,120,126,144,154,166,169,180,171,176,168,180,194,179,187,189,190,194,194,194,189,197,190,192,199,196,194,202,191,180,185,182,185,191,183,187,187,182,182,178,173,185,170,173,168,169,164,146,151,151,143,139,141,142,139,134,120,118,118,117,111,105,102,102,97,91,87,82,76,82,77,75,73,70,68,63,63,66,62,60,53,57,56,47,49,39,43,45,41,41,36,34,36,28,28,30,33,31,27,21,22,19,19,22,21,21,17,18,15,14,14,10,13,15,13,10,7,8,9,8,6,6,5,5,6,6,6,6,6,7,7,7,7,8,9,6,6,6,6,6,6,6,7,8,8,8,7,7,7,6,7,7,5,5,3,3,2,1,1,1,1,1,1,
27,18,22,20,18,25,31,33,40,42,47,61,60,62,73,73,80,85,105,115,115,132,136,146,160,170,174,186,185,201,202,220,215,215,235,242,239,238,241,239,257,278,284,279,273,287,288,283,297,291,279,256,259,262,263,250,252,249,259,242,235,215,220,215,211,204,200,195,176,166,167,166,168,160,151,141,134,126,123,118,120,118,116,113,110,103,99,101,108,105,98,94,88,88,82,78,80,77,71,74,78,74,67,68,57,51,52,52,50,47,46,44,44,45,41,39,33,28,34,35,37,38,37,34,34,33,27,25,23,20,24,22,18,21,18,19,17,19,18,16,13,11,11,7,9,10,6,6,6,5,6,6,5,5,5,4,4,4,5,6,5,5,4,4,3,3,5,5,5,3,3,2,2,2,2,2,2,2,2,2,3,3,4,4,3,3,3,2,2,2,2,1,1,1,1,1,1,1,1,1,0,0,0,0,0,0,0,0,0,0,0,0,0,0,0,0,0,0,0,0,0,0,0,0,0,0,0,0,
27,15,15,18,22,18,21,22,25,34,34,38,43,40,42,56,60,65,71,80,87,89,104,105,117,121,117,122,111,113,119,129,146,143,137,142,147,159,163,163,179,179,184,178,175,177,199,205,203,203,199,192,189,182,183,187,198,200,196,193,202,193,182,185,186,181,176,170,163,159,152,153,150,141,159,155,143,139,136,140,146,126,123,130,125,126,116,113,118,113,114,113,115,113,112,107,107,99,96,94,88,85,75,71,67,66,66,67,66,62,62,59,53,56,58,56,58,53,47,44,43,39,42,35,37,34,31,29,30,32,30,29,26,27,26,25,29,29,25,21,18,16,15,15,13,13,10,13,15,13,14,14,15,15,16,14,10,8,8,7,7,6,7,8,7,4,3,4,3,1,2,2,2,2,2,1,1,1,1,1,1,1,2,1,1,1,2,2,1,
24,15,12,12,12,11,10,14,15,14,16,21,27,33,35,39,37,40,36,43,46,59,57,57,62,75,74,80,91,101,92,97,101,105,110,116,111,109,113,116,124,132,127,127,144,148,152,157,154,151,154,154,153,160,177,179,179,186,185,191,191,189,176,170,176,179,182,180,176,178,183,192,191,176,187,190,174,184,186,189,183,175,163,169,164,159,163,160,159,159,161,151,151,149,149,137,135,139,131,123,119,127,118,117,108,109,101,95,87,86,81,79,78,79,77,75,72,65,64,64,60,65,59,55,57,51,46,43,38,39,35,37,34,34,34,32,29,27,26,20,22,22,22,21,18,20,19,19,19,19,17,18,18,17,16,15,11,12,11,9,8,9,10,8,5,5,4,4,4,4,4,4,4,4,4,4,4,4,4,4,4,3,3,3,3,3,3,3,3,3,3,3,3,3,3,3,3,3,3,3,3,3,3,3,3,3,3,3,2,2,2,2,2,2,2,2,2,2,2,2,2,2,2,2,2,2,2,2,2,2,2,2,2,2,2,2,1,1,1,
26,21,17,22,24,22,27,24,29,33,28,30,33,29,34,32,37,47,46,52,58,63,77,83,91,92,87,95,96,96,102,106,107,105,104,101,125,122,143,141,156,158,166,169,166,172,165,168,170,167,173,196,190,191,199,213,211,214,216,201,186,172,185,173,165,173,158,165,159,157,151,146,144,153,148,137,133,118,116,119,124,120,115,124,124,115,116,122,113,108,115,109,103,109,104,102,107,104,98,99,88,94,92,88,82,78,78,86,85,85,82,74,67,70,69,71,67,60,57,58,56,56,50,48,48,41,41,40,38,34,34,28,28,27,29,29,31,27,37,31,30,26,27,22,24,21,24,22,18,19,18,18,18,20,19,18,18,16,15,14,16,15,15,12,12,10,12,10,7,6,7,8,10,9,9,10,8,7,8,7,8,7,8,9,8,8,7,9,7,7,7,4,6,8,8,8,7,6,5,7,6,4,4,4,4,4,3,3,2,2,2,2,5,4,3,1,2,2,2,2,3,3,2,3,2,1,1,1,2,2,1,1,1,1,0,0,0,0,0,0,0,0,0,0,0,0,0,0,0,0,
29,21,25,24,29,29,32,34,39,41,44,43,39,42,53,60,56,62,70,78,88,96,104,108,104,103,117,135,127,134,143,145,158,170,167,165,166,174,190,178,189,209,215,204,216,219,220,219,225,214,214,208,220,229,235,234,230,211,213,222,228,230,227,224,237,231,208,196,205,209,199,202,203,195,199,188,181,180,184,182,181,162,160,160,162,161,143,134,129,122,117,121,122,126,119,113,107,103,92,99,89,87,83,75,82,86,77,75,70,67,66,62,59,56,54,50,43,40,36,32,30,29,28,27,25,24,26,24,23,23,24,20,20,18,12,12,12,14,15,13,14,11,9,9,8,7,6,6,5,4,3,2,2,3,3,2,1,2,2,2,2,3,3,3,4,4,4,2,1,1,1,1,1,1,1,1,1,1,1,2,1,1,1,1,1,1,1,1,1,1,1,1,1,1,1,1,1,1,1,1,2,1,1,1,1,1,1,1,
28,19,18,17,22,21,18,17,20,18,25,24,23,31,32,28,32,36,45,58,62,60,73,69,82,84,97,103,103,107,125,141,147,149,153,146,155,160,174,183,177,182,190,198,197,199,200,204,212,198,205,215,228,235,245,241,233,235,238,246,232,234,241,244,246,240,230,221,213,207,201,204,200,194,192,188,173,171,163,165,158,152,147,131,131,119,116,106,115,108,96,93,84,80,79,81,75,72,66,65,55,51,48,47,46,46,38,33,32,28,25,27,26,25,28,24,22,21,17,18,20,19,18,17,16,17,17,13,13,14,14,14,12,11,10,10,10,9,7,7,7,7,6,6,5,5,6,5,5,5,5,5,5,5,4,3,3,3,3,2,2,2,2,2,2,2,2,1,1,1,2,2,1,1,0,0,
28,17,13,13,13,18,22,19,26,29,25,33,34,40,45,52,57,52,61,70,70,67,83,81,99,98,109,105,113,112,102,114,113,120,113,113,122,123,127,129,121,125,126,129,123,118,120,117,117,122,128,138,141,136,129,128,125,122,116,118,109,106,107,108,103,91,99,81,82,79,77,72,71,83,85,84,85,84,79,74,76,75,76,76,74,75,76,73,70,69,68,60,58,55,57,56,51,50,53,56,56,52,43,45,45,42,39,39,33,34,31,27,20,18,20,21,21,21,21,23,24,23,24,25,25,26,27,25,21,22,21,21,22,19,19,17,14,14,15,12,13,9,10,8,10,9,9,9,8,9,8,8,7,6,6,6,6,5,5,5,5,6,5,5,4,3,3,3,3,2,2,2,2,2,2,2,2,2,2,2,2,2,2,2,2,2,2,2,2,2,2,2,2,2,2,2,2,2,2,2,2,2,2,1,0,0,0,0,0,0,0,0,0,0,0,0,0,0,0,0,0,0,0,0,0,0,0,0,0,0,0,0,0,0,0,0,0,0,0,0,0,0,0,0,0,0,0,0,0,0,0,0,0,
30,24,20,19,16,17,22,25,28,30,39,34,46,44,51,57,62,68,76,84,90,106,112,106,118,124,139,146,161,168,179,178,180,183,200,203,214,210,215,220,227,241,236,252,244,243,249,239,241,240,242,240,235,225,231,223,216,203,202,192,187,176,188,186,180,180,182,184,181,172,171,173,161,165,161,151,151,167,161,158,152,148,131,132,142,125,124,122,120,110,108,110,108,101,95,94,101,91,91,91,91,86,81,76,74,66,69,63,59,57,51,48,46,47,44,43,41,41,40,39,37,31,32,27,26,21,20,21,19,16,13,11,11,14,9,10,9,9,9,8,7,6,4,4,3,4,5,5,5,5,5,5,5,4,4,5,4,6,3,2,2,2,2,2,2,2,1,1,1,1,1,0,0,0,0,0,0,0,0,0,0,0,0,0,0,0,0,0,0,0,0,0,0,0,0,0,0,0,0,0,0,0,0,0,
26,21,14,13,15,13,16,17,25,26,27,33,31,31,32,39,44,46,55,57,59,64,70,73,75,75,82,81,80,93,92,107,112,112,113,122,136,134,138,142,162,159,174,176,168,169,164,172,173,152,157,152,171,178,182,199,196,203,190,194,190,178,165,159,167,165,161,152,155,150,142,146,139,129,127,126,119,126,132,130,125,127,132,127,122,117,117,104,96,90,86,86,88,86,84,85,80,74,70,67,69,64,62,54,54,51,48,47,45,45,42,42,38,37,39,39,41,40,36,36,32,30,31,31,31,34,36,31,28,28,29,22,24,22,21,17,19,19,19,17,18,15,15,14,11,9,8,7,6,7,9,8,7,7,9,9,9,7,7,8,7,4,4,4,3,3,3,3,3,4,4,4,3,3,4,4,4,4,4,5,4,4,2,3,3,3,3,3,3,2,1,1,1,1,2,2,2,2,2,2,2,2,2,2,2,2,2,2,1,1,1,1,2,2,3,4,3,5,3,2,3,2,2,1,1,1,1,
31,21,16,15,15,12,11,19,18,19,23,24,25,25,26,34,39,46,43,42,49,56,66,68,72,74,73,76,83,83,97,97,104,102,105,112,115,113,121,128,117,118,120,113,116,113,116,113,115,107,97,98,90,82,84,79,79,77,80,81,86,80,83,77,72,71,75,70,70,74,73,69,64,68,63,60,62,55,55,52,53,49,48,48,44,45,46,40,39,37,36,41,44,44,45,45,40,39,38,39,37,33,37,32,29,28,32,31,34,38,33,31,26,27,25,24,24,23,21,22,20,23,23,17,17,19,18,20,19,21,19,19,21,18,19,20,20,20,22,20,19,21,20,22,20,20,19,19,16,15,11,11,11,11,10,8,7,9,8,9,8,7,8,7,7,7,5,3,6,6,8,8,7,7,6,5,7,7,7,6,4,4,3,3,3,2,1,3,2,1,0,1,1,2,3,3,2,2,2,2,3,3,2,1,3,3,1,2,2,3,2,2,2,2,2,3,2,2,2,3,3,3,2,2,1,2,2,2,2,2,1,1,0,0,0,0,0,0,0,0,0,0,0,0,0,0,1,1,1,1,
31,24,24,20,17,17,16,19,20,20,29,28,30,37,39,40,54,64,67,66,72,80,95,88,99,89,99,110,112,126,123,115,128,140,136,143,142,135,148,139,156,150,177,172,168,161,175,171,178,185,191,180,184,189,190,188,178,184,173,169,155,164,151,157,155,147,150,143,143,139,137,143,143,143,136,135,137,136,136,126,127,123,120,121,114,108,109,98,101,99,96,94,92,95,94,95,96,84,79,72,78,74,72,73,68,65,65,67,67,65,62,61,60,60,53,52,49,43,40,42,41,44,47,48,45,45,37,37,33,36,35,31,34,32,22,18,16,20,19,18,14,15,15,14,11,11,11,13,10,7,6,7,6,5,5,5,5,5,6,6,10,7,5,4,4,5,5,4,6,4,5,7,6,5,5,4,3,4,3,1,2,2,1,3,2,3,2,2,1,1,1,2,2,3,2,3,4,4,3,3,2,1,1,2,1,0,0,0,0,1,1,2,2,1,3,2,1,1,1,0,1,0,0,0,0,0,0,0,0,0,0,0,0,0,0,0,2,1,1,0,0,0,0,0,0,
32,21,20,22,25,26,23,26,28,29,32,37,40,49,52,53,56,62,68,71,78,78,78,99,118,123,126,135,160,165,173,174,170,178,186,188,186,190,191,193,194,189,208,214,231,226,234,237,243,246,245,249,252,258,259,255,257,260,256,250,248,239,242,225,239,231,234,230,215,194,197,196,192,196,190,185,182,164,153,155,157,160,172,166,164,153,154,149,158,138,134,113,114,113,112,107,107,107,108,102,97,88,85,81,76,70,70,69,63,62,61,54,57,56,56,55,52,55,52,52,55,49,43,44,44,39,38,38,32,31,29,29,33,29,31,29,26,24,24,24,21,20,18,16,14,15,14,17,17,15,15,14,12,11,11,13,11,11,11,12,11,12,12,13,13,10,10,9,11,11,11,8,6,6,6,7,7,7,7,7,6,6,5,5,5,4,3,4,4,4,4,4,5,5,5,6,6,5,5,4,4,3,3,3,3,3,4,5,5,5,4,4,5,3,3,3,3,3,2,2,2,2,2,2,1,
32,25,22,21,22,23,21,23,32,36,40,42,49,50,58,67,63,77,83,84,87,96,107,113,117,120,130,128,119,120,131,132,137,156,164,156,160,158,166,170,168,175,186,190,175,173,172,163,169,174,175,181,191,187,181,188,181,175,173,172,170,176,178,181,176,170,162,144,160,159,160,158,158,161,165,155,151,148,143,137,142,133,128,132,125,126,118,111,108,107,104,102,113,112,106,98,96,95,100,97,98,100,98,101,98,87,91,83,78,78,72,68,61,57,59,51,51,50,44,48,43,47,40,42,44,48,43,47,49,38,40,41,41,39,38,34,36,40,40,32,29,31,32,32,30,28,28,27,23,23,18,20,19,20,18,15,15,14,12,11,10,12,11,10,10,7,7,7,7,7,6,6,6,9,9,7,8,9,9,7,8,8,7,6,6,6,6,6,7,5,5,5,5,7,7,7,7,6,7,7,8,7,6,5,4,6,5,4,4,3,3,3,3,3,4,3,2,1,1,0,0,
33,27,26,28,32,30,30,34,36,46,50,57,58,67,73,67,83,85,92,102,115,127,141,147,147,147,160,159,167,157,178,190,203,205,217,213,224,206,220,213,225,221,215,212,206,203,214,222,225,201,210,233,232,222,224,225,226,226,236,239,231,219,202,205,193,199,202,206,196,195,185,177,177,162,167,157,161,164,157,156,151,154,149,148,141,140,131,132,121,124,117,118,110,109,106,106,108,119,120,104,97,96,96,92,88,91,89,83,75,73,69,67,64,63,68,66,61,53,46,45,41,41,38,40,41,42,43,39,43,37,32,39,35,33,35,34,37,30,31,28,29,30,23,23,21,19,20,21,19,15,15,17,15,16,13,13,13,16,12,10,10,8,7,8,12,11,10,8,7,7,5,6,7,8,7,6,6,6,6,6,6,7,7,6,6,5,7,7,7,7,5,3,3,4,4,4,5,5,5,5,4,5,5,3,3,3,3,3,4,4,4,4,4,5,3,3,3,2,2,3,1,1,1,1,1,1,1,1,1,1,1,1,1,1,1,1,
29,19,16,18,21,25,23,25,31,31,35,40,42,51,61,63,66,71,85,79,83,95,103,103,113,110,116,121,124,130,132,141,131,140,147,148,153,157,158,172,168,174,169,178,192,181,181,198,192,186,181,166,166,170,172,164,172,159,162,166,161,157,160,166,174,174,175,167,155,150,152,148,140,137,135,140,139,138,134,125,119,114,111,101,111,112,118,106,103,96,91,95,97,85,83,76,66,64,65,68,65,67,66,66,65,62,61,66,58,56,51,55,56,53,51,51,46,46,50,43,45,41,47,49,42,45,43,41,36,40,40,43,35,41,44,36,38,35,39,40,40,45,41,41,41,43,36,36,39,39,40,35,31,32,28,29,31,28,25,31,37,41,36,29,33,31,24,28,27,26,26,25,24,22,20,21,20,19,22,23,26,24,24,23,23,22,19,20,18,17,15,12,10,11,11,7,5,4,4,4,4,6,5,7,4,4,4,4,4,5,4,4,3,1,1,1,2,1,2,2,1,
36,30,30,26,26,31,36,40,46,52,52,54,56,57,60,76,78,81,95,97,101,105,123,135,131,134,145,143,160,170,166,176,185,188,199,196,218,218,210,222,215,213,220,233,227,225,212,222,209,211,212,226,205,208,211,219,218,210,212,203,207,196,184,184,165,153,159,159,152,137,146,136,133,131,135,130,138,124,123,119,122,117,119,127,118,116,101,104,100,95,87,83,83,76,73,65,71,69,66,63,62,62,50,48,51,47,47,46,51,51,48,42,39,37,34,32,32,34,27,22,24,20,20,21,27,28,24,23,22,20,18,19,19,18,18,16,13,13,15,15,12,11,11,11,12,9,9,9,11,10,12,13,13,12,12,12,12,11,11,11,10,9,10,9,9,8,10,10,10,10,10,11,8,8,8,8,9,8,8,7,7,7,5,4,4,4,3,3,3,2,2,1,1,1,1,1,0,1,0,
24,18,14,15,17,17,10,17,15,16,22,19,22,22,34,37,41,44,44,50,57,51,42,51,58,56,68,65,76,77,85,89,87,105,100,104,107,104,101,105,112,118,118,123,119,129,131,140,130,148,149,151,170,174,168,162,165,172,176,178,155,156,160,175,177,174,172,175,183,184,177,191,194,175,164,164,158,167,155,150,143,152,143,147,149,149,138,128,123,118,122,121,117,112,114,109,118,119,119,119,115,120,118,124,112,106,98,99,98,88,86,82,74,76,70,64,67,75,74,71,64,71,73,69,63,62,64,61,61,64,65,63,63,66,66,63,60,62,61,58,61,55,49,54,47,52,45,50,46,40,43,39,38,41,39,38,37,32,32,32,28,24,26,27,26,27,28,24,23,19,17,16,17,17,15,14,14,15,18,17,14,12,14,14,12,10,9,7,9,9,9,10,7,7,6,6,4,5,4,5,6,4,4,4,4,3,3,3,3,3,3,3,2,2,2,2,2,2,2,2,2,2,2,2,2,2,2,2,1,1,1,1,1,1,1,1,1,1,1,1,1,1,1,1,1,1,1,1,1,1,1,1,1,1,1,0,0,0,0,0,0,0,0,0,0,0,0,0,0,0,0,0,0,0,0,0,0,0,0,0,0,0,0,0,0,0,0,
31,21,23,25,28,29,32,24,31,39,37,38,44,58,66,76,77,82,95,95,109,116,119,126,121,118,132,147,148,152,161,170,195,210,207,222,235,216,240,227,244,244,259,248,236,231,227,230,233,244,241,245,248,235,243,241,238,237,224,223,220,218,207,217,216,202,200,196,191,179,174,175,164,157,141,140,140,131,131,122,110,105,100,98,98,88,85,83,85,78,86,83,80,74,71,62,57,56,58,52,52,51,47,45,43,43,38,37,39,32,29,29,31,33,34,33,30,25,25,27,30,27,26,24,21,20,18,19,17,15,15,13,13,11,11,11,10,10,10,10,10,9,7,7,8,7,7,7,6,7,7,6,5,6,6,7,9,9,8,7,7,7,7,5,5,5,5,5,4,4,6,6,7,5,5,6,6,6,7,6,5,4,4,6,6,5,5,5,5,6,5,5,4,4,3,3,3,3,3,3,2,2,3,3,3,3,2,2,2,3,4,4,4,3,4,4,4,5,4,4,5,6,4,4,4,4,4,3,3,4,4,4,5,4,3,5,2,2,2,2,2,1,1,1,1,1,1,1,1,2,2,2,2,2,1,1,0,0,0,1,1,1,1,1,1,1,2,2,3,3,4,4,3,2,2,2,2,2,2,3,2,1,1,1,1,1,1,0,0,0,0,0,0,0,0,0,1,1,1,
29,21,18,19,19,12,15,20,21,25,26,28,28,26,30,30,36,40,46,52,55,60,55,60,63,66,70,78,81,89,92,100,101,96,96,103,103,113,119,126,126,128,133,146,162,167,169,160,154,161,173,177,195,187,192,189,180,176,169,182,184,178,182,175,161,171,178,176,181,176,172,181,171,168,164,164,161,159,159,160,151,140,135,121,118,119,130,118,119,127,130,127,124,108,113,98,98,87,86,91,95,105,97,91,85,86,78,73,74,78,67,65,64,62,53,51,54,57,54,51,51,47,46,42,34,39,40,41,37,38,28,24,20,20,16,14,16,19,17,12,10,11,12,10,9,9,8,8,7,6,7,5,5,4,5,4,5,7,7,5,3,5,5,4,5,2,2,2,2,2,2,3,3,3,3,3,3,3,2,2,2,2,1,2,2,1,1,1,0,
28,21,22,22,17,20,26,24,22,22,23,26,36,38,43,50,52,46,54,54,54,66,73,78,78,86,88,84,96,95,96,97,91,89,104,115,123,120,123,121,125,124,132,132,129,126,131,128,148,152,158,155,156,169,176,177,174,175,169,168,175,183,188,188,187,175,174,169,158,161,161,161,175,187,176,171,172,181,179,171,170,163,166,170,172,163,163,159,155,159,157,160,159,142,138,142,139,141,129,126,128,124,115,103,101,93,90,88,86,76,75,78,80,74,70,67,66,67,68,66,64,62,57,57,52,52,50,55,53,51,48,47,40,41,43,41,37,34,36,32,27,26,24,21,18,17,17,16,18,19,17,16,16,14,15,14,13,11,11,10,9,12,11,9,10,10,9,8,7,7,7,7,7,7,7,6,7,5,4,4,5,6,5,6,5,4,4,5,6,6,5,5,5,4,3,3,3,3,2,1,1,1,1,1,1,1,1,1,1,1,1,1,1,1,1,1,1,1,1,1,1,0,0,0,
27,23,18,16,22,24,21,23,29,36,34,43,37,38,43,52,58,56,69,78,81,84,92,98,108,116,114,113,113,120,116,112,127,133,142,140,143,158,160,163,160,140,145,155,157,153,175,182,193,194,193,206,200,188,186,193,185,186,175,189,193,185,173,173,175,173,169,159,157,159,164,149,141,149,147,138,131,128,120,118,120,121,129,123,120,117,110,106,102,101,98,96,97,85,90,87,83,81,79,76,73,67,61,60,58,61,64,58,51,42,44,44,41,39,42,39,37,42,39,35,35,37,33,33,31,29,22,21,22,23,23,20,21,19,22,23,17,18,16,15,14,13,13,11,12,11,10,10,12,12,13,11,10,10,9,12,10,11,12,10,10,11,11,10,9,9,8,7,7,7,5,5,5,3,3,3,3,4,4,4,3,3,2,2,2,1,1,1,
26,19,14,19,18,21,20,20,19,20,26,30,34,39,42,53,59,68,75,81,79,97,95,105,113,113,113,114,120,115,131,136,138,133,142,158,160,163,177,169,179,179,179,182,188,186,178,181,177,178,179,181,181,195,194,195,199,210,200,209,213,210,206,198,197,195,205,198,203,196,190,191,195,193,186,190,188,189,181,175,177,175,178,170,157,147,144,143,140,143,146,145,147,133,124,130,120,113,103,98,97,94,92,89,83,89,84,92,89,78,75,74,71,75,71,68,71,70,71,70,64,57,53,47,45,43,39,40,38,39,36,35,33,29,29,26,26,28,25,22,20,22,24,26,25,26,26,24,22,23,20,18,18,18,19,18,19,19,17,17,16,17,16,13,13,13,13,13,12,13,14,15,13,12,12,9,9,8,8,6,5,6,6,6,6,5,5,5,4,3,4,4,4,6,6,6,5,5,5,6,5,5,5,5,5,5,4,4,4,4,4,4,4,4,4,3,3,3,3,3,3,3,3,3,3,3,3,3,3,3,3,3,3,3,3,3,3,3,3,3,3,2,2,2,2,2,2,2,2,2,2,2,2,2,2,2,2,2,2,2,2,2,2,2,2,2,2,2,2,2,2,2,2,2,2,2,2,2,2,2,2,2,2,2,2,2,1,1,1,1,1,1,1,1,1,1,1,1,1,1,1,1,1,1,1,1,1,1,1,1,1,1,1,1,1,1,1,1,1,1,1,1,1,1,1,
25,9,10,8,12,11,16,17,18,23,25,24,27,33,34,37,36,41,43,47,51,63,70,67,62,68,74,77,87,81,84,83,82,84,84,83,79,84,86,101,104,103,114,109,113,105,110,109,100,97,97,99,94,95,93,87,93,94,95,92,83,87,77,72,66,67,65,60,63,57,59,59,54,43,43,40,40,32,30,27,22,21,22,20,22,21,21,20,19,18,19,19,21,18,19,17,17,20,18,19,18,18,17,15,17,19,16,16,14,14,13,13,11,9,11,11,7,7,6,6,8,6,6,6,6,6,5,5,6,6,4,6,5,4,5,6,7,7,5,5,5,4,4,3,3,3,3,4,4,4,4,4,4,4,4,4,3,3,3,3,3,3,3,2,2,2,2,2,1,1,1,1,1,1,1,0,0,0,1,1,1,1,0,0,0,0,0,0,0,0,0,0,0,0,0,0,0,0,0,0,0,0,0,0,0,0,0,0,0,0,0,0,0,0,0,0,0,0,0,0,0,0,0,0,0,0,0,0,0,0,0,0,0,0,
33,21,18,19,27,25,24,21,23,26,27,33,40,47,54,50,48,46,62,61,62,64,58,68,79,83,94,93,92,103,101,103,115,114,121,133,141,152,142,152,158,157,154,152,159,154,161,170,169,170,181,188,173,185,189,181,181,174,178,186,183,174,181,179,166,177,165,163,150,142,161,152,165,155,158,155,151,150,143,142,141,148,146,129,124,118,109,118,106,100,94,90,86,86,85,81,75,69,60,52,51,48,50,43,40,41,43,39,39,36,30,30,28,26,25,23,21,20,21,20,21,22,21,20,17,16,17,18,18,15,15,14,14,15,14,14,14,15,12,11,11,11,12,10,10,9,8,8,9,9,9,9,9,9,8,8,8,8,8,6,5,4,3,4,1,2,2,2,1,1,1,1,1,1,1,1,1,1,1,1,2,1,1,1,1,1,1,1,1,1,1,1,1,1,1,1,0,0,0,0,0,0,0,0,
30,22,17,14,18,21,28,32,31,29,36,35,32,43,41,48,62,64,74,82,90,83,93,94,99,98,107,124,128,128,127,121,136,133,138,133,134,139,135,153,155,151,160,163,171,166,170,165,166,166,172,170,178,166,162,163,163,157,167,159,160,160,152,152,154,144,133,136,138,146,143,134,133,130,126,125,123,118,124,116,119,124,123,126,119,116,115,116,115,121,112,112,114,110,107,110,119,102,103,108,107,96,96,93,88,79,85,89,80,82,80,86,81,77,72,67,67,63,62,61,54,51,44,50,48,46,45,45,40,36,34,35,34,29,28,26,24,22,17,18,18,20,17,19,16,18,16,14,14,13,16,15,15,12,12,12,11,10,10,11,11,11,10,9,9,9,9,9,9,9,8,8,6,5,6,6,8,9,5,4,4,4,4,4,4,5,5,5,4,3,3,3,3,4,3,3,3,3,2,2,2,2,2,2,3,4,4,2,1,1,1,1,1,1,1,
29,23,17,20,22,28,22,24,31,36,46,47,52,59,61,61,69,73,86,86,89,103,114,127,121,131,135,155,139,138,157,152,155,162,163,158,162,162,167,171,167,170,182,170,181,188,195,189,193,185,179,173,179,181,181,181,176,169,172,173,163,171,163,164,171,156,145,141,134,136,140,142,140,140,127,125,114,119,114,105,93,83,82,83,82,72,75,71,68,68,68,69,69,62,66,63,56,54,45,43,44,43,45,41,42,42,36,36,37,36,31,28,29,30,30,25,25,27,28,31,33,32,32,34,39,38,38,39,40,38,37,38,37,38,38,36,45,38,34,31,34,38,38,37,44,47,40,39,38,39,35,39,42,47,45,45,47,47,46,47,50,46,41,45,40,32,32,39,35,39,37,39,33,30,28,30,36,33,31,36,37,31,28,28,26,21,20,20,20,20,21,16,17,17,17,15,17,17,13,13,15,16,18,17,16,15,13,14,15,15,14,12,13,11,10,9,10,8,7,6,6,6,6,7,5,5,5,4,3,3,2,2,3,4,3,2,2,2,2,1,1,1,1,
30,19,21,22,26,28,28,30,33,33,41,42,43,50,50,59,60,58,57,67,68,68,77,87,93,106,99,111,109,109,123,125,125,139,132,139,160,163,170,179,180,178,187,174,190,189,189,194,184,184,178,176,182,167,166,165,175,176,179,197,197,205,209,207,199,198,194,183,186,184,175,171,177,175,173,173,170,174,174,164,158,159,158,161,166,156,148,143,136,128,126,122,114,107,104,102,101,90,85,80,78,72,74,77,71,71,66,57,56,54,50,49,46,37,38,36,36,37,34,32,31,30,30,32,32,34,34,32,31,29,28,27,27,27,30,27,22,23,23,23,21,22,21,22,23,22,21,21,19,19,17,17,18,18,16,16,16,16,15,16,17,16,14,12,10,8,6,5,5,4,5,4,3,3,3,4,4,4,4,4,4,4,4,4,5,4,4,3,2,2,2,2,2,2,2,2,1,1,1,1,1,0,0,0,0,
25,19,19,19,16,23,21,21,24,24,27,31,31,36,34,44,40,44,49,56,63,67,62,67,74,75,68,75,83,94,103,103,113,118,115,125,133,128,141,135,132,144,143,134,136,148,152,146,151,164,182,181,176,173,180,171,169,158,158,153,160,153,151,154,156,164,163,156,151,142,140,135,135,124,127,126,130,124,121,114,108,119,129,124,122,115,116,119,116,115,118,119,115,108,98,103,94,102,103,100,88,83,77,78,74,72,73,72,73,69,70,70,66,66,66,62,61,51,48,47,46,44,39,39,39,38,34,32,35,33,33,33,33,37,35,31,28,27,29,23,18,19,18,18,18,19,15,14,13,13,11,12,13,9,10,11,10,8,5,5,5,6,5,4,4,3,3,3,5,4,4,4,6,6,6,6,6,6,5,4,4,4,4,3,1,1,1,1,2,2,3,2,3,2,2,2,2,2,2,0,0,0,0,0,0,0,0,0,0,0,0,0,1,1,1,1,1,1,2,1,0,0,0,0,0,0,0,0,0,0,0,1,1,1,1,1,1,1,1,1,1,1,2,2,2,2,2,2,2,1,1,2,2,2,2,3,4,4,2,2,2,1,1,
24,16,16,19,21,26,25,33,38,46,39,50,56,65,64,63,72,81,87,95,105,99,110,122,131,140,150,158,148,173,179,179,198,189,209,222,225,233,245,246,250,257,250,241,246,255,256,273,270,268,265,274,278,274,283,294,292,288,274,274,281,275,273,274,283,277,282,259,255,239,233,216,213,212,212,207,200,193,188,187,171,169,159,142,145,138,137,131,137,128,119,120,113,101,99,102,104,94,88,85,75,78,72,62,62,63,63,55,54,54,45,44,42,35,35,35,36,34,37,32,28,27,30,25,20,19,17,16,16,15,12,11,11,11,10,10,10,5,5,4,4,4,5,5,7,7,6,5,4,4,4,4,3,3,3,4,4,4,3,3,4,5,4,4,5,2,2,2,1,1,1,1,1,2,1,1,1,1,1,0,0,0,0,1,1,1,1,0,0,0,0,0,0,0,0,0,0,0,0,0,0,0,0,0,0,0,0,0,
30,24,21,21,25,27,32,28,32,35,39,36,36,42,47,50,51,58,61,73,78,79,82,87,93,96,109,105,105,115,129,140,152,168,166,165,177,182,183,179,172,181,187,185,182,179,176,172,169,179,198,185,183,193,189,197,188,194,205,200,210,201,205,198,199,214,209,211,217,209,222,213,206,207,208,205,204,198,200,190,198,193,190,182,191,188,177,174,174,173,172,152,149,146,153,145,131,139,136,130,122,121,126,119,115,107,96,92,90,90,85,85,81,69,61,57,55,51,45,47,42,47,45,46,48,51,49,47,44,40,40,36,36,36,35,37,34,33,32,30,24,23,23,21,24,28,26,28,25,24,20,18,18,18,19,19,19,18,18,18,19,17,13,13,15,14,14,14,13,12,13,14,12,12,11,11,12,11,9,10,10,6,6,6,6,6,7,6,8,8,7,8,5,6,6,5,4,4,3,3,3,3,3,2,2,1,1,1,1,1,
35,24,26,26,21,20,26,32,35,41,51,48,52,50,53,65,77,78,88,96,99,111,125,128,145,151,157,155,148,157,168,168,180,195,214,214,235,215,223,213,228,230,211,224,231,245,229,227,229,239,236,239,236,227,212,208,221,216,202,205,200,189,189,193,186,174,183,180,182,185,186,167,166,164,156,155,155,162,166,153,154,159,138,133,126,118,117,118,118,122,113,117,116,110,102,102,93,92,97,88,90,83,81,76,71,67,66,62,58,52,51,47,51,50,52,53,58,52,48,45,38,33,35,35,36,33,28,31,32,35,31,27,24,23,20,16,13,12,10,8,12,11,10,11,11,9,10,13,12,12,12,14,12,12,8,9,9,8,10,13,10,6,6,6,4,4,4,3,4,4,3,2,3,4,4,4,3,3,4,3,3,2,2,2,2,2,2,2,2,3,3,3,3,3,3,1,1,2,3,3,1,1,1,1,1,1,1,1,1,1,
26,21,21,21,22,22,23,26,25,24,26,28,33,32,37,43,58,51,63,70,82,76,84,71,84,88,98,91,97,102,105,121,119,115,127,129,135,143,155,169,176,172,185,200,204,213,221,224,226,230,232,237,249,248,254,256,262,272,275,281,275,263,247,240,245,250,242,259,254,240,241,234,222,217,216,206,190,182,179,162,158,147,135,137,135,124,129,125,121,114,113,110,109,105,103,104,109,103,97,91,94,88,84,78,67,66,65,62,60,58,56,47,44,42,40,38,36,33,28,29,29,25,21,23,20,19,21,21,19,17,13,14,14,12,11,12,13,12,13,11,12,11,8,8,7,8,7,7,7,8,6,7,6,6,6,6,6,7,7,7,6,6,7,8,9,7,8,8,9,7,6,7,5,5,5,5,6,4,3,3,3,2,2,2,2,2,2,1,1,1,1,1,1,1,1,1,1,1,1,1,1,1,1,1,1,1,1,1,1,1,1,1,
31,21,20,19,19,16,18,18,24,26,33,36,40,39,44,45,49,54,59,64,79,82,93,98,99,116,120,121,129,132,137,145,154,151,142,157,168,164,177,161,161,174,167,187,183,189,198,205,199,211,212,221,225,234,239,224,229,231,225,233,224,223,225,214,212,203,194,199,197,195,174,174,166,161,160,161,158,144,148,149,147,142,136,121,120,118,110,106,107,101,93,86,79,77,72,66,65,64,58,59,58,53,52,46,46,43,41,41,46,44,45,37,36,33,27,25,26,25,22,21,16,14,16,17,15,13,12,12,12,11,10,11,10,11,9,9,7,7,6,6,6,6,6,6,5,4,4,4,4,4,3,3,3,3,3,2,2,2,2,2,2,2,2,2,2,2,2,2,2,2,1,1,1,1,1,1,1,1,1,1,1,1,1,1,1,1,1,1,1,1,1,1,1,1,1,1,1,1,1,1,1,1,1,1,1,1,1,1,1,1,1,1,1,1,1,1,1,1,1,1,1,1,1,1,1,1,1,1,1,1,1,1,1,1,1,1,1,1,1,1,1,1,1,1,1,1,1,1,1,1,1,1,1,1,1,1,1,1,1,
25,18,18,20,18,23,23,22,23,20,19,24,28,38,43,43,46,45,51,58,58,63,57,59,59,62,64,69,74,75,79,74,80,88,102,111,114,112,115,126,123,124,138,150,146,159,165,159,173,178,194,185,176,191,178,180,192,192,183,178,184,175,180,174,176,182,183,199,189,186,192,184,186,182,168,175,170,151,149,155,139,140,136,140,128,132,129,119,112,107,101,103,105,104,100,91,95,88,83,79,77,69,67,66,64,61,65,71,63,56,52,51,54,56,57,57,55,55,50,54,49,49,44,42,41,39,40,38,35,34,33,31,30,30,27,29,26,22,20,21,24,28,24,24,23,22,20,19,20,20,17,13,11,10,10,11,8,9,7,6,6,5,3,3,4,4,4,4,3,3,2,1,2,3,2,2,2,3,2,1,0,0,0,
33,28,27,30,31,36,37,37,38,44,48,50,58,62,69,82,86,91,89,96,105,110,107,125,138,128,144,133,143,148,142,149,147,172,187,191,200,198,205,208,217,225,226,235,235,245,243,237,241,229,234,227,230,225,219,237,258,267,263,265,274,252,251,235,234,228,226,219,224,223,218,206,205,194,187,180,171,171,176,164,164,169,159,155,146,144,129,133,124,121,112,108,101,97,103,98,94,88,78,78,70,72,65,63,63,61,57,53,48,56,56,58,57,52,48,47,42,37,37,36,37,34,33,33,29,31,25,28,28,26,24,19,19,18,17,18,19,19,20,21,21,22,24,23,22,18,19,16,13,11,12,10,10,8,6,6,8,7,7,5,3,3,3,3,3,4,3,2,2,3,1,1,1,1,1,1,1,1,1,1,1,1,1,2,2,1,1,1,1,1,1,1,
28,19,19,19,21,22,25,23,28,27,37,38,44,56,54,54,73,71,72,81,80,89,108,114,123,119,115,137,139,141,145,146,153,160,166,180,171,181,179,188,189,191,177,176,171,172,184,185,190,193,193,190,189,195,195,198,189,187,188,187,177,186,175,185,189,184,169,180,165,159,153,157,156,167,156,149,144,139,136,142,145,144,155,141,126,127,117,115,112,109,104,97,95,97,95,90,82,79,72,68,67,70,71,70,72,73,71,67,59,58,58,56,50,52,49,44,45,45,50,49,52,45,42,42,41,36,34,31,32,34,35,28,28,28,34,33,32,29,29,28,31,32,30,30,27,22,23,19,20,20,16,14,14,11,13,11,14,14,13,11,9,7,6,6,6,7,7,9,7,7,8,7,7,9,10,11,9,11,10,10,9,7,6,6,6,5,5,5,5,6,5,3,2,2,3,3,3,2,1,1,1,1,1,1,1,2,2,2,2,1,1,1,1,1,1,1,1,1,2,2,2,2,2,2,1,2,2,1,1,1,1,1,1,1,
24,21,18,17,18,18,21,25,28,29,29,37,40,42,39,39,43,46,47,50,59,62,62,66,61,64,70,71,82,87,92,96,88,102,99,108,113,113,113,108,119,126,131,140,138,134,138,147,143,145,146,144,151,150,155,170,171,174,173,170,174,181,187,184,177,173,181,175,179,178,180,178,180,177,169,166,173,165,163,163,163,181,175,165,156,159,157,158,160,156,144,146,146,141,135,130,127,128,118,117,125,131,119,113,107,102,104,98,99,98,96,90,93,87,81,78,72,73,71,71,69,75,69,66,59,64,67,58,53,52,50,45,49,43,42,38,33,31,31,30,30,24,22,20,20,15,17,16,14,19,19,19,19,16,14,16,17,18,19,16,15,16,19,19,18,16,14,13,12,9,10,11,10,13,12,11,11,10,12,11,7,6,7,7,8,6,5,5,7,7,8,9,6,5,4,5,5,5,5,3,3,4,3,3,2,4,2,2,2,2,2,3,3,2,3,3,2,3,3,3,2,2,2,2,2,3,1,1,2,1,1,2,2,3,2,2,2,2,2,2,2,2,2,2,2,2,3,3,3,3,3,3,4,3,2,2,3,2,2,1,1,1,1,2,2,1,1,1,1,1,1,1,1,1,1,1,1,1,1,1,1,1,1,1,1,1,
27,19,16,21,21,17,23,24,26,23,25,28,28,33,36,44,51,51,58,63,62,66,65,66,77,75,88,96,96,108,103,104,105,121,132,141,139,143,138,138,124,143,155,152,160,169,160,159,169,160,171,174,163,159,154,163,153,139,134,137,140,146,140,149,156,148,133,145,151,161,152,145,140,137,139,129,132,122,119,119,115,122,120,117,113,111,103,105,105,105,102,98,100,96,94,88,88,81,84,90,82,84,79,75,81,87,89,86,87,89,95,92,82,75,79,79,77,81,74,69,66,69,71,69,77,72,72,79,77,73,80,78,78,85,72,74,88,93,90,80,73,68,69,76,73,66,74,68,70,68,75,74,73,68,72,70,69,68,63,57,53,55,50,53,52,58,52,52,53,48,41,37,29,30,29,31,29,30,31,32,25,23,21,21,22,21,21,24,20,23,22,19,15,15,14,12,13,13,15,15,16,15,12,10,13,12,11,10,9,9,8,7,7,7,7,7,7,7,7,7,7,7,7,6,6,7,6,6,7,7,7,7,5,5,5,5,6,5,4,4,4,4,4,3,2,2,2,2,1,1,2,2,2,1,
30,24,18,12,14,13,16,16,17,18,23,23,23,22,30,28,34,36,41,45,47,48,51,51,55,52,55,47,57,69,68,75,82,79,78,86,84,80,84,92,92,106,114,121,134,137,137,150,161,168,174,172,179,175,171,189,195,202,205,204,203,203,206,206,197,203,210,210,220,220,227,218,218,227,224,216,207,203,194,197,196,192,183,180,175,168,158,143,142,131,135,134,132,130,123,113,109,110,103,110,113,114,105,99,90,84,79,74,73,73,73,66,69,64,63,56,56,55,54,50,51,49,46,46,45,42,38,34,31,30,32,30,31,31,28,28,25,23,21,22,19,20,21,19,18,14,14,15,14,15,14,13,12,11,12,11,9,7,7,6,8,6,6,7,6,7,5,6,5,4,4,4,4,2,2,3,3,5,4,3,3,2,2,2,2,2,2,2,3,3,2,2,3,3,2,1,1,1,1,1,1,1,1,1,1,1,
26,18,17,17,20,25,26,23,21,28,32,32,42,43,43,46,45,52,57,60,57,71,79,82,83,90,91,75,82,84,104,98,104,100,107,108,120,111,113,113,102,107,104,105,111,109,102,110,110,98,108,104,114,122,112,113,115,110,114,109,114,126,133,129,118,129,131,132,115,128,122,124,128,126,114,127,129,129,125,125,119,110,111,112,96,95,101,97,98,101,107,108,111,113,113,98,100,97,95,87,85,90,96,89,89,90,86,82,79,73,69,72,68,68,67,65,66,66,75,68,65,66,70,64,62,54,49,48,49,50,51,45,44,43,37,36,36,33,33,31,34,34,32,30,25,25,24,21,23,27,27,27,26,21,22,19,20,20,18,19,20,19,20,22,18,15,15,16,12,12,11,11,9,13,12,13,9,10,12,11,12,15,14,14,14,17,17,14,12,14,13,14,14,12,12,12,11,11,15,15,14,13,12,15,15,17,18,16,17,17,14,21,17,13,14,13,19,17,18,17,16,19,16,17,11,10,9,9,9,10,10,9,6,6,7,10,8,8,8,9,8,8,8,10,9,9,8,8,8,7,6,6,7,7,5,4,6,7,4,4,4,3,3,3,3,2,1,1,1,0,0,1,1,
39,29,24,25,28,29,34,43,42,43,41,45,47,53,54,59,68,71,76,73,90,95,108,115,117,129,139,145,140,148,159,180,182,185,194,202,207,222,230,226,229,237,243,243,246,242,237,245,260,262,267,263,258,267,271,264,260,246,243,252,258,241,227,241,251,250,238,228,232,214,210,207,203,195,195,206,198,198,186,187,196,182,181,170,171,166,153,146,142,140,129,116,112,111,100,95,82,81,73,67,69,69,67,66,60,54,55,54,50,47,51,49,48,45,43,38,36,30,24,23,25,22,22,21,21,21,19,17,17,15,17,13,10,8,8,8,7,7,6,7,7,7,7,7,8,8,8,5,3,4,4,3,2,3,3,3,3,3,2,4,3,2,1,1,2,2,2,2,2,2,2,2,2,3,3,2,2,1,1,1,1,1,1,1,1,1,1,1,1,1,1,1,1,1,1,1,1,1,1,1,1,1,1,1,
29,18,16,13,13,13,15,16,19,19,26,29,36,43,44,50,60,63,58,70,72,75,78,82,86,79,86,102,99,99,96,106,111,110,118,129,137,134,142,149,153,149,158,155,168,171,169,170,179,184,185,194,206,206,198,197,193,197,188,208,206,200,193,196,201,197,182,179,181,183,176,174,165,166,171,177,175,178,180,176,164,151,146,149,146,144,142,131,132,119,115,108,110,100,94,94,89,88,80,67,64,65,63,62,55,55,50,38,36,37,32,30,31,35,35,33,29,27,31,25,22,23,26,25,25,22,20,17,14,14,11,13,9,7,6,5,8,9,11,10,10,9,7,5,4,5,6,6,7,8,4,4,3,4,4,3,3,2,2,2,0,0,0,0,0,0,0,0,0,0,0,0,1,1,0,0,0,0,0,0,0,0,0,0,0,0,0,0,0,0,0,0,
34,24,16,18,17,21,25,30,36,35,33,30,34,41,41,47,54,57,66,69,69,80,75,80,83,90,96,109,108,118,114,112,120,130,130,139,147,150,173,173,166,169,175,174,172,173,164,161,171,189,180,183,173,182,179,183,186,184,188,193,185,192,194,186,184,173,170,166,164,167,154,156,149,129,135,132,136,131,146,143,128,130,130,118,114,119,103,113,109,107,94,95,94,90,95,99,98,98,100,97,91,90,89,88,86,86,91,86,89,90,84,76,75,70,67,65,63,73,64,63,60,50,50,49,52,47,46,43,43,43,46,41,36,36,36,31,34,32,30,31,29,26,25,27,24,25,23,22,19,18,15,12,13,12,11,10,11,10,11,10,11,10,8,9,9,7,6,6,6,7,7,4,4,4,3,4,5,5,5,6,7,7,6,5,5,5,5,6,5,5,5,5,5,5,6,6,5,3,1,1,1,1,1,1,1,1,
28,18,14,13,13,13,15,18,22,26,34,37,37,39,41,42,49,57,63,66,81,91,94,113,117,118,125,122,133,138,134,126,129,147,170,169,179,186,177,178,185,193,203,193,190,202,192,187,193,186,191,193,188,198,202,204,207,206,214,222,219,208,208,209,205,199,194,184,181,176,174,177,170,184,181,171,173,165,170,176,171,159,159,159,152,148,142,136,137,131,140,143,145,142,142,136,128,119,119,122,117,114,120,116,118,108,109,107,107,102,97,95,89,85,82,81,77,77,71,77,79,80,78,73,65,63,61,58,57,53,50,49,50,43,42,41,38,37,33,30,29,29,25,22,24,24,23,25,29,25,23,23,24,22,21,21,20,17,20,21,21,16,15,14,14,14,13,13,14,14,11,11,11,11,11,11,10,9,9,9,8,8,8,8,7,7,6,5,4,4,3,3,3,3,3,1,1,1,1,1,1,1,1,2,2,2,2,1,1,1,1,1,1,1,1,1,1,1,1,0,1,1,1,1,
29,20,20,18,18,18,25,29,31,31,36,46,51,55,69,74,80,85,89,103,107,125,128,125,134,141,156,168,169,173,166,168,175,182,185,192,187,203,198,201,215,201,210,210,215,215,228,232,235,235,215,213,222,221,216,205,202,194,195,206,202,195,206,206,191,198,199,183,173,169,178,174,159,162,156,158,147,144,149,148,144,132,136,132,132,122,120,115,108,109,114,116,118,116,109,108,98,97,85,86,88,90,94,87,86,81,79,78,75,75,79,81,77,81,69,69,63,64,61,64,63,65,57,56,58,52,50,46,50,49,45,44,44,45,44,39,34,31,28,30,30,31,28,30,28,31,27,28,27,23,24,20,19,17,17,15,17,17,17,17,17,15,15,13,16,15,14,15,12,11,10,10,8,8,10,10,11,10,8,9,10,8,8,10,8,6,6,4,3,3,4,4,4,5,5,5,3,3,3,4,4,4,4,4,4,3,2,1,1,1,1,0,0,0,0,0,0,0,1,1,1,1,1,1,1,1,1,1,1,1,1,0,0,0,0,0,0,0,0,0,0,0,1,1,1,1,1,1,1,1,1,0,0,
34,30,28,26,25,33,36,36,39,45,53,51,55,63,60,60,70,84,88,95,90,96,109,117,118,133,143,152,174,185,184,192,196,204,216,216,205,224,239,235,241,240,232,238,230,245,248,238,240,243,243,236,234,232,228,221,220,225,220,232,223,203,208,203,200,200,193,208,204,196,195,180,177,177,186,178,174,159,151,151,144,138,136,133,138,138,139,135,120,116,113,102,99,95,94,90,92,91,77,79,76,65,64,72,63,54,50,43,42,46,46,43,39,38,35,34,34,32,27,25,25,28,22,18,17,16,16,13,13,13,16,16,19,17,18,21,16,14,14,14,15,16,14,14,12,13,12,11,11,13,15,17,19,17,17,20,22,20,16,19,19,18,16,11,13,9,9,9,9,8,6,8,8,8,9,8,9,8,8,8,8,8,7,6,7,7,8,8,8,11,11,11,11,9,9,6,6,6,6,7,8,8,8,8,7,6,5,5,5,6,6,5,5,2,2,3,3,3,3,3,3,2,2,2,2,1,1,1,1,1,1,1,1,1,
25,14,14,12,15,13,15,20,20,17,16,15,27,33,30,36,39,50,50,54,55,65,67,63,71,70,78,75,79,78,89,94,91,94,102,107,110,106,108,116,121,135,130,136,137,132,130,137,143,146,154,154,165,166,163,167,174,179,182,181,193,194,194,194,188,191,195,197,197,200,189,192,198,192,186,182,166,158,155,140,137,130,131,132,127,131,147,147,148,140,134,128,119,114,107,105,105,95,104,105,94,95,93,85,82,83,85,80,83,77,75,73,73,72,67,73,73,63,73,72,68,60,61,59,58,60,64,61,59,66,62,62,56,52,48,48,42,39,40,43,41,40,44,45,43,37,31,26,30,28,27,30,30,30,28,28,26,24,20,21,21,20,17,17,19,19,17,15,14,13,12,9,8,9,9,7,7,7,7,6,5,4,4,3,2,3,3,3,3,3,3,3,3,3,3,3,3,3,3,3,3,3,3,3,3,3,3,3,3,3,3,2,2,2,2,2,2,2,2,2,2,1,1,1,1,1,1,1,1,1,1,1,1,1,1,1,1,1,1,1,1,1,1,1,1,1,1,1,1,1,1,1,1,1,1,1,1,1,1,1,1,1,1,1,1,1,
33,27,23,25,25,25,30,36,36,42,39,42,46,48,49,55,59,70,65,66,82,96,104,114,120,112,126,139,140,138,127,144,145,151,154,163,170,178,174,182,180,183,177,164,149,148,146,135,140,138,136,137,141,148,144,144,134,130,123,129,115,113,114,119,121,129,127,128,120,122,118,121,121,123,123,119,118,115,107,111,112,119,100,96,90,84,82,86,77,84,78,71,77,72,70,71,72,64,71,61,54,52,45,45,37,38,40,38,37,35,35,34,29,31,30,30,29,26,27,26,27,25,27,23,22,22,21,21,20,20,18,17,15,14,11,11,13,14,9,9,7,6,6,6,5,4,5,6,6,5,5,4,4,2,2,2,2,2,2,2,2,1,1,1,1,1,1,1,1,1,1,1,1,1,1,1,0,1,1,1,1,1,1,1,1,1,0,0,0,0,0,0,0,0,0,0,0,0,0,0,0,0,0,0,0,0,0,0,0,0,0,0,0,0,0,0,0,0,0,0,0,0,0,0,0,0,0,0,0,0,0,0,0,0,0,0,0,0,0,0,0,0,0,0,0,0,0,0,0,0,0,0,0,0,0,0,0,0,0,0,0,0,0,0,0,0,0,0,0,
25,13,11,11,13,14,16,17,20,24,25,28,39,41,49,57,55,55,61,64,74,78,87,92,93,95,105,98,105,111,124,133,124,124,126,123,121,127,129,130,140,145,144,143,143,145,140,133,124,125,134,156,156,157,153,153,140,138,137,142,135,121,120,128,118,121,117,110,108,113,109,108,109,108,105,104,93,90,85,85,78,80,81,75,83,75,79,73,71,78,80,83,81,75,69,75,74,70,66,63,64,68,72,75,70,66,67,63,58,61,62,56,58,62,60,58,55,54,54,55,55,55,53,46,48,43,43,44,46,43,39,41,41,44,48,46,49,42,39,37,34,38,35,32,33,32,35,36,34,31,31,29,27,23,24,23,23,24,23,20,20,18,18,15,17,15,13,13,13,12,14,11,12,9,8,6,7,6,6,6,4,2,2,2,3,3,3,3,3,3,3,2,1,1,1,1,1,1,1,1,1,1,0,0,0,0,0,0,0,0,0,0,0,0,0,0,0,0,0,0,0,0,0,0,0,0,0,0,0,0,0,0,0,0,0,0,0,0,0,0,0,0,0,0,0,
30,22,22,25,27,24,32,37,38,38,51,59,59,65,70,81,90,96,100,111,117,115,124,118,115,123,120,126,144,154,166,169,180,171,176,168,180,194,179,187,189,190,194,194,194,189,197,190,192,199,196,194,202,191,180,185,182,185,191,183,187,187,182,182,178,173,185,170,173,168,169,164,146,151,151,143,139,141,142,139,134,120,118,118,117,111,105,102,102,97,91,87,82,76,82,77,75,73,70,68,63,63,66,62,60,53,57,56,47,49,39,43,45,41,41,36,34,36,28,28,30,33,31,27,21,22,19,19,22,21,21,17,18,15,14,14,10,13,15,13,10,7,8,9,8,6,6,5,5,6,6,6,6,6,7,7,7,7,8,9,6,6,6,6,6,6,6,7,8,8,8,7,7,7,6,7,7,5,5,3,3,2,1,1,1,1,1,1,
27,18,22,20,18,25,31,33,40,42,47,61,60,62,73,73,80,85,105,115,115,132,136,146,160,170,174,186,185,201,202,220,215,215,235,242,239,238,241,239,257,278,284,279,273,287,288,283,297,291,279,256,259,262,263,250,252,249,259,242,235,215,220,215,211,204,200,195,176,166,167,166,168,160,151,141,134,126,123,118,120,118,116,113,110,103,99,101,108,105,98,94,88,88,82,78,80,77,71,74,78,74,67,68,57,51,52,52,50,47,46,44,44,45,41,39,33,28,34,35,37,38,37,34,34,33,27,25,23,20,24,22,18,21,18,19,17,19,18,16,13,11,11,7,9,10,6,6,6,5,6,6,5,5,5,4,4,4,5,6,5,5,4,4,3,3,5,5,5,3,3,2,2,2,2,2,2,2,2,2,3,3,4,4,3,3,3,2,2,2,2,1,1,1,1,1,1,1,1,1,0,0,0,0,0,0,0,0,0,0,0,0,0,0,0,0,0,0,0,0,0,0,0,0,0,0,0,0,
27,15,15,18,22,18,21,22,25,34,34,38,43,40,42,56,60,65,71,80,87,89,104,105,117,121,117,122,111,113,119,129,146,143,137,142,147,159,163,163,179,179,184,178,175,177,199,205,203,203,199,192,189,182,183,187,198,200,196,193,202,193,182,185,186,181,176,170,163,159,152,153,150,141,159,155,143,139,136,140,146,126,123,130,125,126,116,113,118,113,114,113,115,113,112,107,107,99,96,94,88,85,75,71,67,66,66,67,66,62,62,59,53,56,58,56,58,53,47,44,43,39,42,35,37,34,31,29,30,32,30,29,26,27,26,25,29,29,25,21,18,16,15,15,13,13,10,13,15,13,14,14,15,15,16,14,10,8,8,7,7,6,7,8,7,4,3,4,3,1,2,2,2,2,2,1,1,1,1,1,1,1,2,1,1,1,2,2,1,
24,15,12,12,12,11,10,14,15,14,16,21,27,33,35,39,37,40,36,43,46,59,57,57,62,75,74,80,91,101,92,97,101,105,110,116,111,109,113,116,124,132,127,127,144,148,152,157,154,151,154,154,153,160,177,179,179,186,185,191,191,189,176,170,176,179,182,180,176,178,183,192,191,176,187,190,174,184,186,189,183,175,163,169,164,159,163,160,159,159,161,151,151,149,149,137,135,139,131,123,119,127,118,117,108,109,101,95,87,86,81,79,78,79,77,75,72,65,64,64,60,65,59,55,57,51,46,43,38,39,35,37,34,34,34,32,29,27,26,20,22,22,22,21,18,20,19,19,19,19,17,18,18,17,16,15,11,12,11,9,8,9,10,8,5,5,4,4,4,4,4,4,4,4,4,4,4,4,4,4,4,3,3,3,3,3,3,3,3,3,3,3,3,3,3,3,3,3,3,3,3,3,3,3,3,3,3,3,2,2,2,2,2,2,2,2,2,2,2,2,2,2,2,2,2,2,2,2,2,2,2,2,2,2,2,2,1,1,1,
26,21,17,22,24,22,27,24,29,33,28,30,33,29,34,32,37,47,46,52,58,63,77,83,91,92,87,95,96,96,102,106,107,105,104,101,125,122,143,141,156,158,166,169,166,172,165,168,170,167,173,196,190,191,199,213,211,214,216,201,186,172,185,173,165,173,158,165,159,157,151,146,144,153,148,137,133,118,116,119,124,120,115,124,124,115,116,122,113,108,115,109,103,109,104,102,107,104,98,99,88,94,92,88,82,78,78,86,85,85,82,74,67,70,69,71,67,60,57,58,56,56,50,48,48,41,41,40,38,34,34,28,28,27,29,29,31,27,37,31,30,26,27,22,24,21,24,22,18,19,18,18,18,20,19,18,18,16,15,14,16,15,15,12,12,10,12,10,7,6,7,8,10,9,9,10,8,7,8,7,8,7,8,9,8,8,7,9,7,7,7,4,6,8,8,8,7,6,5,7,6,4,4,4,4,4,3,3,2,2,2,2,5,4,3,1,2,2,2,2,3,3,2,3,2,1,1,1,2,2,1,1,1,1,0,0,0,0,0,0,0,0,0,0,0,0,0,0,0,0,
29,21,25,24,29,29,32,34,39,41,44,43,39,42,53,60,56,62,70,78,88,96,104,108,104,103,117,135,127,134,143,145,158,170,167,165,166,174,190,178,189,209,215,204,216,219,220,219,225,214,214,208,220,229,235,234,230,211,213,222,228,230,227,224,237,231,208,196,205,209,199,202,203,195,199,188,181,180,184,182,181,162,160,160,162,161,143,134,129,122,117,121,122,126,119,113,107,103,92,99,89,87,83,75,82,86,77,75,70,67,66,62,59,56,54,50,43,40,36,32,30,29,28,27,25,24,26,24,23,23,24,20,20,18,12,12,12,14,15,13,14,11,9,9,8,7,6,6,5,4,3,2,2,3,3,2,1,2,2,2,2,3,3,3,4,4,4,2,1,1,1,1,1,1,1,1,1,1,1,2,1,1,1,1,1,1,1,1,1,1,1,1,1,1,1,1,1,1,1,1,2,1,1,1,1,1,1,1,
28,19,18,17,22,21,18,17,20,18,25,24,23,31,32,28,32,36,45,58,62,60,73,69,82,84,97,103,103,107,125,141,147,149,153,146,155,160,174,183,177,182,190,198,197,199,200,204,212,198,205,215,228,235,245,241,233,235,238,246,232,234,241,244,246,240,230,221,213,207,201,204,200,194,192,188,173,171,163,165,158,152,147,131,131,119,116,106,115,108,96,93,84,80,79,81,75,72,66,65,55,51,48,47,46,46,38,33,32,28,25,27,26,25,28,24,22,21,17,18,20,19,18,17,16,17,17,13,13,14,14,14,12,11,10,10,10,9,7,7,7,7,6,6,5,5,6,5,5,5,5,5,5,5,4,3,3,3,3,2,2,2,2,2,2,2,2,1,1,1,2,2,1,1,0,0,
28,17,13,13,13,18,22,19,26,29,25,33,34,40,45,52,57,52,61,70,70,67,83,81,99,98,109,105,113,112,102,114,113,120,113,113,122,123,127,129,121,125,126,129,123,118,120,117,117,122,128,138,141,136,129,128,125,122,116,118,109,106,107,108,103,91,99,81,82,79,77,72,71,83,85,84,85,84,79,74,76,75,76,76,74,75,76,73,70,69,68,60,58,55,57,56,51,50,53,56,56,52,43,45,45,42,39,39,33,34,31,27,20,18,20,21,21,21,21,23,24,23,24,25,25,26,27,25,21,22,21,21,22,19,19,17,14,14,15,12,13,9,10,8,10,9,9,9,8,9,8,8,7,6,6,6,6,5,5,5,5,6,5,5,4,3,3,3,3,2,2,2,2,2,2,2,2,2,2,2,2,2,2,2,2,2,2,2,2,2,2,2,2,2,2,2,2,2,2,2,2,2,2,1,0,0,0,0,0,0,0,0,0,0,0,0,0,0,0,0,0,0,0,0,0,0,0,0,0,0,0,0,0,0,0,0,0,0,0,0,0,0,0,0,0,0,0,0,0,0,0,0,0,
30,24,20,19,16,17,22,25,28,30,39,34,46,44,51,57,62,68,76,84,90,106,112,106,118,124,139,146,161,168,179,178,180,183,200,203,214,210,215,220,227,241,236,252,244,243,249,239,241,240,242,240,235,225,231,223,216,203,202,192,187,176,188,186,180,180,182,184,181,172,171,173,161,165,161,151,151,167,161,158,152,148,131,132,142,125,124,122,120,110,108,110,108,101,95,94,101,91,91,91,91,86,81,76,74,66,69,63,59,57,51,48,46,47,44,43,41,41,40,39,37,31,32,27,26,21,20,21,19,16,13,11,11,14,9,10,9,9,9,8,7,6,4,4,3,4,5,5,5,5,5,5,5,4,4,5,4,6,3,2,2,2,2,2,2,2,1,1,1,1,1,0,0,0,0,0,0,0,0,0,0,0,0,0,0,0,0,0,0,0,0,0,0,0,0,0,0,0,0,0,0,0,0,0,
26,21,14,13,15,13,16,17,25,26,27,33,31,31,32,39,44,46,55,57,59,64,70,73,75,75,82,81,80,93,92,107,112,112,113,122,136,134,138,142,162,159,174,176,168,169,164,172,173,152,157,152,171,178,182,199,196,203,190,194,190,178,165,159,167,165,161,152,155,150,142,146,139,129,127,126,119,126,132,130,125,127,132,127,122,117,117,104,96,90,86,86,88,86,84,85,80,74,70,67,69,64,62,54,54,51,48,47,45,45,42,42,38,37,39,39,41,40,36,36,32,30,31,31,31,34,36,31,28,28,29,22,24,22,21,17,19,19,19,17,18,15,15,14,11,9,8,7,6,7,9,8,7,7,9,9,9,7,7,8,7,4,4,4,3,3,3,3,3,4,4,4,3,3,4,4,4,4,4,5,4,4,2,3,3,3,3,3,3,2,1,1,1,1,2,2,2,2,2,2,2,2,2,2,2,2,2,2,1,1,1,1,2,2,3,4,3,5,3,2,3,2,2,1,1,1,1,
31,21,16,15,15,12,11,19,18,19,23,24,25,25,26,34,39,46,43,42,49,56,66,68,72,74,73,76,83,83,97,97,104,102,105,112,115,113,121,128,117,118,120,113,116,113,116,113,115,107,97,98,90,82,84,79,79,77,80,81,86,80,83,77,72,71,75,70,70,74,73,69,64,68,63,60,62,55,55,52,53,49,48,48,44,45,46,40,39,37,36,41,44,44,45,45,40,39,38,39,37,33,37,32,29,28,32,31,34,38,33,31,26,27,25,24,24,23,21,22,20,23,23,17,17,19,18,20,19,21,19,19,21,18,19,20,20,20,22,20,19,21,20,22,20,20,19,19,16,15,11,11,11,11,10,8,7,9,8,9,8,7,8,7,7,7,5,3,6,6,8,8,7,7,6,5,7,7,7,6,4,4,3,3,3,2,1,3,2,1,0,1,1,2,3,3,2,2,2,2,3,3,2,1,3,3,1,2,2,3,2,2,2,2,2,3,2,2,2,3,3,3,2,2,1,2,2,2,2,2,1,1,0,0,0,0,0,0,0,0,0,0,0,0,0,0,1,1,1,1,
31,24,24,20,17,17,16,19,20,20,29,28,30,37,39,40,54,64,67,66,72,80,95,88,99,89,99,110,112,126,123,115,128,140,136,143,142,135,148,139,156,150,177,172,168,161,175,171,178,185,191,180,184,189,190,188,178,184,173,169,155,164,151,157,155,147,150,143,143,139,137,143,143,143,136,135,137,136,136,126,127,123,120,121,114,108,109,98,101,99,96,94,92,95,94,95,96,84,79,72,78,74,72,73,68,65,65,67,67,65,62,61,60,60,53,52,49,43,40,42,41,44,47,48,45,45,37,37,33,36,35,31,34,32,22,18,16,20,19,18,14,15,15,14,11,11,11,13,10,7,6,7,6,5,5,5,5,5,6,6,10,7,5,4,4,5,5,4,6,4,5,7,6,5,5,4,3,4,3,1,2,2,1,3,2,3,2,2,1,1,1,2,2,3,2,3,4,4,3,3,2,1,1,2,1,0,0,0,0,1,1,2,2,1,3,2,1,1,1,0,1,0,0,0,0,0,0,0,0,0,0,0,0,0,0,0,2,1,1,0,0,0,0,0,0,
32,21,20,22,25,26,23,26,28,29,32,37,40,49,52,53,56,62,68,71,78,78,78,99,118,123,126,135,160,165,173,174,170,178,186,188,186,190,191,193,194,189,208,214,231,226,234,237,243,246,245,249,252,258,259,255,257,260,256,250,248,239,242,225,239,231,234,230,215,194,197,196,192,196,190,185,182,164,153,155,157,160,172,166,164,153,154,149,158,138,134,113,114,113,112,107,107,107,108,102,97,88,85,81,76,70,70,69,63,62,61,54,57,56,56,55,52,55,52,52,55,49,43,44,44,39,38,38,32,31,29,29,33,29,31,29,26,24,24,24,21,20,18,16,14,15,14,17,17,15,15,14,12,11,11,13,11,11,11,12,11,12,12,13,13,10,10,9,11,11,11,8,6,6,6,7,7,7,7,7,6,6,5,5,5,4,3,4,4,4,4,4,5,5,5,6,6,5,5,4,4,3,3,3,3,3,4,5,5,5,4,4,5,3,3,3,3,3,2,2,2,2,2,2,1,
32,25,22,21,22,23,21,23,32,36,40,42,49,50,58,67,63,77,83,84,87,96,107,113,117,120,130,128,119,120,131,132,137,156,164,156,160,158,166,170,168,175,186,190,175,173,172,163,169,174,175,181,191,187,181,188,181,175,173,172,170,176,178,181,176,170,162,144,160,159,160,158,158,161,165,155,151,148,143,137,142,133,128,132,125,126,118,111,108,107,104,102,113,112,106,98,96,95,100,97,98,100,98,101,98,87,91,83,78,78,72,68,61,57,59,51,51,50,44,48,43,47,40,42,44,48,43,47,49,38,40,41,41,39,38,34,36,40,40,32,29,31,32,32,30,28,28,27,23,23,18,20,19,20,18,15,15,14,12,11,10,12,11,10,10,7,7,7,7,7,6,6,6,9,9,7,8,9,9,7,8,8,7,6,6,6,6,6,7,5,5,5,5,7,7,7,7,6,7,7,8,7,6,5,4,6,5,4,4,3,3,3,3,3,4,3,2,1,1,0,0,
33,27,26,28,32,30,30,34,36,46,50,57,58,67,73,67,83,85,92,102,115,127,141,147,147,147,160,159,167,157,178,190,203,205,217,213,224,206,220,213,225,221,215,212,206,203,214,222,225,201,210,233,232,222,224,225,226,226,236,239,231,219,202,205,193,199,202,206,196,195,185,177,177,162,167,157,161,164,157,156,151,154,149,148,141,140,131,132,121,124,117,118,110,109,106,106,108,119,120,104,97,96,96,92,88,91,89,83,75,73,69,67,64,63,68,66,61,53,46,45,41,41,38,40,41,42,43,39,43,37,32,39,35,33,35,34,37,30,31,28,29,30,23,23,21,19,20,21,19,15,15,17,15,16,13,13,13,16,12,10,10,8,7,8,12,11,10,8,7,7,5,6,7,8,7,6,6,6,6,6,6,7,7,6,6,5,7,7,7,7,5,3,3,4,4,4,5,5,5,5,4,5,5,3,3,3,3,3,4,4,4,4,4,5,3,3,3,2,2,3,1,1,1,1,1,1,1,1,1,1,1,1,1,1,1,1,
29,19,16,18,21,25,23,25,31,31,35,40,42,51,61,63,66,71,85,79,83,95,103,103,113,110,116,121,124,130,132,141,131,140,147,148,153,157,158,172,168,174,169,178,192,181,181,198,192,186,181,166,166,170,172,164,172,159,162,166,161,157,160,166,174,174,175,167,155,150,152,148,140,137,135,140,139,138,134,125,119,114,111,101,111,112,118,106,103,96,91,95,97,85,83,76,66,64,65,68,65,67,66,66,65,62,61,66,58,56,51,55,56,53,51,51,46,46,50,43,45,41,47,49,42,45,43,41,36,40,40,43,35,41,44,36,38,35,39,40,40,45,41,41,41,43,36,36,39,39,40,35,31,32,28,29,31,28,25,31,37,41,36,29,33,31,24,28,27,26,26,25,24,22,20,21,20,19,22,23,26,24,24,23,23,22,19,20,18,17,15,12,10,11,11,7,5,4,4,4,4,6,5,7,4,4,4,4,4,5,4,4,3,1,1,1,2,1,2,2,1,
36,30,30,26,26,31,36,40,46,52,52,54,56,57,60,76,78,81,95,97,101,105,123,135,131,134,145,143,160,170,166,176,185,188,199,196,218,218,210,222,215,213,220,233,227,225,212,222,209,211,212,226,205,208,211,219,218,210,212,203,207,196,184,184,165,153,159,159,152,137,146,136,133,131,135,130,138,124,123,119,122,117,119,127,118,116,101,104,100,95,87,83,83,76,73,65,71,69,66,63,62,62,50,48,51,47,47,46,51,51,48,42,39,37,34,32,32,34,27,22,24,20,20,21,27,28,24,23,22,20,18,19,19,18,18,16,13,13,15,15,12,11,11,11,12,9,9,9,11,10,12,13,13,12,12,12,12,11,11,11,10,9,10,9,9,8,10,10,10,10,10,11,8,8,8,8,9,8,8,7,7,7,5,4,4,4,3,3,3,2,2,1,1,1,1,1,0,1,0,
24,18,14,15,17,17,10,17,15,16,22,19,22,22,34,37,41,44,44,50,57,51,42,51,58,56,68,65,76,77,85,89,87,105,100,104,107,104,101,105,112,118,118,123,119,129,131,140,130,148,149,151,170,174,168,162,165,172,176,178,155,156,160,175,177,174,172,175,183,184,177,191,194,175,164,164,158,167,155,150,143,152,143,147,149,149,138,128,123,118,122,121,117,112,114,109,118,119,119,119,115,120,118,124,112,106,98,99,98,88,86,82,74,76,70,64,67,75,74,71,64,71,73,69,63,62,64,61,61,64,65,63,63,66,66,63,60,62,61,58,61,55,49,54,47,52,45,50,46,40,43,39,38,41,39,38,37,32,32,32,28,24,26,27,26,27,28,24,23,19,17,16,17,17,15,14,14,15,18,17,14,12,14,14,12,10,9,7,9,9,9,10,7,7,6,6,4,5,4,5,6,4,4,4,4,3,3,3,3,3,3,3,2,2,2,2,2,2,2,2,2,2,2,2,2,2,2,2,1,1,1,1,1,1,1,1,1,1,1,1,1,1,1,1,1,1,1,1,1,1,1,1,1,1,1,0,0,0,0,0,0,0,0,0,0,0,0,0,0,0,0,0,0,0,0,0,0,0,0,0,0,0,0,0,0,0,0,
31,21,23,25,28,29,32,24,31,39,37,38,44,58,66,76,77,82,95,95,109,116,119,126,121,118,132,147,148,152,161,170,195,210,207,222,235,216,240,227,244,244,259,248,236,231,227,230,233,244,241,245,248,235,243,241,238,237,224,223,220,218,207,217,216,202,200,196,191,179,174,175,164,157,141,140,140,131,131,122,110,105,100,98,98,88,85,83,85,78,86,83,80,74,71,62,57,56,58,52,52,51,47,45,43,43,38,37,39,32,29,29,31,33,34,33,30,25,25,27,30,27,26,24,21,20,18,19,17,15,15,13,13,11,11,11,10,10,10,10,10,9,7,7,8,7,7,7,6,7,7,6,5,6,6,7,9,9,8,7,7,7,7,5,5,5,5,5,4,4,6,6,7,5,5,6,6,6,7,6,5,4,4,6,6,5,5,5,5,6,5,5,4,4,3,3,3,3,3,3,2,2,3,3,3,3,2,2,2,3,4,4,4,3,4,4,4,5,4,4,5,6,4,4,4,4,4,3,3,4,4,4,5,4,3,5,2,2,2,2,2,1,1,1,1,1,1,1,1,2,2,2,2,2,1,1,0,0,0,1,1,1,1,1,1,1,2,2,3,3,4,4,3,2,2,2,2,2,2,3,2,1,1,1,1,1,1,0,0,0,0,0,0,0,0,0,1,1,1,
29,21,18,19,19,12,15,20,21,25,26,28,28,26,30,30,36,40,46,52,55,60,55,60,63,66,70,78,81,89,92,100,101,96,96,103,103,113,119,126,126,128,133,146,162,167,169,160,154,161,173,177,195,187,192,189,180,176,169,182,184,178,182,175,161,171,178,176,181,176,172,181,171,168,164,164,161,159,159,160,151,140,135,121,118,119,130,118,119,127,130,127,124,108,113,98,98,87,86,91,95,105,97,91,85,86,78,73,74,78,67,65,64,62,53,51,54,57,54,51,51,47,46,42,34,39,40,41,37,38,28,24,20,20,16,14,16,19,17,12,10,11,12,10,9,9,8,8,7,6,7,5,5,4,5,4,5,7,7,5,3,5,5,4,5,2,2,2,2,2,2,3,3,3,3,3,3,3,2,2,2,2,1,2,2,1,1,1,0,
28,21,22,22,17,20,26,24,22,22,23,26,36,38,43,50,52,46,54,54,54,66,73,78,78,86,88,84,96,95,96,97,91,89,104,115,123,120,123,121,125,124,132,132,129,126,131,128,148,152,158,155,156,169,176,177,174,175,169,168,175,183,188,188,187,175,174,169,158,161,161,161,175,187,176,171,172,181,179,171,170,163,166,170,172,163,163,159,155,159,157,160,159,142,138,142,139,141,129,126,128,124,115,103,101,93,90,88,86,76,75,78,80,74,70,67,66,67,68,66,64,62,57,57,52,52,50,55,53,51,48,47,40,41,43,41,37,34,36,32,27,26,24,21,18,17,17,16,18,19,17,16,16,14,15,14,13,11,11,10,9,12,11,9,10,10,9,8,7,7,7,7,7,7,7,6,7,5,4,4,5,6,5,6,5,4,4,5,6,6,5,5,5,4,3,3,3,3,2,1,1,1,1,1,1,1,1,1,1,1,1,1,1,1,1,1,1,1,1,1,1,0,0,0,
27,23,18,16,22,24,21,23,29,36,34,43,37,38,43,52,58,56,69,78,81,84,92,98,108,116,114,113,113,120,116,112,127,133,142,140,143,158,160,163,160,140,145,155,157,153,175,182,193,194,193,206,200,188,186,193,185,186,175,189,193,185,173,173,175,173,169,159,157,159,164,149,141,149,147,138,131,128,120,118,120,121,129,123,120,117,110,106,102,101,98,96,97,85,90,87,83,81,79,76,73,67,61,60,58,61,64,58,51,42,44,44,41,39,42,39,37,42,39,35,35,37,33,33,31,29,22,21,22,23,23,20,21,19,22,23,17,18,16,15,14,13,13,11,12,11,10,10,12,12,13,11,10,10,9,12,10,11,12,10,10,11,11,10,9,9,8,7,7,7,5,5,5,3,3,3,3,4,4,4,3,3,2,2,2,1,1,1,
26,19,14,19,18,21,20,20,19,20,26,30,34,39,42,53,59,68,75,81,79,97,95,105,113,113,113,114,120,115,131,136,138,133,142,158,160,163,177,169,179,179,179,182,188,186,178,181,177,178,179,181,181,195,194,195,199,210,200,209,213,210,206,198,197,195,205,198,203,196,190,191,195,193,186,190,188,189,181,175,177,175,178,170,157,147,144,143,140,143,146,145,147,133,124,130,120,113,103,98,97,94,92,89,83,89,84,92,89,78,75,74,71,75,71,68,71,70,71,70,64,57,53,47,45,43,39,40,38,39,36,35,33,29,29,26,26,28,25,22,20,22,24,26,25,26,26,24,22,23,20,18,18,18,19,18,19,19,17,17,16,17,16,13,13,13,13,13,12,13,14,15,13,12,12,9,9,8,8,6,5,6,6,6,6,5,5,5,4,3,4,4,4,6,6,6,5,5,5,6,5,5,5,5,5,5,4,4,4,4,4,4,4,4,4,3,3,3,3,3,3,3,3,3,3,3,3,3,3,3,3,3,3,3,3,3,3,3,3,3,3,2,2,2,2,2,2,2,2,2,2,2,2,2,2,2,2,2,2,2,2,2,2,2,2,2,2,2,2,2,2,2,2,2,2,2,2,2,2,2,2,2,2,2,2,2,1,1,1,1,1,1,1,1,1,1,1,1,1,1,1,1,1,1,1,1,1,1,1,1,1,1,1,1,1,1,1,1,1,1,1,1,1,1,1,
25,9,10,8,12,11,16,17,18,23,25,24,27,33,34,37,36,41,43,47,51,63,70,67,62,68,74,77,87,81,84,83,82,84,84,83,79,84,86,101,104,103,114,109,113,105,110,109,100,97,97,99,94,95,93,87,93,94,95,92,83,87,77,72,66,67,65,60,63,57,59,59,54,43,43,40,40,32,30,27,22,21,22,20,22,21,21,20,19,18,19,19,21,18,19,17,17,20,18,19,18,18,17,15,17,19,16,16,14,14,13,13,11,9,11,11,7,7,6,6,8,6,6,6,6,6,5,5,6,6,4,6,5,4,5,6,7,7,5,5,5,4,4,3,3,3,3,4,4,4,4,4,4,4,4,4,3,3,3,3,3,3,3,2,2,2,2,2,1,1,1,1,1,1,1,0,0,0,1,1,1,1,0,0,0,0,0,0,0,0,0,0,0,0,0,0,0,0,0,0,0,0,0,0,0,0,0,0,0,0,0,0,0,0,0,0,0,0,0,0,0,0,0,0,0,0,0,0,0,0,0,0,0,0,
33,21,18,19,27,25,24,21,23,26,27,33,40,47,54,50,48,46,62,61,62,64,58,68,79,83,94,93,92,103,101,103,115,114,121,133,141,152,142,152,158,157,154,152,159,154,161,170,169,170,181,188,173,185,189,181,181,174,178,186,183,174,181,179,166,177,165,163,150,142,161,152,165,155,158,155,151,150,143,142,141,148,146,129,124,118,109,118,106,100,94,90,86,86,85,81,75,69,60,52,51,48,50,43,40,41,43,39,39,36,30,30,28,26,25,23,21,20,21,20,21,22,21,20,17,16,17,18,18,15,15,14,14,15,14,14,14,15,12,11,11,11,12,10,10,9,8,8,9,9,9,9,9,9,8,8,8,8,8,6,5,4,3,4,1,2,2,2,1,1,1,1,1,1,1,1,1,1,1,1,2,1,1,1,1,1,1,1,1,1,1,1,1,1,1,1,0,0,0,0,0,0,0,0,
30,22,17,14,18,21,28,32,31,29,36,35,32,43,41,48,62,64,74,82,90,83,93,94,99,98,107,124,128,128,127,121,136,133,138,133,134,139,135,153,155,151,160,163,171,166,170,165,166,166,172,170,178,166,162,163,163,157,167,159,160,160,152,152,154,144,133,136,138,146,143,134,133,130,126,125,123,118,124,116,119,124,123,126,119,116,115,116,115,121,112,112,114,110,107,110,119,102,103,108,107,96,96,93,88,79,85,89,80,82,80,86,81,77,72,67,67,63,62,61,54,51,44,50,48,46,45,45,40,36,34,35,34,29,28,26,24,22,17,18,18,20,17,19,16,18,16,14,14,13,16,15,15,12,12,12,11,10,10,11,11,11,10,9,9,9,9,9,9,9,8,8,6,5,6,6,8,9,5,4,4,4,4,4,4,5,5,5,4,3,3,3,3,4,3,3,3,3,2,2,2,2,2,2,3,4,4,2,1,1,1,1,1,1,1,
29,23,17,20,22,28,22,24,31,36,46,47,52,59,61,61,69,73,86,86,89,103,114,127,121,131,135,155,139,138,157,152,155,162,163,158,162,162,167,171,167,170,182,170,181,188,195,189,193,185,179,173,179,181,181,181,176,169,172,173,163,171,163,164,171,156,145,141,134,136,140,142,140,140,127,125,114,119,114,105,93,83,82,83,82,72,75,71,68,68,68,69,69,62,66,63,56,54,45,43,44,43,45,41,42,42,36,36,37,36,31,28,29,30,30,25,25,27,28,31,33,32,32,34,39,38,38,39,40,38,37,38,37,38,38,36,45,38,34,31,34,38,38,37,44,47,40,39,38,39,35,39,42,47,45,45,47,47,46,47,50,46,41,45,40,32,32,39,35,39,37,39,33,30,28,30,36,33,31,36,37,31,28,28,26,21,20,20,20,20,21,16,17,17,17,15,17,17,13,13,15,16,18,17,16,15,13,14,15,15,14,12,13,11,10,9,10,8,7,6,6,6,6,7,5,5,5,4,3,3,2,2,3,4,3,2,2,2,2,1,1,1,1,
30,19,21,22,26,28,28,30,33,33,41,42,43,50,50,59,60,58,57,67,68,68,77,87,93,106,99,111,109,109,123,125,125,139,132,139,160,163,170,179,180,178,187,174,190,189,189,194,184,184,178,176,182,167,166,165,175,176,179,197,197,205,209,207,199,198,194,183,186,184,175,171,177,175,173,173,170,174,174,164,158,159,158,161,166,156,148,143,136,128,126,122,114,107,104,102,101,90,85,80,78,72,74,77,71,71,66,57,56,54,50,49,46,37,38,36,36,37,34,32,31,30,30,32,32,34,34,32,31,29,28,27,27,27,30,27,22,23,23,23,21,22,21,22,23,22,21,21,19,19,17,17,18,18,16,16,16,16,15,16,17,16,14,12,10,8,6,5,5,4,5,4,3,3,3,4,4,4,4,4,4,4,4,4,5,4,4,3,2,2,2,2,2,2,2,2,1,1,1,1,1,0,0,0,0,
25,19,19,19,16,23,21,21,24,24,27,31,31,36,34,44,40,44,49,56,63,67,62,67,74,75,68,75,83,94,103,103,113,118,115,125,133,128,141,135,132,144,143,134,136,148,152,146,151,164,182,181,176,173,180,171,169,158,158,153,160,153,151,154,156,164,163,156,151,142,140,135,135,124,127,126,130,124,121,114,108,119,129,124,122,115,116,119,116,115,118,119,115,108,98,103,94,102,103,100,88,83,77,78,74,72,73,72,73,69,70,70,66,66,66,62,61,51,48,47,46,44,39,39,39,38,34,32,35,33,33,33,33,37,35,31,28,27,29,23,18,19,18,18,18,19,15,14,13,13,11,12,13,9,10,11,10,8,5,5,5,6,5,4,4,3,3,3,5,4,4,4,6,6,6,6,6,6,5,4,4,4,4,3,1,1,1,1,2,2,3,2,3,2,2,2,2,2,2,0,0,0,0,0,0,0,0,0,0,0,0,0,1,1,1,1,1,1,2,1,0,0,0,0,0,0,0,0,0,0,0,1,1,1,1,1,1,1,1,1,1,1,2,2,2,2,2,2,2,1,1,2,2,2,2,3,4,4,2,2,2,1,1,
24,16,16,19,21,26,25,33,38,46,39,50,56,65,64,63,72,81,87,95,105,99,110,122,131,140,150,158,148,173,179,179,198,189,209,222,225,233,245,246,250,257,250,241,246,255,256,273,270,268,265,274,278,274,283,294,292,288,274,274,281,275,273,274,283,277,282,259,255,239,233,216,213,212,212,207,200,193,188,187,171,169,159,142,145,138,137,131,137,128,119,120,113,101,99,102,104,94,88,85,75,78,72,62,62,63,63,55,54,54,45,44,42,35,35,35,36,34,37,32,28,27,30,25,20,19,17,16,16,15,12,11,11,11,10,10,10,5,5,4,4,4,5,5,7,7,6,5,4,4,4,4,3,3,3,4,4,4,3,3,4,5,4,4,5,2,2,2,1,1,1,1,1,2,1,1,1,1,1,0,0,0,0,1,1,1,1,0,0,0,0,0,0,0,0,0,0,0,0,0,0,0,0,0,0,0,0,0,
30,24,21,21,25,27,32,28,32,35,39,36,36,42,47,50,51,58,61,73,78,79,82,87,93,96,109,105,105,115,129,140,152,168,166,165,177,182,183,179,172,181,187,185,182,179,176,172,169,179,198,185,183,193,189,197,188,194,205,200,210,201,205,198,199,214,209,211,217,209,222,213,206,207,208,205,204,198,200,190,198,193,190,182,191,188,177,174,174,173,172,152,149,146,153,145,131,139,136,130,122,121,126,119,115,107,96,92,90,90,85,85,81,69,61,57,55,51,45,47,42,47,45,46,48,51,49,47,44,40,40,36,36,36,35,37,34,33,32,30,24,23,23,21,24,28,26,28,25,24,20,18,18,18,19,19,19,18,18,18,19,17,13,13,15,14,14,14,13,12,13,14,12,12,11,11,12,11,9,10,10,6,6,6,6,6,7,6,8,8,7,8,5,6,6,5,4,4,3,3,3,3,3,2,2,1,1,1,1,1,
35,24,26,26,21,20,26,32,35,41,51,48,52,50,53,65,77,78,88,96,99,111,125,128,145,151,157,155,148,157,168,168,180,195,214,214,235,215,223,213,228,230,211,224,231,245,229,227,229,239,236,239,236,227,212,208,221,216,202,205,200,189,189,193,186,174,183,180,182,185,186,167,166,164,156,155,155,162,166,153,154,159,138,133,126,118,117,118,118,122,113,117,116,110,102,102,93,92,97,88,90,83,81,76,71,67,66,62,58,52,51,47,51,50,52,53,58,52,48,45,38,33,35,35,36,33,28,31,32,35,31,27,24,23,20,16,13,12,10,8,12,11,10,11,11,9,10,13,12,12,12,14,12,12,8,9,9,8,10,13,10,6,6,6,4,4,4,3,4,4,3,2,3,4,4,4,3,3,4,3,3,2,2,2,2,2,2,2,2,3,3,3,3,3,3,1,1,2,3,3,1,1,1,1,1,1,1,1,1,1,
26,21,21,21,22,22,23,26,25,24,26,28,33,32,37,43,58,51,63,70,82,76,84,71,84,88,98,91,97,102,105,121,119,115,127,129,135,143,155,169,176,172,185,200,204,213,221,224,226,230,232,237,249,248,254,256,262,272,275,281,275,263,247,240,245,250,242,259,254,240,241,234,222,217,216,206,190,182,179,162,158,147,135,137,135,124,129,125,121,114,113,110,109,105,103,104,109,103,97,91,94,88,84,78,67,66,65,62,60,58,56,47,44,42,40,38,36,33,28,29,29,25,21,23,20,19,21,21,19,17,13,14,14,12,11,12,13,12,13,11,12,11,8,8,7,8,7,7,7,8,6,7,6,6,6,6,6,7,7,7,6,6,7,8,9,7,8,8,9,7,6,7,5,5,5,5,6,4,3,3,3,2,2,2,2,2,2,1,1,1,1,1,1,1,1,1,1,1,1,1,1,1,1,1,1,1,1,1,1,1,1,1,
31,21,20,19,19,16,18,18,24,26,33,36,40,39,44,45,49,54,59,64,79,82,93,98,99,116,120,121,129,132,137,145,154,151,142,157,168,164,177,161,161,174,167,187,183,189,198,205,199,211,212,221,225,234,239,224,229,231,225,233,224,223,225,214,212,203,194,199,197,195,174,174,166,161,160,161,158,144,148,149,147,142,136,121,120,118,110,106,107,101,93,86,79,77,72,66,65,64,58,59,58,53,52,46,46,43,41,41,46,44,45,37,36,33,27,25,26,25,22,21,16,14,16,17,15,13,12,12,12,11,10,11,10,11,9,9,7,7,6,6,6,6,6,6,5,4,4,4,4,4,3,3,3,3,3,2,2,2,2,2,2,2,2,2,2,2,2,2,2,2,1,1,1,1,1,1,1,1,1,1,1,1,1,1,1,1,1,1,1,1,1,1,1,1,1,1,1,1,1,1,1,1,1,1,1,1,1,1,1,1,1,1,1,1,1,1,1,1,1,1,1,1,1,1,1,1,1,1,1,1,1,1,1,1,1,1,1,1,1,1,1,1,1,1,1,1,1,1,1,1,1,1,1,1,1,1,1,1,1,
25,18,18,20,18,23,23,22,23,20,19,24,28,38,43,43,46,45,51,58,58,63,57,59,59,62,64,69,74,75,79,74,80,88,102,111,114,112,115,126,123,124,138,150,146,159,165,159,173,178,194,185,176,191,178,180,192,192,183,178,184,175,180,174,176,182,183,199,189,186,192,184,186,182,168,175,170,151,149,155,139,140,136,140,128,132,129,119,112,107,101,103,105,104,100,91,95,88,83,79,77,69,67,66,64,61,65,71,63,56,52,51,54,56,57,57,55,55,50,54,49,49,44,42,41,39,40,38,35,34,33,31,30,30,27,29,26,22,20,21,24,28,24,24,23,22,20,19,20,20,17,13,11,10,10,11,8,9,7,6,6,5,3,3,4,4,4,4,3,3,2,1,2,3,2,2,2,3,2,1,0,0,0,
33,28,27,30,31,36,37,37,38,44,48,50,58,62,69,82,86,91,89,96,105,110,107,125,138,128,144,133,143,148,142,149,147,172,187,191,200,198,205,208,217,225,226,235,235,245,243,237,241,229,234,227,230,225,219,237,258,267,263,265,274,252,251,235,234,228,226,219,224,223,218,206,205,194,187,180,171,171,176,164,164,169,159,155,146,144,129,133,124,121,112,108,101,97,103,98,94,88,78,78,70,72,65,63,63,61,57,53,48,56,56,58,57,52,48,47,42,37,37,36,37,34,33,33,29,31,25,28,28,26,24,19,19,18,17,18,19,19,20,21,21,22,24,23,22,18,19,16,13,11,12,10,10,8,6,6,8,7,7,5,3,3,3,3,3,4,3,2,2,3,1,1,1,1,1,1,1,1,1,1,1,1,1,2,2,1,1,1,1,1,1,1,
28,19,19,19,21,22,25,23,28,27,37,38,44,56,54,54,73,71,72,81,80,89,108,114,123,119,115,137,139,141,145,146,153,160,166,180,171,181,179,188,189,191,177,176,171,172,184,185,190,193,193,190,189,195,195,198,189,187,188,187,177,186,175,185,189,184,169,180,165,159,153,157,156,167,156,149,144,139,136,142,145,144,155,141,126,127,117,115,112,109,104,97,95,97,95,90,82,79,72,68,67,70,71,70,72,73,71,67,59,58,58,56,50,52,49,44,45,45,50,49,52,45,42,42,41,36,34,31,32,34,35,28,28,28,34,33,32,29,29,28,31,32,30,30,27,22,23,19,20,20,16,14,14,11,13,11,14,14,13,11,9,7,6,6,6,7,7,9,7,7,8,7,7,9,10,11,9,11,10,10,9,7,6,6,6,5,5,5,5,6,5,3,2,2,3,3,3,2,1,1,1,1,1,1,1,2,2,2,2,1,1,1,1,1,1,1,1,1,2,2,2,2,2,2,1,2,2,1,1,1,1,1,1,1,
24,21,18,17,18,18,21,25,28,29,29,37,40,42,39,39,43,46,47,50,59,62,62,66,61,64,70,71,82,87,92,96,88,102,99,108,113,113,113,108,119,126,131,140,138,134,138,147,143,145,146,144,151,150,155,170,171,174,173,170,174,181,187,184,177,173,181,175,179,178,180,178,180,177,169,166,173,165,163,163,163,181,175,165,156,159,157,158,160,156,144,146,146,141,135,130,127,128,118,117,125,131,119,113,107,102,104,98,99,98,96,90,93,87,81,78,72,73,71,71,69,75,69,66,59,64,67,58,53,52,50,45,49,43,42,38,33,31,31,30,30,24,22,20,20,15,17,16,14,19,19,19,19,16,14,16,17,18,19,16,15,16,19,19,18,16,14,13,12,9,10,11,10,13,12,11,11,10,12,11,7,6,7,7,8,6,5,5,7,7,8,9,6,5,4,5,5,5,5,3,3,4,3,3,2,4,2,2,2,2,2,3,3,2,3,3,2,3,3,3,2,2,2,2,2,3,1,1,2,1,1,2,2,3,2,2,2,2,2,2,2,2,2,2,2,2,3,3,3,3,3,3,4,3,2,2,3,2,2,1,1,1,1,2,2,1,1,1,1,1,1,1,1,1,1,1,1,1,1,1,1,1,1,1,1,1,
27,19,16,21,21,17,23,24,26,23,25,28,28,33,36,44,51,51,58,63,62,66,65,66,77,75,88,96,96,108,103,104,105,121,132,141,139,143,138,138,124,143,155,152,160,169,160,159,169,160,171,174,163,159,154,163,153,139,134,137,140,146,140,149,156,148,133,145,151,161,152,145,140,137,139,129,132,122,119,119,115,122,120,117,113,111,103,105,105,105,102,98,100,96,94,88,88,81,84,90,82,84,79,75,81,87,89,86,87,89,95,92,82,75,79,79,77,81,74,69,66,69,71,69,77,72,72,79,77,73,80,78,78,85,72,74,88,93,90,80,73,68,69,76,73,66,74,68,70,68,75,74,73,68,72,70,69,68,63,57,53,55,50,53,52,58,52,52,53,48,41,37,29,30,29,31,29,30,31,32,25,23,21,21,22,21,21,24,20,23,22,19,15,15,14,12,13,13,15,15,16,15,12,10,13,12,11,10,9,9,8,7,7,7,7,7,7,7,7,7,7,7,7,6,6,7,6,6,7,7,7,7,5,5,5,5,6,5,4,4,4,4,4,3,2,2,2,2,1,1,2,2,2,1,
30,24,18,12,14,13,16,16,17,18,23,23,23,22,30,28,34,36,41,45,47,48,51,51,55,52,55,47,57,69,68,75,82,79,78,86,84,80,84,92,92,106,114,121,134,137,137,150,161,168,174,172,179,175,171,189,195,202,205,204,203,203,206,206,197,203,210,210,220,220,227,218,218,227,224,216,207,203,194,197,196,192,183,180,175,168,158,143,142,131,135,134,132,130,123,113,109,110,103,110,113,114,105,99,90,84,79,74,73,73,73,66,69,64,63,56,56,55,54,50,51,49,46,46,45,42,38,34,31,30,32,30,31,31,28,28,25,23,21,22,19,20,21,19,18,14,14,15,14,15,14,13,12,11,12,11,9,7,7,6,8,6,6,7,6,7,5,6,5,4,4,4,4,2,2,3,3,5,4,3,3,2,2,2,2,2,2,2,3,3,2,2,3,3,2,1,1,1,1,1,1,1,1,1,1,1,
26,18,17,17,20,25,26,23,21,28,32,32,42,43,43,46,45,52,57,60,57,71,79,82,83,90,91,75,82,84,104,98,104,100,107,108,120,111,113,113,102,107,104,105,111,109,102,110,110,98,108,104,114,122,112,113,115,110,114,109,114,126,133,129,118,129,131,132,115,128,122,124,128,126,114,127,129,129,125,125,119,110,111,112,96,95,101,97,98,101,107,108,111,113,113,98,100,97,95,87,85,90,96,89,89,90,86,82,79,73,69,72,68,68,67,65,66,66,75,68,65,66,70,64,62,54,49,48,49,50,51,45,44,43,37,36,36,33,33,31,34,34,32,30,25,25,24,21,23,27,27,27,26,21,22,19,20,20,18,19,20,19,20,22,18,15,15,16,12,12,11,11,9,13,12,13,9,10,12,11,12,15,14,14,14,17,17,14,12,14,13,14,14,12,12,12,11,11,15,15,14,13,12,15,15,17,18,16,17,17,14,21,17,13,14,13,19,17,18,17,16,19,16,17,11,10,9,9,9,10,10,9,6,6,7,10,8,8,8,9,8,8,8,10,9,9,8,8,8,7,6,6,7,7,5,4,6,7,4,4,4,3,3,3,3,2,1,1,1,0,0,1,1,
39,29,24,25,28,29,34,43,42,43,41,45,47,53,54,59,68,71,76,73,90,95,108,115,117,129,139,145,140,148,159,180,182,185,194,202,207,222,230,226,229,237,243,243,246,242,237,245,260,262,267,263,258,267,271,264,260,246,243,252,258,241,227,241,251,250,238,228,232,214,210,207,203,195,195,206,198,198,186,187,196,182,181,170,171,166,153,146,142,140,129,116,112,111,100,95,82,81,73,67,69,69,67,66,60,54,55,54,50,47,51,49,48,45,43,38,36,30,24,23,25,22,22,21,21,21,19,17,17,15,17,13,10,8,8,8,7,7,6,7,7,7,7,7,8,8,8,5,3,4,4,3,2,3,3,3,3,3,2,4,3,2,1,1,2,2,2,2,2,2,2,2,2,3,3,2,2,1,1,1,1,1,1,1,1,1,1,1,1,1,1,1,1,1,1,1,1,1,1,1,1,1,1,1,
29,18,16,13,13,13,15,16,19,19,26,29,36,43,44,50,60,63,58,70,72,75,78,82,86,79,86,102,99,99,96,106,111,110,118,129,137,134,142,149,153,149,158,155,168,171,169,170,179,184,185,194,206,206,198,197,193,197,188,208,206,200,193,196,201,197,182,179,181,183,176,174,165,166,171,177,175,178,180,176,164,151,146,149,146,144,142,131,132,119,115,108,110,100,94,94,89,88,80,67,64,65,63,62,55,55,50,38,36,37,32,30,31,35,35,33,29,27,31,25,22,23,26,25,25,22,20,17,14,14,11,13,9,7,6,5,8,9,11,10,10,9,7,5,4,5,6,6,7,8,4,4,3,4,4,3,3,2,2,2,0,0,0,0,0,0,0,0,0,0,0,0,1,1,0,0,0,0,0,0,0,0,0,0,0,0,0,0,0,0,0,0,
34,24,16,18,17,21,25,30,36,35,33,30,34,41,41,47,54,57,66,69,69,80,75,80,83,90,96,109,108,118,114,112,120,130,130,139,147,150,173,173,166,169,175,174,172,173,164,161,171,189,180,183,173,182,179,183,186,184,188,193,185,192,194,186,184,173,170,166,164,167,154,156,149,129,135,132,136,131,146,143,128,130,130,118,114,119,103,113,109,107,94,95,94,90,95,99,98,98,100,97,91,90,89,88,86,86,91,86,89,90,84,76,75,70,67,65,63,73,64,63,60,50,50,49,52,47,46,43,43,43,46,41,36,36,36,31,34,32,30,31,29,26,25,27,24,25,23,22,19,18,15,12,13,12,11,10,11,10,11,10,11,10,8,9,9,7,6,6,6,7,7,4,4,4,3,4,5,5,5,6,7,7,6,5,5,5,5,6,5,5,5,5,5,5,6,6,5,3,1,1,1,1,1,1,1,1,
28,18,14,13,13,13,15,18,22,26,34,37,37,39,41,42,49,57,63,66,81,91,94,113,117,118,125,122,133,138,134,126,129,147,170,169,179,186,177,178,185,193,203,193,190,202,192,187,193,186,191,193,188,198,202,204,207,206,214,222,219,208,208,209,205,199,194,184,181,176,174,177,170,184,181,171,173,165,170,176,171,159,159,159,152,148,142,136,137,131,140,143,145,142,142,136,128,119,119,122,117,114,120,116,118,108,109,107,107,102,97,95,89,85,82,81,77,77,71,77,79,80,78,73,65,63,61,58,57,53,50,49,50,43,42,41,38,37,33,30,29,29,25,22,24,24,23,25,29,25,23,23,24,22,21,21,20,17,20,21,21,16,15,14,14,14,13,13,14,14,11,11,11,11,11,11,10,9,9,9,8,8,8,8,7,7,6,5,4,4,3,3,3,3,3,1,1,1,1,1,1,1,1,2,2,2,2,1,1,1,1,1,1,1,1,1,1,1,1,0,1,1,1,1,
29,20,20,18,18,18,25,29,31,31,36,46,51,55,69,74,80,85,89,103,107,125,128,125,134,141,156,168,169,173,166,168,175,182,185,192,187,203,198,201,215,201,210,210,215,215,228,232,235,235,215,213,222,221,216,205,202,194,195,206,202,195,206,206,191,198,199,183,173,169,178,174,159,162,156,158,147,144,149,148,144,132,136,132,132,122,120,115,108,109,114,116,118,116,109,108,98,97,85,86,88,90,94,87,86,81,79,78,75,75,79,81,77,81,69,69,63,64,61,64,63,65,57,56,58,52,50,46,50,49,45,44,44,45,44,39,34,31,28,30,30,31,28,30,28,31,27,28,27,23,24,20,19,17,17,15,17,17,17,17,17,15,15,13,16,15,14,15,12,11,10,10,8,8,10,10,11,10,8,9,10,8,8,10,8,6,6,4,3,3,4,4,4,5,5,5,3,3,3,4,4,4,4,4,4,3,2,1,1,1,1,0,0,0,0,0,0,0,1,1,1,1,1,1,1,1,1,1,1,1,1,0,0,0,0,0,0,0,0,0,0,0,1,1,1,1,1,1,1,1,1,0,0,
34,30,28,26,25,33,36,36,39,45,53,51,55,63,60,60,70,84,88,95,90,96,109,117,118,133,143,152,174,185,184,192,196,204,216,216,205,224,239,235,241,240,232,238,230,245,248,238,240,243,243,236,234,232,228,221,220,225,220,232,223,203,208,203,200,200,193,208,204,196,195,180,177,177,186,178,174,159,151,151,144,138,136,133,138,138,139,135,120,116,113,102,99,95,94,90,92,91,77,79,76,65,64,72,63,54,50,43,42,46,46,43,39,38,35,34,34,32,27,25,25,28,22,18,17,16,16,13,13,13,16,16,19,17,18,21,16,14,14,14,15,16,14,14,12,13,12,11,11,13,15,17,19,17,17,20,22,20,16,19,19,18,16,11,13,9,9,9,9,8,6,8,8,8,9,8,9,8,8,8,8,8,7,6,7,7,8,8,8,11,11,11,11,9,9,6,6,6,6,7,8,8,8,8,7,6,5,5,5,6,6,5,5,2,2,3,3,3,3,3,3,2,2,2,2,1,1,1,1,1,1,1,1,1,
25,14,14,12,15,13,15,20,20,17,16,15,27,33,30,36,39,50,50,54,55,65,67,63,71,70,78,75,79,78,89,94,91,94,102,107,110,106,108,116,121,135,130,136,137,132,130,137,143,146,154,154,165,166,163,167,174,179,182,181,193,194,194,194,188,191,195,197,197,200,189,192,198,192,186,182,166,158,155,140,137,130,131,132,127,131,147,147,148,140,134,128,119,114,107,105,105,95,104,105,94,95,93,85,82,83,85,80,83,77,75,73,73,72,67,73,73,63,73,72,68,60,61,59,58,60,64,61,59,66,62,62,56,52,48,48,42,39,40,43,41,40,44,45,43,37,31,26,30,28,27,30,30,30,28,28,26,24,20,21,21,20,17,17,19,19,17,15,14,13,12,9,8,9,9,7,7,7,7,6,5,4,4,3,2,3,3,3,3,3,3,3,3,3,3,3,3,3,3,3,3,3,3,3,3,3,3,3,3,3,3,2,2,2,2,2,2,2,2,2,2,1,1,1,1,1,1,1,1,1,1,1,1,1,1,1,1,1,1,1,1,1,1,1,1,1,1,1,1,1,1,1,1,1,1,1,1,1,1,1,1,1,1,1,1,1,
33,27,23,25,25,25,30,36,36,42,39,42,46,48,49,55,59,70,65,66,82,96,104,114,120,112,126,139,140,138,127,144,145,151,154,163,170,178,174,182,180,183,177,164,149,148,146,135,140,138,136,137,141,148,144,144,134,130,123,129,115,113,114,119,121,129,127,128,120,122,118,121,121,123,123,119,118,115,107,111,112,119,100,96,90,84,82,86,77,84,78,71,77,72,70,71,72,64,71,61,54,52,45,45,37,38,40,38,37,35,35,34,29,31,30,30,29,26,27,26,27,25,27,23,22,22,21,21,20,20,18,17,15,14,11,11,13,14,9,9,7,6,6,6,5,4,5,6,6,5,5,4,4,2,2,2,2,2,2,2,2,1,1,1,1,1,1,1,1,1,1,1,1,1,1,1,0,1,1,1,1,1,1,1,1,1,0,0,0,0,0,0,0,0,0,0,0,0,0,0,0,0,0,0,0,0,0,0,0,0,0,0,0,0,0,0,0,0,0,0,0,0,0,0,0,0,0,0,0,0,0,0,0,0,0,0,0,0,0,0,0,0,0,0,0,0,0,0,0,0,0,0,0,0,0,0,0,0,0,0,0,0,0,0,0,0,0,0,0,
