55,39,37,37,37,39,40,47,49,46,60,58,58,72,75,72,84,85,98,121,129,144,159,172,182,208,204,214,241,275,292,297,322,346,368,379,383,392,395,423,436,446,473,501,512,511,529,516,495,511,504,505,519,506,510,502,506,502,503,489,495,485,485,474,480,474,478,473,476,489,467,471,466,463,447,423,426,417,398,380,368,349,345,336,324,312,304,297,290,268,264,255,258,240,216,221,217,195,186,178,173,161,151,145,131,124,117,115,117,115,113,102,102,93,88,80,68,68,71,68,65,61,57,56,53,47,51,47,44,40,36,38,31,28,27,24,24,22,19,19,18,19,19,18,16,17,15,14,14,13,12,12,10,10,10,11,9,8,9,9,6,6,7,8,8,9,9,9,7,7,7,7,7,6,6,6,6,6,6,6,6,5,5,5,5,5,5,5,5,5,4,4,4,4,4,4,5,4,4,4,4,3,3,3,3,3,3,3,3,3,3,3,3,3,3,3,3,3,3,2,2,2,2,2,2,2,2,2,2,2,2,2,2,2,2,2,2,2,2,2,2,2,2,2,2,2,2,2,2,2,2,2,2,2,2,2,2,2,2,2,2,1,1,1,1,1,1,1,1,1,1,1,1,1,1,1,1,1,1,1,1,1,1,1,1,1,1,1,1,1,1,1,1,1,1,1,1,1,1,1,1,1,1,1,1,1,1,1,1,1,1,1,1,1,1,1,1,1,1,1,1,1,1,1,1,1,1,1,1,1,1,1,1,1,1,1,1,1,1,1,1,1,1,1,1,1,1,1,1,1,1,1,1,1,1,1,1,1,1,1,1,1,
61,44,38,39,41,40,38,45,48,55,59,66,68,74,89,99,107,118,116,130,134,150,163,175,200,222,241,242,256,258,252,278,301,313,320,310,327,345,374,371,361,370,372,382,378,381,366,381,388,380,378,360,353,338,322,321,319,317,311,326,327,297,291,279,270,270,262,264,249,240,231,227,238,225,216,205,198,193,191,209,211,222,211,208,202,193,192,195,187,181,177,173,173,178,176,185,177,169,161,167,162,155,150,140,134,130,124,118,116,115,110,118,120,116,111,106,102,99,98,96,82,72,70,64,72,66,65,63,52,52,48,44,47,50,51,48,46,41,41,41,38,36,38,37,34,33,32,31,30,23,25,19,16,16,16,16,14,12,13,11,12,10,10,10,9,9,8,8,7,7,7,6,5,6,6,6,6,5,5,5,5,4,3,3,3,3,4,3,3,3,3,3,6,5,3,3,3,3,3,4,6,7,6,5,4,3,3,3,3,3,2,2,2,2,1,1,1,2,0,0,0,0,0,1,1,1,0,0,0,0,0,0,0,0,0,0,0,0,0,0,0,0,0,0,0,0,0,0,0,0,0,0,0,0,0,0,0,0,0,0,0,0,0,0,0,0,0,0,0,0,0,0,0,0,0,0,0,0,0,0,0,0,0,0,0,0,0,0,0,0,0,0,0,0,0,0,0,0,0,0,0,0,0,0,0,0,0,0,0,0,0,0,0,0,0,
52,36,33,29,29,29,33,38,48,54,47,61,63,61,72,83,94,103,108,108,122,129,136,151,162,202,214,233,259,269,296,308,325,324,340,377,396,405,417,429,450,487,487,519,540,555,592,589,602,596,601,627,629,629,604,600,606,597,602,588,609,616,606,590,580,577,590,573,570,552,545,548,536,519,495,477,474,449,444,421,402,388,381,365,346,325,316,300,288,296,296,278,260,246,242,231,222,209,199,197,191,183,181,186,174,174,170,157,148,134,124,122,119,123,111,109,109,105,95,86,84,81,82,77,73,66,63,61,59,54,54,56,57,55,55,52,50,45,42,44,39,37,34,30,27,26,24,22,20,19,17,17,16,15,18,21,17,18,18,19,15,15,13,11,11,9,6,7,6,7,5,5,5,5,5,4,4,4,4,4,4,4,4,4,3,3,3,2,2,2,2,2,3,2,2,1,1,1,1,1,2,2,1,1,1,1,1,1,1,1,1,1,0,0,0,0,1,1,1,1,1,1,1,1,1,1,1,1,0,0,0,0,0,0,1,1,1,1,1,1,1,1,1,0,0,0,0,0,0,0,0,0,0,0,0,0,0,0,0,0,0,0,0,0,
55,44,40,39,40,47,51,59,68,75,79,77,81,89,114,125,138,141,146,160,169,193,212,236,248,266,293,320,338,345,380,392,401,448,473,478,486,498,523,542,543,563,589,591,599,624,636,627,591,621,626,624,624,633,636,597,597,603,581,572,580,551,543,526,520,522,507,498,463,434,436,424,410,403,394,381,376,351,332,309,298,277,267,256,241,239,233,216,211,212,206,192,185,179,169,167,157,155,149,121,121,114,113,106,101,95,88,91,84,74,69,65,61,62,57,59,59,59,50,46,38,37,38,32,32,28,26,20,19,15,15,12,12,12,10,12,11,10,9,9,10,8,9,8,7,7,7,5,5,5,5,5,5,6,5,5,5,6,6,5,5,3,3,2,2,2,3,3,3,3,3,2,2,2,2,2,3,2,2,2,3,2,2,2,2,2,2,2,1,1,1,1,1,1,1,1,0,0,0,0,0,0,0,0,0,0,0,0,0,0,0,0,0,0,0,0,0,0,0,1,0,0,0,0,0,0,0,0,0,0,0,0,0,0,0,0,0,0,0,0,0,0,0,0,0,0,0,0,0,0,0,0,0,0,0,0,0,0,0,0,0,0,0,0,0,0,0,0,0,0,0,0,0,0,0,0,0,0,0,0,0,0,0,0,0,0,0,0,0,
61,45,42,42,42,43,52,53,64,70,76,82,92,114,116,137,133,150,148,171,194,190,210,231,244,271,315,324,347,357,371,384,403,408,448,476,466,486,501,485,515,526,530,535,543,549,564,544,542,574,587,582,592,610,585,608,610,606,616,594,565,568,544,542,554,556,549,526,515,489,467,444,447,432,403,374,369,356,341,322,310,303,307,298,303,297,282,278,273,258,256,234,218,201,187,186,176,181,171,163,154,155,150,143,134,131,117,106,103,97,90,88,84,83,77,72,71,68,60,60,53,52,51,49,48,44,45,39,39,37,38,35,35,35,37,33,29,28,25,20,20,18,15,12,12,13,12,13,14,14,15,15,14,15,15,14,15,12,12,10,10,10,10,9,8,9,9,6,6,5,5,5,6,5,5,5,5,4,3,3,3,3,2,2,2,2,2,2,1,1,1,1,1,1,1,1,0,0,0,0,0,0,0,0,0,1,1,0,0,0,0,0,0,0,0,0,0,0,0,0,0,0,0,0,0,0,0,0,0,0,0,0,0,0,0,0,0,0,0,0,0,0,0,0,0,0,0,0,0,0,0,0,0,0,0,0,0,0,0,0,0,0,0,0,0,0,0,
61,49,40,40,38,41,48,55,60,63,66,76,75,81,86,94,100,106,120,128,139,158,177,185,197,224,227,247,250,263,274,293,331,329,326,346,367,380,412,442,430,424,432,432,436,454,436,449,444,463,464,474,466,466,487,470,461,467,453,443,428,429,444,420,403,384,380,365,343,332,326,302,293,303,280,265,242,228,229,232,227,213,203,199,197,189,185,171,168,157,156,153,148,141,141,136,130,125,121,120,112,109,105,105,107,102,103,102,93,96,97,94,91,92,98,106,96,98,98,97,106,113,115,123,121,120,120,125,127,126,127,129,120,106,103,95,95,92,90,88,84,87,89,82,75,71,74,71,74,77,70,71,65,63,55,54,47,41,38,37,34,29,25,19,17,19,20,19,18,19,17,18,17,15,14,13,12,12,13,11,9,9,8,6,6,5,5,5,4,4,4,3,4,3,4,4,3,6,7,5,5,5,4,4,4,4,4,4,4,3,3,2,2,2,3,2,4,4,6,3,4,4,4,2,2,2,2,1,1,2,3,2,2,1,1,1,1,1,1,1,1,1,1,1,1,1,1,1,1,1,1,1,1,1,1,1,1,1,1,1,1,1,1,1,1,1,1,1,2,2,1,1,1,1,1,1,1,1,1,1,
56,39,36,38,37,38,42,49,60,62,72,78,87,105,108,107,112,142,163,177,185,206,230,262,264,284,303,329,335,367,381,388,401,411,448,469,484,483,504,502,528,533,552,551,564,581,602,618,627,636,599,592,623,623,604,579,587,596,571,562,545,535,534,540,530,514,498,494,479,478,486,475,469,443,416,414,397,392,390,394,376,363,357,341,344,340,326,316,309,291,268,267,262,242,220,201,184,185,173,168,161,152,140,130,128,125,122,111,108,97,91,83,85,79,76,68,61,55,49,45,48,48,44,43,43,43,35,32,34,28,28,27,26,22,23,22,20,18,17,17,16,14,15,14,17,18,17,17,17,15,16,13,14,12,12,12,12,9,10,7,7,7,7,6,6,6,5,5,5,5,5,5,4,4,4,3,3,3,4,4,2,1,0,0,0,0,0,0,0,0,0,0,0,0,0,1,1,1,1,1,1,1,1,1,1,1,2,2,2,2,3,3,3,3,2,2,2,2,2,2,2,2,2,2,2,2,2,2,2,2,2,2,2,2,1,1,1,1,1,1,1,1,1,1,1,1,1,1,0,0,0,0,0,0,0,0,0,0,0,0,0,0,0,0,0,0,0,0,0,0,0,0,0,0,0,0,0,0,0,0,0,0,0,0,0,0,0,0,0,0,0,0,0,0,0,0,0,0,0,0,0,0,0,0,0,0,0,0,0,0,0,0,0,0,0,0,0,0,0,0,0,0,0,0,0,
56,40,35,34,43,48,54,60,61,66,68,67,82,89,103,120,125,139,151,155,157,173,193,207,224,244,247,261,282,306,328,357,374,382,419,438,469,501,513,520,536,547,554,556,565,581,592,600,633,618,611,621,604,606,587,588,561,561,559,555,551,553,529,497,500,465,457,453,429,419,404,398,402,388,393,370,338,329,323,314,294,273,265,257,260,252,235,222,200,192,194,183,172,166,156,146,143,140,137,125,118,122,121,114,107,105,101,92,89,79,84,87,87,88,82,73,69,64,62,63,59,55,49,47,46,44,42,41,46,39,36,33,36,34,34,30,28,28,27,29,30,28,26,25,23,20,19,20,18,19,17,19,16,14,15,14,13,12,12,13,10,10,12,10,9,8,7,9,7,7,6,6,5,5,5,5,6,5,6,5,5,4,4,3,3,3,2,2,2,2,2,2,2,2,2,2,2,2,2,3,2,2,2,2,2,2,1,1,0,0,0,0,0,0,0,0,0,0,0,0,0,0,0,0,0,0,0,0,0,0,0,0,0,0,0,0,0,0,0,0,0,0,0,0,0,0,0,0,0,0,0,0,0,0,0,0,0,0,0,0,
55,38,31,36,40,42,40,46,51,52,59,61,61,68,72,72,77,89,101,114,132,142,151,161,175,192,208,225,254,264,268,298,310,327,334,353,380,364,400,398,429,434,457,491,504,502,521,508,506,524,524,507,520,515,503,503,506,501,503,490,478,476,465,460,453,437,415,403,405,385,376,370,361,365,367,343,334,321,285,280,284,274,269,261,251,237,215,203,183,175,176,169,155,163,158,149,145,138,127,125,122,123,114,115,108,100,95,88,87,77,73,67,65,63,60,53,51,48,42,39,37,38,36,32,34,32,26,26,25,21,22,20,17,14,13,15,14,12,10,9,10,8,7,9,8,9,8,8,7,7,7,7,6,6,7,6,4,4,4,4,4,5,4,4,3,3,3,3,3,3,3,3,3,3,3,3,3,3,3,3,3,2,2,2,2,2,2,2,2,2,1,1,1,1,1,1,1,1,1,1,1,1,1,1,1,1,1,1,1,1,1,1,1,1,1,1,1,1,1,1,1,1,1,1,1,1,1,1,1,1,0,0,0,0,0,0,0,0,0,0,0,0,0,0,0,0,0,0,0,0,0,0,0,0,0,0,0,0,0,0,0,
69,48,45,51,53,65,71,79,83,90,89,94,114,118,126,142,149,167,173,174,191,211,220,221,227,257,274,286,308,330,363,382,399,443,478,521,541,578,606,623,640,665,664,672,671,657,681,707,704,694,675,654,643,668,672,662,673,662,639,628,635,623,630,600,580,560,544,540,535,522,510,497,470,434,442,429,427,422,402,392,378,352,341,317,303,290,289,262,255,237,232,203,199,186,185,173,154,145,144,132,133,134,125,125,108,106,103,92,89,88,83,73,75,74,68,63,62,59,62,62,56,52,55,50,55,52,51,52,47,42,43,38,37,36,31,29,26,22,23,22,16,15,16,18,16,14,13,13,13,12,13,12,11,13,10,10,9,9,9,9,8,7,7,5,5,5,4,4,4,4,4,4,4,4,4,4,4,4,4,4,4,3,2,2,2,2,2,2,1,0,0,0,0,0,0,0,0,0,0,0,0,0,0,0,0,0,0,0,0,0,0,0,0,0,0,0,0,0,0,0,0,0,0,0,0,0,0,0,0,0,0,0,0,0,0,0,0,0,0,0,0,0,0,0,0,0,0,0,0,0,0,0,0,0,0,0,0,0,0,0,0,0,0,0,0,0,0,0,0,0,0,0,0,0,0,0,0,
53,37,31,33,33,31,34,38,43,45,51,63,69,75,81,87,81,91,109,118,123,139,152,160,172,185,210,221,235,240,282,290,304,315,333,360,371,373,407,442,454,472,478,484,501,485,486,499,505,506,498,480,459,466,478,473,472,463,449,443,444,429,412,411,433,420,417,389,382,380,373,363,356,345,339,342,317,306,294,281,271,258,251,248,241,228,231,230,217,208,204,191,189,191,188,171,174,153,146,146,144,144,147,145,135,126,125,120,121,113,105,100,98,94,94,87,85,73,71,72,72,65,63,61,60,62,57,52,47,39,40,42,39,43,36,32,33,29,29,27,28,29,29,28,29,27,26,22,23,22,19,17,17,16,16,16,15,13,13,13,13,11,11,11,12,11,11,8,8,8,7,8,8,8,8,9,5,4,4,4,4,3,3,4,4,4,3,2,2,1,1,1,1,1,1,1,1,1,1,1,1,1,1,1,1,1,1,1,1,1,1,1,1,1,0,0,0,0,0,0,0,0,0,0,0,0,0,0,0,0,0,0,0,0,0,0,0,
48,37,31,27,31,33,36,35,38,45,47,49,52,58,67,88,90,106,114,115,133,143,145,154,174,179,199,217,240,262,288,316,308,340,362,377,409,429,436,448,484,493,527,543,544,542,550,566,590,583,595,589,598,602,582,601,589,598,595,593,557,575,587,594,592,584,575,575,535,525,520,505,505,478,471,452,437,432,426,399,377,372,362,341,336,325,304,287,305,279,270,257,249,240,220,204,192,185,176,169,171,156,147,141,135,127,118,112,103,90,82,78,77,74,67,65,66,55,49,46,48,45,41,39,34,30,28,29,31,31,29,27,26,24,24,25,25,23,23,24,20,16,11,9,8,8,8,7,6,5,5,5,4,4,4,5,5,5,4,4,4,4,3,3,3,2,1,1,1,1,0,0,0,0,0,0,0,0,0,0,0,0,0,0,0,0,0,0,0,0,0,0,0,0,0,0,0,0,0,0,0,0,0,0,0,0,0,0,0,0,0,0,0,0,0,0,0,0,0,0,0,0,0,0,0,0,0,0,0,0,0,0,0,0,0,0,0,0,0,0,0,0,0,0,0,0,0,0,0,
63,41,35,28,32,40,41,52,52,58,57,59,69,86,99,113,118,120,133,141,166,199,205,206,222,224,257,266,270,272,284,313,308,330,328,333,342,351,358,376,400,400,395,412,422,413,420,426,426,431,441,446,429,443,446,443,417,423,408,411,417,378,401,401,397,390,404,385,379,377,355,338,326,336,341,321,315,308,300,285,277,270,263,251,253,244,246,242,230,214,217,203,190,191,181,162,158,145,146,144,148,140,146,146,139,133,130,120,117,112,106,95,95,99,99,99,88,85,79,75,74,73,70,62,59,58,52,46,46,46,41,40,41,36,26,26,26,19,20,20,21,19,18,16,16,17,16,14,13,15,12,13,13,12,11,12,11,11,11,10,10,9,9,10,9,8,7,7,7,6,6,6,6,5,5,6,6,6,5,5,5,3,2,2,2,2,2,2,2,2,2,2,2,2,2,2,2,2,2,2,2,2,2,2,2,2,2,1,1,1,1,1,1,1,1,1,1,1,1,1,1,1,1,1,1,1,1,1,1,1,1,1,1,1,1,1,0,0,0,0,0,0,0,0,0,0,0,0,0,0,0,0,0,0,0,0,0,0,0,0,0,0,
53,46,46,39,40,48,52,55,62,62,64,70,74,81,97,105,125,140,165,162,174,175,186,190,188,207,236,266,283,295,325,324,345,371,379,391,411,428,465,477,464,482,493,522,547,544,562,550,578,587,626,627,642,627,621,612,615,630,634,656,657,653,655,635,618,592,582,574,574,563,530,496,488,490,472,477,452,442,427,410,397,369,351,324,316,296,285,276,270,247,239,227,220,231,208,181,176,174,169,149,147,148,141,134,126,127,119,110,114,106,96,91,87,82,78,67,62,59,59,58,56,53,48,42,40,34,32,30,29,31,29,29,26,22,24,22,18,19,19,18,20,20,22,21,21,19,19,20,14,14,9,10,10,8,6,6,4,5,7,6,6,6,5,5,5,4,4,4,4,3,3,3,3,3,3,3,3,3,3,3,3,2,2,2,2,2,2,2,2,2,2,2,2,2,2,2,2,2,1,0,0,0,0,0,0,0,0,0,0,0,0,0,0,0,0,0,0,0,0,0,0,0,0,0,0,1,0,0,0,0,0,0,0,0,0,0,0,0,0,0,0,0,0,0,0,0,0,0,0,0,0,0,0,0,0,0,0,0,
57,40,38,33,27,29,42,40,45,49,51,58,63,67,69,85,97,107,109,112,111,122,142,142,147,159,176,196,194,204,221,243,253,255,275,282,305,334,324,343,354,368,379,397,429,447,428,445,465,483,468,492,479,487,476,481,485,483,490,484,475,469,462,447,445,444,442,436,423,415,419,424,410,398,403,392,376,351,348,354,336,323,321,311,297,293,284,278,280,257,252,239,223,222,225,226,209,188,187,182,171,162,160,152,145,136,126,105,103,104,105,108,102,94,87,85,88,86,80,76,74,71,73,68,66,73,66,64,60,60,50,52,52,49,48,42,39,38,39,36,34,34,34,32,29,23,21,21,18,16,15,12,12,9,10,10,11,10,8,8,8,8,7,6,8,8,7,7,5,4,4,5,6,6,5,4,4,4,4,4,4,4,4,4,5,4,2,2,2,2,1,1,1,1,0,0,0,0,0,1,0,0,0,0,0,0,0,0,0,0,
55,42,38,39,44,44,50,51,54,60,73,83,86,88,94,93,105,114,127,140,148,159,161,184,198,215,207,220,245,263,285,308,328,346,355,357,379,391,413,431,454,450,458,471,467,485,497,501,507,536,534,542,550,563,542,534,535,554,546,549,541,551,556,557,569,576,561,532,522,513,481,478,446,448,456,436,435,413,415,407,373,352,351,334,310,290,276,256,248,237,233,214,209,199,201,195,189,190,179,180,159,150,143,138,125,117,113,111,106,100,102,95,90,85,89,91,80,83,84,81,79,73,70,62,56,50,43,41,37,35,37,35,36,33,33,31,30,30,30,27,25,24,23,19,18,17,16,16,13,14,12,12,11,10,10,11,10,9,9,8,8,8,7,7,7,8,9,8,8,6,5,6,6,6,5,5,5,5,6,6,7,7,6,5,5,5,6,6,5,5,5,6,6,6,6,6,6,6,6,5,4,4,3,3,3,3,3,3,3,3,3,3,3,3,3,3,3,3,3,3,2,3,3,3,3,3,2,2,2,2,1,2,2,1,2,2,2,2,2,1,1,1,1,1,1,1,1,1,1,1,1,1,1,1,1,1,1,1,1,1,1,1,1,1,1,1,1,1,1,1,1,1,1,
60,44,46,41,48,50,47,42,54,63,70,74,81,87,95,111,125,133,150,155,171,208,218,251,263,283,298,311,335,352,345,390,416,431,443,455,487,524,544,543,552,569,569,589,598,603,605,629,631,600,606,591,589,600,574,576,562,556,544,528,527,498,496,511,502,465,457,422,392,374,337,332,324,299,288,283,262,249,236,216,199,185,178,173,167,163,145,137,132,128,120,114,105,105,104,98,94,84,81,77,76,76,72,69,69,63,60,54,51,47,47,45,46,39,36,36,37,33,34,30,26,24,23,22,20,17,17,17,15,15,14,13,12,11,10,10,11,12,13,12,10,9,8,8,5,3,3,3,3,3,4,3,3,2,2,2,2,2,2,2,1,1,1,1,0,0,0,0,0,0,0,0,0,0,0,0,0,0,0,0,0,0,0,0,0,0,0,0,0,0,0,0,0,0,0,0,0,0,0,0,0,0,0,0,0,0,0,0,0,0,0,0,0,0,0,0,0,0,0,0,0,0,0,0,0,0,0,0,0,0,0,0,0,0,0,0,0,0,0,0,0,0,0,0,0,0,0,0,0,0,0,0,0,0,0,0,0,0,0,0,0,0,0,0,0,0,0,0,0,0,0,0,0,0,0,0,0,0,0,0,0,0,0,0,0,0,0,0,0,0,0,0,0,0,0,0,0,0,0,0,0,0,0,0,0,0,0,0,0,0,0,
64,44,43,41,38,42,46,44,48,49,55,56,68,71,86,87,97,98,110,128,145,163,173,190,200,208,237,247,270,275,293,313,324,352,365,373,383,404,439,453,488,506,540,541,551,577,588,579,590,604,622,628,647,656,665,652,648,638,605,616,598,586,577,557,561,570,552,548,528,525,523,521,502,488,481,461,440,427,422,427,415,390,383,364,343,311,307,293,286,272,267,257,249,224,220,207,192,175,171,170,167,156,143,133,126,118,108,102,99,87,80,73,69,65,68,62,54,49,51,51,48,48,38,37,38,39,41,44,33,30,30,28,27,24,26,25,25,25,22,20,18,17,16,15,15,14,14,13,13,15,11,11,9,9,9,7,7,4,3,3,3,3,3,3,3,3,3,3,3,3,3,3,3,3,3,3,2,2,2,1,1,1,1,1,1,1,1,1,1,1,1,1,1,1,1,1,1,1,1,1,1,1,1,1,1,1,1,1,1,1,1,1,1,1,1,1,1,1,1,1,1,1,1,1,1,1,1,1,1,1,1,1,1,1,1,1,1,1,1,1,1,1,1,1,1,1,1,1,1,1,1,1,1,1,1,1,1,1,1,1,1,1,1,1,1,1,1,1,1,1,1,1,1,1,
55,35,36,37,42,43,52,57,66,69,71,73,84,109,105,116,112,119,122,122,138,152,174,194,190,202,206,215,235,270,288,296,324,336,357,367,393,395,413,420,419,459,479,471,457,482,491,490,484,500,507,513,533,533,530,518,523,538,534,508,478,469,468,467,445,441,445,446,452,453,425,405,385,362,343,328,321,316,304,296,289,282,258,236,229,239,225,200,187,184,180,176,171,160,154,150,146,142,135,118,109,110,106,103,102,99,94,89,76,74,70,62,58,58,57,58,53,54,51,47,45,39,33,31,27,27,24,22,23,23,22,20,21,21,22,22,23,20,19,19,16,16,14,13,15,13,13,13,13,14,12,11,10,11,12,11,11,8,7,5,5,4,5,4,4,4,4,4,4,4,4,3,3,3,4,2,2,2,1,1,1,1,1,1,1,1,1,1,1,1,1,1,1,2,2,1,1,0,0,0,0,0,0,0,0,0,0,0,0,0,0,0,0,0,0,0,0,0,0,0,0,0,0,0,0,0,0,0,0,0,0,0,0,0,0,0,0,0,0,0,0,0,0,0,0,0,0,0,0,0,0,0,0,0,0,0,0,0,0,0,0,0,0,0,0,0,0,0,0,0,0,0,0,0,0,0,0,0,0,0,0,0,0,0,0,0,0,0,0,0,0,0,0,0,0,0,0,0,
52,34,37,40,42,47,57,58,63,68,73,82,89,96,99,100,110,134,146,160,159,179,201,221,244,253,273,287,309,327,381,388,414,423,436,464,496,518,540,574,608,629,685,672,679,688,710,740,752,758,768,755,762,786,782,754,727,743,722,722,700,668,654,637,631,605,613,581,573,557,557,540,517,494,466,453,452,427,413,415,396,382,366,329,319,311,302,287,285,260,224,218,209,209,192,187,187,178,162,151,149,147,144,133,128,121,113,103,94,90,82,80,71,68,66,67,62,55,54,52,47,51,48,45,38,37,36,31,28,26,24,23,22,22,19,17,15,15,14,13,13,12,12,13,13,15,10,10,9,9,8,6,6,7,6,5,4,4,4,5,5,5,5,6,5,4,4,4,4,4,4,4,4,4,4,4,4,4,2,2,2,2,1,1,1,1,0,0,0,0,0,0,0,0,0,0,0,0,0,0,0,0,0,0,0,0,0,0,0,0,0,0,0,0,0,0,0,0,0,0,0,0,0,0,0,0,0,0,0,0,0,0,0,0,0,0,0,0,0,0,0,0,0,0,0,0,0,0,0,0,0,0,0,0,0,0,0,0,0,0,0,0,0,0,0,0,0,0,0,0,0,0,0,0,0,0,0,0,0,0,0,0,0,0,0,0,0,0,0,0,0,0,0,0,0,0,0,0,0,0,0,0,0,0,0,0,0,0,0,0,0,0,0,0,0,0,0,0,0,0,0,
53,37,29,29,28,26,27,30,28,37,41,45,52,56,55,59,62,69,71,72,89,108,118,119,141,161,161,187,205,218,226,252,277,290,299,298,304,326,333,341,364,379,382,398,406,412,394,411,421,421,433,442,449,452,477,460,446,447,441,428,433,419,420,397,413,410,403,396,386,363,358,343,327,322,323,306,293,281,269,263,255,241,231,214,196,194,176,174,164,159,154,147,131,125,112,114,114,108,99,96,93,93,84,80,70,64,60,53,57,51,47,41,39,40,39,36,38,40,39,35,36,35,32,27,30,26,23,18,18,16,16,17,16,16,16,17,18,18,17,16,13,12,11,10,9,8,8,8,7,5,5,5,5,5,5,5,5,6,6,4,4,3,3,3,2,2,2,2,2,2,2,2,2,2,2,2,2,2,2,2,2,2,1,1,1,1,1,1,1,1,1,1,1,1,1,1,1,1,1,1,1,1,1,1,1,1,1,1,1,1,1,1,1,1,1,1,1,1,1,1,1,1,1,1,1,1,1,1,1,1,1,1,1,1,1,1,1,1,1,1,1,1,1,1,1,1,1,1,1,1,1,1,1,1,1,1,1,1,1,1,1,1,1,1,1,1,1,1,1,1,1,1,
56,34,32,28,28,28,29,39,42,44,50,57,67,75,88,86,97,100,96,105,118,121,132,137,155,164,182,188,198,216,223,234,259,284,317,306,325,338,332,363,357,365,365,367,384,384,400,395,395,391,395,408,401,419,409,404,427,412,400,397,414,409,409,414,418,383,372,368,357,329,324,313,306,290,278,265,258,260,265,252,252,235,221,210,208,203,195,183,183,179,164,146,139,131,130,126,124,119,122,114,105,93,89,90,87,86,81,74,65,59,58,49,47,43,37,36,34,32,34,34,32,31,31,28,29,27,27,25,25,24,24,21,20,20,18,22,21,18,18,16,16,16,16,10,9,8,8,7,7,5,5,5,4,5,5,3,3,3,3,2,2,2,2,2,2,2,2,3,3,2,2,2,2,2,1,1,1,1,1,1,1,1,1,1,1,1,1,1,1,1,1,1,1,1,1,1,1,1,1,1,1,1,1,1,1,1,1,1,1,1,1,1,1,1,1,1,1,1,1,1,1,1,1,1,1,1,1,1,1,1,1,1,1,1,1,1,1,0,0,0,0,0,0,0,0,0,0,0,0,0,0,0,0,0,0,0,0,0,0,0,0,0,0,0,0,0,0,0,0,0,0,0,0,0,0,0,0,0,0,0,0,0,0,0,0,0,0,0,0,0,0,0,0,
48,40,33,36,37,37,34,37,45,51,53,55,66,81,89,102,110,120,130,138,139,146,170,185,200,214,226,261,275,292,311,339,337,359,386,396,417,421,456,465,474,508,513,530,515,521,555,547,569,559,575,586,587,606,596,592,589,593,587,601,580,564,565,562,556,564,560,544,531,534,534,507,534,507,470,454,443,427,407,400,400,386,389,371,366,356,340,320,302,289,271,267,245,242,233,218,209,208,197,185,177,180,179,161,168,153,142,134,137,135,131,126,120,112,107,100,94,92,85,82,77,78,74,70,68,68,68,71,68,69,69,64,57,50,49,48,51,50,46,43,39,37,35,34,33,34,31,27,24,26,26,26,23,19,18,16,14,15,16,12,11,11,11,12,11,10,10,11,9,8,7,7,8,6,4,3,3,3,2,2,2,3,3,1,1,1,1,1,1,1,1,1,1,1,1,1,1,1,1,1,1,1,1,1,1,1,1,1,1,1,1,1,1,1,1,1,1,0,0,0,0,0,0,0,0,0,0,0,0,0,0,
64,44,38,40,37,40,47,49,49,58,65,70,83,98,108,127,130,133,141,155,167,193,195,235,240,262,273,301,324,339,357,380,407,413,413,416,453,466,485,505,521,543,536,559,564,571,560,569,575,583,580,577,578,552,549,544,537,511,494,488,480,483,489,477,468,459,446,415,402,394,367,356,352,327,311,308,305,298,288,289,286,260,264,250,237,239,220,215,207,207,202,191,195,182,172,167,169,157,143,133,124,117,116,116,108,96,93,86,89,87,90,81,78,71,67,62,59,54,56,53,53,45,41,36,33,26,27,26,26,22,23,21,19,17,18,17,17,18,20,19,14,11,10,8,9,10,10,10,10,10,10,9,9,7,8,5,5,2,3,3,4,4,4,4,4,4,1,1,1,1,1,1,1,1,1,1,1,1,1,1,1,1,1,1,1,1,1,1,1,1,1,1,1,1,1,1,1,1,1,1,1,0,0,0,0,0,0,0,0,0,0,0,0,0,0,0,0,0,0,0,0,0,0,1,1,1,0,0,0,0,0,0,0,0,0,0,0,0,0,0,0,0,0,0,0,0,0,0,0,0,0,0,0,0,0,0,0,0,0,0,0,0,0,0,0,0,0,0,0,0,0,0,0,0,0,0,0,0,0,0,0,0,0,0,0,0,0,0,0,0,0,0,0,0,0,0,0,0,0,0,0,0,0,0,0,0,0,0,0,0,0,0,0,0,0,0,0,0,0,0,0,0,0,0,0,0,0,0,0,0,0,0,0,0,0,0,0,0,0,0,0,0,0,0,0,0,0,0,0,0,0,0,0,0,0,0,0,0,0,0,0,0,0,0,0,0,0,0,0,0,0,0,0,0,0,0,0,
60,43,37,35,38,44,49,55,61,71,73,76,76,86,95,105,121,128,132,136,161,161,171,184,215,230,245,253,280,305,314,312,333,348,376,385,406,404,421,425,425,443,443,454,472,491,490,495,511,528,535,545,552,563,544,519,520,524,535,538,525,526,545,567,535,531,529,535,532,508,531,512,513,495,490,474,448,427,426,402,393,379,363,363,354,358,344,340,320,305,296,283,272,258,273,255,227,232,229,222,209,205,197,182,181,175,162,153,140,140,136,134,122,113,108,101,101,98,79,66,63,59,54,51,50,43,46,46,46,45,44,40,40,41,41,40,36,30,28,26,24,24,24,25,21,21,20,19,17,15,15,14,14,15,14,12,10,9,8,8,6,7,8,8,7,6,5,4,4,3,2,2,2,2,2,2,2,0,0,0,0,0,0,0,0,0,0,0,0,0,0,0,0,0,0,0,0,0,0,0,0,0,0,0,0,0,0,0,0,0,0,0,0,0,0,
56,46,41,38,44,37,41,41,53,60,66,65,78,87,91,107,114,119,135,129,146,158,160,189,190,210,236,262,272,290,319,326,359,360,386,401,409,454,499,506,539,562,581,625,635,641,625,658,652,656,634,627,640,615,612,586,581,583,555,542,550,575,557,563,534,523,508,491,463,456,445,425,416,402,385,386,382,365,354,345,339,322,292,278,285,262,263,250,242,241,220,208,209,194,181,183,172,172,173,176,162,151,141,137,129,131,123,119,111,102,98,88,76,66,62,57,55,55,53,52,48,50,52,46,47,41,45,44,44,44,38,36,33,35,31,31,28,26,26,24,23,23,22,20,20,19,18,18,18,16,17,17,18,17,16,15,12,13,13,13,11,11,10,11,10,9,8,8,8,8,8,7,7,7,5,5,4,4,4,4,4,4,4,4,4,4,4,4,4,4,4,4,3,3,3,3,3,3,3,3,3,3,3,2,2,2,2,2,1,1,1,1,1,1,1,1,1,1,1,1,1,1,1,1,1,1,1,1,1,1,1,1,1,1,1,1,1,1,1,1,1,1,1,1,1,1,1,1,1,1,1,1,1,1,1,1,1,1,1,0,0,0,0,0,0,0,0,0,0,0,0,0,0,0,0,0,0,0,0,0,0,0,0,0,0,
64,45,40,35,43,44,37,45,39,40,50,58,53,64,81,85,91,83,92,112,113,117,126,133,147,156,166,170,185,207,217,219,248,264,276,270,274,310,312,325,340,360,374,380,407,421,428,433,431,451,463,465,482,491,488,484,491,515,535,525,519,521,508,506,521,519,500,500,495,479,471,464,462,451,443,426,432,428,433,433,433,412,418,417,401,410,387,385,370,358,362,361,347,330,314,313,297,286,291,275,263,256,244,244,234,204,202,191,186,173,169,148,145,128,121,110,100,100,96,86,84,77,73,74,76,74,72,73,65,60,53,48,45,46,41,43,37,36,33,34,32,32,33,29,27,26,19,20,19,18,17,17,17,13,15,14,13,12,13,12,12,11,10,8,9,10,11,10,11,9,9,7,7,7,6,5,7,6,6,7,7,6,6,5,3,3,3,3,2,2,2,2,2,2,1,1,0,0,1,1,0,0,0,0,0,0,0,0,0,0,0,0,0,0,0,0,0,0,0,0,0,0,0,0,0,0,0,0,0,0,0,0,0,0,0,0,0,0,0,0,0,0,
52,42,39,41,38,44,42,37,35,45,43,55,74,74,61,66,76,82,90,105,116,119,129,140,150,153,169,198,205,224,233,229,245,260,281,273,285,294,304,305,324,345,345,357,345,361,386,406,432,441,458,450,446,449,457,466,481,496,490,473,464,462,462,474,453,435,428,422,421,412,412,394,398,393,393,381,358,339,322,320,326,321,302,307,292,290,282,262,260,250,238,233,218,201,184,170,168,171,163,153,147,142,138,124,114,111,106,107,101,99,93,89,84,85,80,76,73,73,70,69,62,63,57,52,52,45,43,43,45,45,47,41,38,36,34,33,30,30,27,23,25,24,23,23,20,18,15,15,14,13,13,12,11,11,11,10,10,9,9,8,8,7,7,6,5,4,4,3,4,4,5,5,5,5,6,5,5,5,5,4,4,4,4,4,4,4,4,4,4,4,4,4,4,3,2,2,2,2,2,1,1,1,1,1,1,1,1,1,1,1,1,1,1,1,1,1,1,1,1,1,1,1,1,1,1,1,1,1,1,1,1,1,1,1,1,1,1,1,1,1,1,1,1,1,1,1,1,1,1,1,1,1,1,1,1,1,1,1,1,1,0,0,0,0,0,0,0,0,0,0,
62,46,44,43,38,42,48,54,57,62,77,92,103,110,117,118,134,155,158,159,163,177,195,205,210,218,236,257,286,296,308,320,334,347,362,376,393,414,436,449,471,467,475,488,523,538,534,557,543,545,540,542,546,549,545,552,535,514,519,522,527,527,525,525,522,497,484,466,450,457,455,465,450,440,415,400,402,401,387,386,364,358,353,337,334,325,294,287,284,265,264,249,232,240,235,227,213,205,205,195,189,182,173,163,154,146,142,131,115,113,105,98,95,90,85,84,80,76,67,64,65,60,53,51,47,47,46,42,40,38,37,36,31,30,28,30,26,28,27,25,24,24,21,18,16,15,12,12,9,9,9,8,8,8,5,3,3,3,3,3,3,3,3,3,3,2,2,2,2,2,2,2,2,2,2,1,1,1,1,1,1,1,1,1,1,1,1,1,1,1,1,1,1,1,1,1,1,1,1,1,1,1,1,1,0,0,0,0,0,0,0,0,0,0,0,0,0,0,0,0,0,0,0,0,0,0,0,0,0,0,0,0,0,0,0,0,0,0,0,0,0,0,0,0,0,0,0,0,0,0,0,0,0,0,0,0,0,0,0,0,0,0,0,0,0,0,0,0,0,0,0,0,0,0,0,0,0,0,0,0,0,0,0,0,0,0,0,0,0,0,0,0,0,0,0,0,0,0,0,0,0,0,0,0,0,0,0,0,0,0,0,0,0,0,0,0,0,0,0,0,0,0,0,0,0,0,0,0,0,0,0,0,0,0,0,0,0,0,0,0,0,0,0,0,0,0,0,0,0,0,0,0,0,0,
64,47,41,38,35,34,35,36,42,46,53,55,61,63,72,75,84,91,99,96,115,126,134,151,168,182,181,198,209,207,224,227,240,270,297,321,349,354,373,371,386,403,411,416,419,430,434,449,445,458,462,478,465,469,473,488,484,482,487,478,487,470,446,452,448,442,439,418,410,402,393,399,402,394,392,359,352,360,358,355,351,343,318,323,316,304,316,286,287,271,261,240,230,231,217,210,203,195,188,174,170,156,155,146,142,134,123,121,117,117,115,109,108,100,95,89,84,80,85,81,75,72,72,71,65,63,66,61,55,48,46,39,40,41,37,39,37,36,35,28,26,24,26,23,22,23,22,18,17,13,14,15,14,12,11,10,9,6,8,8,8,6,7,6,6,6,6,6,3,3,3,3,3,3,2,2,0,0,0,0,0,0,0,0,0,0,0,0,0,0,0,0,0,0,0,0,0,0,0,0,0,0,0,0,0,0,0,0,0,0,0,0,0,0,0,0,0,0,0,0,0,0,0,0,0,0,0,0,0,0,0,0,0,0,0,0,0,
51,39,41,42,49,56,62,53,69,82,83,91,90,96,106,112,125,128,137,152,160,167,187,209,237,236,252,266,287,298,311,345,374,405,436,446,460,474,494,515,547,547,561,603,604,601,631,640,643,654,660,663,677,666,667,665,653,638,621,621,596,589,578,571,606,640,597,579,552,549,505,509,509,481,466,449,446,419,390,376,368,337,318,302,297,299,287,268,272,248,235,228,208,190,206,189,174,164,159,155,152,156,147,148,146,130,126,129,128,125,124,111,108,111,110,112,107,96,91,84,84,76,71,68,66,63,61,62,56,59,57,48,48,49,44,37,37,32,34,34,30,30,30,24,25,22,23,25,24,21,19,25,20,20,20,18,19,20,19,20,14,17,15,15,13,14,16,14,13,13,13,14,15,14,13,12,10,9,7,7,7,8,9,11,9,7,7,6,5,5,5,5,6,7,7,6,5,4,4,5,5,5,4,5,5,5,5,5,4,4,4,4,4,4,5,5,5,3,2,2,2,2,2,2,2,2,1,1,1,1,1,1,1,1,1,1,1,1,1,1,1,1,1,1,1,1,1,1,1,1,1,1,0,0,0,0,0,0,0,0,0,0,0,0,0,0,0,0,0,0,0,0,0,0,0,0,0,0,0,0,0,0,0,0,0,0,0,0,0,0,0,0,0,0,0,0,0,0,0,0,0,0,0,0,0,0,0,0,0,0,0,0,0,0,0,0,0,0,0,0,0,0,0,0,0,0,0,0,0,0,0,0,0,0,0,0,0,0,0,0,0,0,0,0,0,0,0,0,0,0,0,0,0,0,0,0,0,0,0,0,0,0,0,0,0,0,0,0,0,0,0,0,0,0,0,0,0,0,0,0,0,0,0,0,0,0,0,0,0,0,0,0,0,0,0,0,0,0,0,0,0,0,0,
50,38,29,23,25,27,31,34,38,36,40,45,44,56,62,76,76,82,85,99,109,112,136,140,158,173,183,195,199,214,218,237,251,262,277,303,311,319,314,349,350,351,367,388,392,397,384,403,408,418,414,394,393,408,414,401,401,405,413,395,403,390,381,362,369,358,348,345,332,334,308,302,304,296,287,282,289,277,269,248,249,227,229,208,207,200,194,193,181,186,178,162,148,140,136,132,119,119,107,98,99,93,78,69,67,66,68,66,63,54,54,50,51,51,49,47,47,47,44,44,41,39,34,32,30,29,28,26,25,25,24,22,19,20,20,22,21,22,24,25,23,21,21,18,18,17,17,15,15,13,13,9,9,11,11,9,9,9,9,8,9,9,8,8,8,6,5,4,3,3,3,3,3,3,4,4,3,2,2,2,2,2,2,2,2,2,2,2,2,2,2,2,2,2,2,2,2,2,2,2,2,2,2,2,2,2,2,2,2,2,2,2,2,2,2,2,2,2,2,2,2,2,2,2,2,2,1,1,1,1,1,1,1,1,1,1,1,0,0,0,0,0,0,0,0,0,0,0,0,0,0,0,0,0,0,0,0,0,0,0,0,0,0,0,0,0,0,0,0,0,0,0,0,0,0,0,0,0,0,0,0,0,0,0,0,0,
57,37,30,31,28,32,38,38,44,54,58,62,72,65,68,75,87,94,90,101,102,112,120,134,140,164,170,180,205,243,247,260,271,286,276,293,302,299,317,327,336,358,357,365,376,368,372,375,384,387,397,386,376,375,349,372,364,357,352,345,342,327,327,318,297,304,293,291,280,281,273,265,250,251,236,242,237,231,247,251,238,231,239,218,212,200,197,184,175,165,161,161,156,150,149,146,135,130,117,114,110,106,104,100,92,92,82,84,87,88,79,76,67,67,63,63,57,53,51,44,47,42,38,36,35,33,32,34,30,29,25,24,22,21,19,19,19,17,18,17,18,17,16,14,14,12,13,12,11,12,9,10,10,11,9,8,7,8,6,7,6,6,4,3,3,3,3,4,4,4,4,3,3,2,2,2,2,2,2,2,2,2,3,2,2,2,2,2,2,2,2,2,2,1,1,1,1,1,1,0,0,0,0,0,0,0,0,0,0,0,0,0,0,0,0,0,0,0,0,0,0,0,0,0,0,0,0,0,0,0,0,0,0,0,0,0,0,0,0,0,0,0,0,0,0,0,0,0,0,0,0,0,0,0,0,0,0,0,0,0,0,0,0,0,0,0,0,0,0,0,0,0,0,0,0,0,0,0,0,0,0,0,0,0,0,0,0,0,0,0,0,0,0,0,0,0,0,0,0,0,0,0,0,0,0,0,0,0,0,0,0,0,0,0,0,0,0,0,0,0,0,0,0,0,0,0,0,0,0,0,0,0,0,0,0,0,0,0,0,
55,39,38,35,36,33,36,35,40,48,47,58,61,65,82,83,92,107,117,126,147,152,155,171,191,203,201,224,243,274,283,288,286,304,313,318,310,333,351,370,363,390,412,450,452,447,459,479,486,473,469,488,492,499,488,477,472,468,480,480,474,465,461,467,463,457,433,415,412,401,400,406,379,362,374,357,365,384,363,344,314,301,283,266,264,252,243,232,229,233,204,204,205,197,185,187,171,161,149,143,132,125,118,111,108,108,105,91,94,87,91,91,81,79,76,67,65,58,55,56,54,54,51,46,44,44,38,37,30,27,27,27,24,24,21,19,19,17,15,15,13,12,14,14,15,11,12,10,10,10,9,10,10,10,10,10,10,9,8,7,7,7,7,7,7,7,5,5,6,5,5,3,3,2,2,2,2,2,2,2,2,2,2,2,2,2,2,2,2,2,2,2,2,2,2,2,2,2,2,2,2,2,2,2,2,2,1,1,1,1,1,1,1,1,1,1,
59,50,49,54,64,60,63,79,84,88,87,95,112,109,124,133,139,168,168,187,205,227,249,258,283,284,315,330,361,392,406,449,441,472,492,484,507,533,556,579,610,615,605,612,609,608,614,605,584,575,606,605,587,596,573,580,582,553,544,552,543,537,537,513,502,488,462,455,444,427,420,399,385,367,363,355,332,316,298,283,263,243,228,204,194,189,186,175,176,165,157,146,144,135,126,111,106,103,102,92,85,82,78,74,76,68,59,59,52,45,46,46,45,42,41,39,36,34,30,28,26,27,23,25,23,22,20,18,19,15,16,16,17,16,14,12,10,9,8,11,9,10,9,7,6,7,7,8,6,4,2,3,3,3,4,3,4,3,3,4,3,3,3,4,2,3,3,3,3,3,3,3,2,2,2,2,2,2,1,1,1,1,1,2,2,2,1,1,1,1,1,1,1,1,2,2,1,1,1,1,0,1,1,0,0,0,0,0,0,0,0,0,0,0,0,0,0,0,0,0,0,0,0,0,0,0,0,0,0,0,0,0,0,0,0,0,0,0,0,0,0,0,0,0,0,0,0,0,0,0,0,0,0,0,0,0,0,0,0,0,0,0,0,0,0,0,0,0,0,0,0,0,0,0,0,0,0,0,0,0,0,0,0,0,0,0,0,0,0,0,0,0,0,0,0,0,0,0,0,0,0,0,0,0,0,0,0,0,0,0,0,0,0,0,0,0,0,0,0,0,0,0,0,0,0,0,0,0,0,0,0,0,0,0,0,0,0,0,0,0,0,0,0,0,0,0,0,0,0,0,0,0,0,0,0,0,0,0,0,0,0,0,0,0,0,0,0,0,0,0,0,0,0,0,0,0,0,0,0,0,0,0,0,0,0,
57,44,37,42,45,45,58,55,59,68,60,65,76,75,87,86,97,114,127,135,145,159,179,209,230,250,246,258,275,279,296,328,342,375,392,415,423,446,493,520,515,518,523,556,566,572,597,615,627,621,612,642,648,641,637,598,581,572,556,542,513,486,475,488,484,466,465,445,432,431,413,392,371,371,366,354,349,339,338,321,305,304,300,278,265,261,244,235,231,224,206,206,195,183,180,169,166,155,138,137,127,118,109,105,94,94,97,89,86,86,82,71,65,61,59,55,54,48,51,48,47,47,44,41,39,38,36,39,35,28,24,21,23,21,21,20,19,20,17,13,16,15,14,11,10,10,10,8,7,6,6,6,7,5,4,3,3,2,2,2,2,3,3,3,5,6,4,4,4,4,4,4,4,4,4,5,5,5,4,6,5,5,5,5,4,4,4,3,2,2,2,2,2,2,1,2,1,1,1,1,1,0,0,0,0,0,0,0,0,0,0,0,0,0,0,0,0,0,0,0,0,0,0,0,0,0,0,0,0,0,0,0,0,0,0,0,0,0,0,0,0,0,0,0,0,0,0,0,0,0,0,0,0,0,0,0,0,0,0,0,0,0,0,0,0,
58,38,36,36,40,43,49,48,50,56,51,58,65,68,74,82,94,111,124,129,137,132,150,152,160,176,190,205,221,237,256,256,267,273,303,333,327,336,346,359,378,381,376,417,412,417,428,421,427,418,421,433,426,401,409,425,430,436,444,435,435,422,445,464,466,437,437,438,424,420,408,386,398,376,375,381,378,371,350,359,354,349,348,339,337,339,327,306,280,276,271,262,252,241,230,220,210,203,202,195,182,171,161,160,153,146,146,152,143,142,131,125,122,116,109,107,103,101,95,96,89,87,80,76,74,73,66,69,67,62,62,62,58,57,49,49,46,41,39,36,34,32,30,27,24,22,23,21,21,20,20,23,21,20,18,13,13,13,13,13,13,13,13,10,10,10,11,9,8,8,8,7,7,7,7,7,6,5,4,4,4,3,3,3,3,3,3,2,2,2,2,2,3,3,3,2,1,1,1,1,1,1,1,1,1,1,1,1,1,1,1,1,1,1,1,1,1,0,0,0,0,0,0,0,0,0,0,0,0,0,0,0,0,0,0,0,0,0,0,0,0,0,0,0,0,
68,44,40,38,36,40,46,51,59,61,65,68,77,97,98,119,132,131,134,153,158,164,178,203,217,236,263,284,299,322,341,359,383,393,439,448,459,472,476,508,527,536,538,541,566,554,557,570,574,576,584,585,596,598,600,596,591,573,564,562,548,533,511,487,477,460,452,445,443,440,424,410,408,379,371,367,355,352,329,314,292,279,282,270,259,252,241,237,219,219,200,200,194,185,173,169,156,147,152,153,145,143,128,125,120,121,99,97,88,87,82,81,66,66,63,62,56,56,57,49,52,54,47,45,43,37,38,39,34,31,27,26,24,25,28,23,22,20,18,15,12,12,12,9,9,11,10,11,11,10,8,8,8,8,9,8,7,7,7,6,6,5,5,5,5,4,4,4,4,4,4,3,3,3,3,3,3,3,3,3,3,3,3,3,3,2,2,2,2,2,2,2,2,2,2,2,2,1,1,1,1,1,1,1,1,1,1,1,1,0,0,0,0,0,0,0,0,0,0,0,0,0,0,0,0,0,0,0,0,0,0,0,0,0,0,0,0,0,0,0,0,0,0,0,0,0,0,0,0,0,0,0,0,0,0,0,0,0,0,0,0,0,0,0,0,0,0,0,0,0,0,0,0,0,0,0,0,0,0,0,0,0,0,0,0,0,0,0,0,0,0,0,
54,40,38,33,31,41,49,50,52,58,65,71,67,70,75,86,101,112,128,151,167,177,179,203,201,214,244,260,267,270,276,303,306,316,328,332,346,382,378,361,378,414,433,430,456,449,455,439,435,457,471,484,504,490,488,488,496,508,489,495,481,459,456,460,454,425,423,422,409,414,413,412,374,382,370,359,356,367,344,345,344,332,300,282,272,264,262,233,230,216,213,202,198,188,177,162,168,166,158,151,143,136,126,130,121,115,116,110,99,101,99,94,87,91,86,83,80,76,77,71,58,53,49,51,45,45,40,33,34,31,31,31,27,25,22,18,19,20,19,18,17,19,19,19,21,17,18,16,13,11,11,11,9,7,8,10,8,7,7,7,7,5,5,6,5,5,4,3,3,3,4,4,4,3,3,3,3,3,3,2,3,3,3,3,2,2,2,2,2,2,2,2,2,2,2,2,2,2,2,3,2,2,2,2,1,1,1,1,1,1,1,1,1,1,1,1,1,1,1,1,1,1,1,1,1,1,1,1,1,1,1,1,1,1,1,1,1,1,1,1,1,1,1,1,1,1,1,1,1,1,0,0,0,0,0,0,0,0,0,0,0,0,0,0,0,0,0,0,0,0,0,0,0,0,0,0,0,0,0,0,0,0,0,0,0,0,0,0,0,
51,41,40,39,41,41,44,53,58,52,52,59,68,76,89,99,105,105,133,146,160,167,185,185,212,222,238,255,277,304,312,354,377,389,402,416,418,459,482,502,502,504,502,508,509,512,534,538,533,527,543,535,539,534,535,537,531,519,530,494,456,451,438,440,427,413,409,407,428,412,407,406,402,393,371,361,358,348,355,352,351,340,333,310,289,279,277,264,258,245,233,233,229,217,219,203,185,184,191,175,161,153,152,142,142,133,121,114,107,104,88,92,99,89,91,96,89,81,72,71,69,61,57,57,49,43,43,37,36,35,33,37,34,31,29,28,29,28,26,26,27,27,27,25,23,19,17,16,16,17,15,14,16,12,10,10,11,10,10,9,9,8,9,7,8,8,8,9,7,7,9,8,8,7,9,10,10,10,10,9,9,11,10,6,8,6,6,6,5,3,3,3,4,3,4,3,3,3,3,3,2,2,2,2,2,2,1,1,1,1,1,1,1,1,1,1,1,1,1,1,1,1,1,1,1,1,1,1,1,1,1,1,1,1,1,1,1,2,1,1,1,1,1,1,1,1,1,1,1,2,2,2,2,1,1,1,1,1,1,1,1,1,1,1,1,1,1,1,1,1,1,1,1,1,1,1,1,1,1,1,1,1,1,1,1,0,0,0,0,0,0,0,0,0,0,0,0,0,0,0,0,0,0,0,0,0,0,0,0,0,0,0,
59,39,35,36,39,44,47,49,57,51,55,62,68,75,80,96,95,107,107,123,144,158,173,166,180,197,210,219,237,252,265,290,299,271,311,333,355,364,384,397,397,425,433,453,472,492,484,500,509,507,511,529,539,521,523,515,514,508,497,505,504,489,491,462,464,462,464,453,448,440,434,414,389,386,377,369,360,356,342,342,328,307,305,289,276,270,263,240,226,218,218,214,214,204,186,180,164,154,154,154,148,141,129,128,126,120,115,110,95,97,90,84,77,73,70,67,67,62,53,56,53,48,44,45,41,38,39,37,38,37,35,35,32,30,30,26,23,21,20,20,19,16,15,14,14,14,14,13,13,11,10,10,10,9,9,9,8,7,6,6,5,6,6,6,6,5,5,5,5,4,4,4,3,3,2,2,2,2,1,1,1,1,1,1,1,1,1,1,1,1,1,1,1,1,1,1,1,1,1,1,1,1,1,1,1,1,1,1,1,1,1,1,1,1,1,1,1,1,1,1,1,1,1,1,1,1,1,1,1,1,1,1,1,1,1,1,1,1,1,1,1,1,1,1,1,1,1,1,1,1,1,1,1,1,1,1,1,1,1,1,1,1,1,1,1,1,1,1,1,1,1,1,1,1,1,1,1,1,1,1,1,1,1,1,1,1,1,1,1,1,1,1,1,1,1,1,1,1,1,1,1,1,1,1,1,1,1,1,1,1,1,1,1,1,1,1,1,1,1,1,1,1,1,1,1,1,1,1,1,1,1,1,1,1,1,1,1,1,1,1,1,
66,38,33,38,35,29,29,33,34,36,39,39,51,65,69,71,84,92,98,102,109,120,140,151,158,169,192,203,220,222,252,269,261,282,322,323,328,350,357,388,414,424,451,467,493,462,495,508,503,514,505,527,544,556,569,557,575,548,534,521,535,541,538,522,514,518,509,484,464,447,451,437,419,408,400,399,385,364,347,332,312,320,293,282,295,278,265,259,269,257,254,246,240,233,230,228,212,211,206,191,190,171,164,155,155,152,160,154,148,131,133,134,132,132,127,121,123,118,111,108,100,99,97,94,90,89,89,86,86,92,83,81,80,75,67,61,62,60,63,59,57,57,57,51,52,54,52,49,46,44,38,38,40,37,37,37,30,29,29,30,30,27,25,25,22,22,23,23,22,22,22,21,21,23,18,16,13,13,12,12,12,14,10,10,12,11,11,12,11,9,12,11,8,6,5,6,4,3,4,3,3,4,4,5,5,5,5,5,5,5,4,4,4,4,3,3,3,3,3,3,3,3,3,3,3,3,3,3,2,3,2,1,2,2,2,2,2,2,2,2,3,3,2,2,2,1,1,1,1,1,1,1,1,1,1,1,1,1,1,1,0,0,0,0,0,0,0,0,0,0,0,0,0,0,0,0,0,0,0,0,0,0,0,0,0,0,0,0,0,0,0,0,0,0,0,0,0,0,0,0,0,0,0,0,0,0,0,0,
53,37,33,30,36,34,36,47,48,48,55,59,68,85,93,102,105,112,123,120,149,154,165,180,213,226,238,253,264,293,324,335,351,364,383,388,441,479,490,511,508,510,507,535,545,582,573,579,606,586,605,602,609,603,593,619,630,637,628,618,620,608,593,579,572,575,579,586,548,552,517,484,468,504,479,466,452,421,398,392,355,355,350,344,336,334,314,304,290,280,274,253,244,238,238,225,214,189,176,167,155,144,143,132,128,120,112,125,113,110,109,104,100,98,93,100,91,81,78,77,72,63,60,58,52,48,49,44,42,36,30,27,26,28,26,24,19,20,19,18,17,17,18,17,16,16,17,17,16,16,16,14,13,11,8,8,7,7,8,8,8,8,8,7,6,6,6,4,5,5,4,4,4,4,3,2,2,2,2,2,2,2,1,1,1,1,1,1,1,1,1,1,1,1,1,1,1,1,1,1,1,1,1,1,1,1,
62,46,41,44,46,54,63,71,79,87,85,90,99,122,129,149,152,166,175,173,201,228,230,257,273,274,291,288,310,320,333,346,369,384,396,423,449,480,471,477,526,533,530,563,568,577,588,606,605,610,624,602,618,632,637,628,624,621,597,617,584,595,568,546,526,514,504,489,492,464,445,448,435,418,407,402,383,383,358,346,339,332,322,306,290,302,293,296,282,260,236,225,211,211,196,180,166,164,141,131,121,120,113,110,108,103,103,103,93,89,80,79,76,71,68,64,62,58,51,53,52,46,43,37,36,35,34,34,31,32,30,32,29,30,26,24,25,27,24,23,20,22,22,21,22,21,20,16,16,15,14,15,16,15,14,13,13,11,9,9,10,11,10,9,7,7,6,6,6,5,4,4,3,2,2,3,2,2,2,2,2,2,2,2,2,2,2,2,2,1,1,1,1,1,0,0,0,0,0,0,0,0,0,0,0,0,0,0,0,0,0,0,0,0,0,0,0,0,0,0,0,0,0,0,0,0,0,0,0,0,0,0,0,0,0,0,0,0,0,0,0,0,0,0,0,0,0,0,0,0,0,0,0,0,0,0,0,0,0,0,0,0,0,0,0,0,0,0,0,0,0,0,0,0,0,0,0,0,0,0,0,0,0,0,0,0,0,0,0,0,0,0,0,0,
46,36,40,42,42,50,49,58,68,73,79,84,93,105,111,115,107,114,121,129,139,147,170,194,204,230,251,269,283,293,302,311,345,379,405,411,416,430,454,475,503,503,494,529,543,563,575,588,591,579,582,588,577,566,560,572,552,549,552,546,536,529,508,506,494,488,475,479,487,470,456,419,401,381,372,378,362,346,336,335,343,332,317,305,293,279,267,248,235,228,220,219,213,206,206,198,195,193,181,172,170,161,156,148,142,135,118,119,112,100,98,94,86,83,79,77,77,72,71,75,66,67,62,60,58,54,50,47,50,51,42,39,40,35,41,38,32,28,29,28,27,26,23,23,20,19,19,18,18,19,20,16,17,17,19,16,16,14,14,11,11,8,8,7,7,7,6,6,7,8,7,6,6,5,5,5,5,4,4,4,4,4,4,2,2,2,2,2,2,2,2,2,1,1,1,1,1,1,0,0,0,0,0,0,0,0,0,0,0,0,0,0,0,0,0,0,0,0,0,0,0,0,0,0,0,0,0,0,0,0,0,0,0,0,0,0,0,0,0,0,0,0,0,0,0,0,0,0,0,0,0,0,0,0,0,0,0,0,0,0,0,0,0,0,0,0,0,0,0,0,0,0,0,0,0,0,0,0,0,0,0,0,0,0,0,0,0,0,0,0,0,0,0,0,0,0,0,0,0,0,0,0,0,0,0,0,0,0,0,0,0,0,0,0,0,0,0,0,0,0,0,0,0,0,0,
59,49,44,38,42,44,49,43,45,53,60,70,72,75,89,90,92,95,107,124,128,141,152,158,149,170,180,201,203,222,236,256,263,288,297,312,339,359,361,371,405,435,443,452,474,494,467,477,480,491,519,530,559,556,551,547,564,567,555,555,551,533,545,515,500,486,476,480,472,446,430,435,441,437,430,417,386,355,358,348,352,329,317,320,326,320,305,300,287,266,255,245,230,225,208,201,187,177,167,167,165,152,146,144,130,114,110,106,99,97,92,86,89,83,74,72,70,64,62,54,52,48,45,45,41,46,45,42,38,37,35,29,29,24,24,23,20,19,19,19,18,16,16,15,14,15,13,13,13,13,13,12,12,10,9,9,8,8,8,7,7,7,6,7,8,7,5,4,4,4,4,4,3,4,4,3,4,3,3,2,1,1,1,1,1,1,1,1,1,1,1,1,1,1,1,1,1,1,1,1,1,1,1,1,1,1,1,1,1,1,1,1,1,1,1,1,1,1,1,1,1,1,1,1,1,1,1,1,1,1,1,1,1,1,1,1,1,1,1,1,1,1,1,1,1,1,1,1,1,1,1,1,1,1,1,1,1,1,1,1,1,1,1,1,1,1,1,1,1,1,1,1,1,1,0,0,0,0,0,0,0,0,0,0,0,0,0,0,0,0,0,0,0,0,0,0,0,0,0,0,0,0,0,0,0,0,0,0,0,0,0,0,0,0,0,0,0,0,0,0,0,0,0,0,0,0,0,0,0,0,0,0,0,0,0,0,0,0,0,0,
64,41,36,41,43,52,54,61,70,73,79,83,83,90,107,112,122,127,142,148,164,179,191,205,229,257,277,270,279,310,319,339,354,377,396,393,399,412,410,411,418,449,464,480,472,518,539,536,550,562,558,555,565,564,565,560,576,561,538,538,533,523,531,527,519,498,510,519,517,497,497,492,494,480,482,479,465,456,457,457,426,419,400,396,394,364,351,328,326,321,308,285,271,260,239,231,234,220,195,202,194,188,179,163,153,142,134,125,124,117,109,108,105,98,95,88,86,81,77,72,66,65,64,58,59,56,48,43,41,36,35,37,35,32,29,25,20,16,14,15,15,15,13,11,10,10,13,12,12,13,9,9,7,8,6,6,6,6,6,5,5,5,4,3,4,3,3,3,2,2,2,2,2,2,2,2,2,2,2,2,2,2,2,2,2,2,2,2,2,2,2,2,3,2,2,2,1,1,1,1,1,1,1,1,1,1,1,1,1,1,1,1,1,1,0,0,0,0,0,0,0,0,0,0,0,0,0,0,0,0,0,0,0,0,0,0,0,0,0,0,0,0,0,0,0,0,0,0,0,0,0,0,0,0,0,0,0,0,0,0,0,0,0,0,
68,54,49,50,48,50,47,52,57,66,78,82,92,101,106,124,125,140,151,153,165,180,201,219,251,275,279,300,325,352,366,362,394,431,454,479,488,521,513,551,562,594,635,654,660,665,691,691,697,685,721,679,679,667,662,654,648,655,649,635,626,614,585,576,547,548,553,545,521,503,501,481,469,464,437,409,399,388,388,365,351,338,325,318,314,296,285,283,242,238,218,215,210,221,215,211,197,192,188,190,180,172,158,152,134,130,126,119,116,121,104,96,91,91,90,87,87,88,78,70,72,66,69,64,60,61,57,59,51,48,50,46,41,40,35,34,34,33,32,28,27,28,28,26,29,27,23,23,24,27,28,27,24,21,20,20,20,18,20,15,13,11,11,7,7,8,7,9,12,12,11,11,11,13,12,10,13,15,12,8,8,8,7,7,6,4,4,4,3,3,3,3,3,3,3,3,3,4,4,3,3,3,2,1,1,1,1,1,1,1,1,1,1,1,1,0,0,0,0,0,0,0,0,0,0,0,0,0,0,0,0,
54,38,35,34,35,37,36,47,48,51,55,64,59,67,81,89,105,100,108,125,141,154,168,169,188,215,217,236,246,265,285,294,315,327,343,347,388,410,438,449,452,483,505,529,552,525,527,515,524,545,553,562,541,556,558,565,545,557,562,567,559,566,547,529,538,542,515,475,466,481,478,461,457,442,437,434,441,415,393,387,378,362,339,327,305,297,273,262,242,241,232,219,202,201,200,195,185,165,157,146,135,134,124,117,110,107,101,93,91,82,89,85,78,70,61,64,63,57,55,50,45,45,42,41,39,34,30,27,28,22,22,23,23,22,18,16,16,15,16,16,15,15,13,13,14,12,12,12,12,10,10,13,11,11,13,12,11,10,9,7,6,5,5,4,4,3,4,4,4,4,4,3,2,2,2,3,1,1,1,1,1,1,1,2,2,2,2,2,2,1,1,1,1,1,1,1,1,1,1,1,1,1,1,1,1,1,1,1,1,1,1,1,1,1,1,1,0,0,0,0,0,0,0,0,0,0,0,0,0,0,0,0,0,0,0,0,0,0,
67,50,40,46,43,48,49,55,60,64,66,65,63,71,75,84,89,99,103,118,123,140,139,153,168,196,217,247,284,296,317,328,363,370,413,436,449,452,488,480,506,507,522,551,555,548,531,558,566,578,582,578,585,561,561,545,540,524,519,509,491,501,509,490,469,450,428,426,410,402,396,371,361,360,343,333,312,297,292,298,292,282,275,263,255,234,224,216,212,215,213,208,206,196,193,179,178,172,180,167,164,155,142,143,141,141,151,138,133,132,125,126,120,113,108,107,106,98,97,100,99,92,85,85,84,82,77,80,74,75,70,62,63,61,56,51,50,49,49,51,37,37,35,33,33,38,34,33,32,30,26,26,23,19,21,18,17,19,18,18,15,13,10,11,13,13,13,14,11,11,11,11,13,12,10,11,11,10,8,9,8,8,6,7,9,8,6,6,7,6,5,4,4,3,3,3,3,4,4,3,3,3,3,2,2,1,0,0,0,0,0,0,0,0,0,0,0,0,0,0,0,0,0,0,0,0,0,0,0,0,0,0,0,0,0,0,0,0,0,0,0,0,0,0,0,0,
62,45,38,38,37,39,44,51,57,66,66,65,77,81,91,109,116,123,137,140,151,164,176,200,211,222,221,251,241,269,291,292,307,314,346,368,375,376,392,420,435,443,455,462,482,477,472,485,472,488,477,471,491,490,495,487,500,493,481,471,461,470,436,430,434,405,399,414,397,392,381,373,365,359,338,310,310,308,298,268,253,244,232,228,225,236,230,229,221,226,223,214,212,197,187,185,165,166,152,148,147,146,138,129,122,109,101,91,88,85,82,76,71,70,67,58,52,48,44,46,44,41,40,42,45,44,39,38,38,33,31,32,29,30,27,24,23,20,19,21,17,18,16,16,16,15,14,14,14,14,14,14,14,14,13,13,15,13,11,12,11,9,9,9,9,8,8,8,7,7,6,6,6,6,5,5,5,5,4,4,5,4,4,3,3,3,3,3,4,3,3,3,3,3,2,2,2,2,2,2,2,2,1,1,1,1,1,1,1,1,1,1,1,1,1,1,1,1,1,0,0,0,0,0,0,0,0,0,0,0,0,0,0,0,0,0,0,0,0,0,0,0,0,0,0,0,0,0,0,0,0,0,0,0,0,0,0,0,0,0,0,0,0,0,0,0,0,0,0,0,0,0,0,0,0,0,0,0,0,0,0,0,0,0,0,0,0,0,0,0,0,0,0,0,0,0,0,0,0,0,0,0,0,0,0,0,0,0,0,0,0,0,0,0,0,0,0,0,0,0,0,0,0,0,0,0,0,0,0,0,0,0,0,0,0,0,0,0,0,0,0,0,0,0,0,0,0,0,0,0,0,0,0,0,0,0,0,0,0,0,0,0,0,0,0,0,
52,37,38,36,37,50,40,53,50,54,60,62,65,76,83,93,90,98,104,130,139,154,163,181,207,227,245,251,261,278,293,312,341,356,385,421,453,475,504,513,540,553,576,579,569,576,568,562,569,579,583,590,583,601,582,555,540,523,532,527,510,500,464,442,447,443,418,403,404,402,388,369,359,348,342,336,323,305,299,300,296,270,263,246,237,232,232,226,224,220,212,196,187,174,167,160,150,140,132,128,131,128,123,120,113,108,96,89,84,74,72,64,60,55,51,48,48,47,44,45,39,34,33,27,28,28,24,22,21,23,20,21,21,22,21,21,21,20,18,17,17,16,16,17,14,13,12,12,13,13,13,12,12,11,11,10,10,9,9,7,7,6,5,5,5,5,5,5,5,3,3,2,2,2,2,2,2,2,2,2,2,2,2,2,2,2,2,1,1,1,1,1,1,1,1,1,1,1,1,0,0,0,0,0,0,0,0,0,0,0,0,0,0,0,0,0,0,0,0,0,0,0,0,0,0,0,0,0,0,
57,43,34,37,33,40,39,41,44,48,55,63,60,69,76,78,95,103,104,125,140,152,175,196,214,226,243,236,264,283,298,317,351,366,373,407,432,467,478,483,506,512,511,528,531,562,555,563,577,579,575,588,615,608,601,579,583,557,533,538,524,515,507,499,469,447,440,430,430,419,400,363,342,329,336,332,336,333,301,299,289,283,276,280,277,259,252,229,214,198,190,187,171,167,157,152,156,159,148,154,144,136,122,126,115,111,105,105,103,93,82,81,76,76,73,68,72,66,66,64,56,55,50,48,49,44,42,43,39,39,36,37,35,33,35,33,34,31,30,27,28,26,27,24,23,22,21,20,19,14,15,15,12,13,14,10,8,8,7,7,4,3,3,3,2,3,2,2,1,1,1,1,1,1,1,1,1,1,0,0,0,0,0,0,0,0,0,0,0,0,0,0,0,0,0,0,0,0,0,0,0,0,0,0,0,0,0,0,0,0,0,0,0,0,0,0,0,0,0,0,0,0,0,0,0,0,0,
65,55,49,43,41,52,52,57,62,64,74,77,83,93,97,91,98,119,123,131,148,151,175,172,193,194,217,247,264,274,300,304,310,327,346,370,383,388,404,428,452,467,501,502,505,535,554,572,573,572,568,580,595,583,590,567,559,555,549,527,505,500,497,453,451,453,450,421,419,417,391,375,376,374,369,342,335,323,304,296,298,304,296,267,261,249,240,219,207,205,187,170,161,144,145,139,126,119,116,113,105,104,100,98,88,83,81,80,74,74,76,75,71,65,58,58,56,53,50,50,50,49,43,44,44,44,43,43,42,39,38,37,33,31,29,26,26,21,19,12,12,11,13,12,12,11,11,10,9,10,8,9,8,6,6,5,6,6,6,6,7,7,7,7,7,7,6,6,7,6,5,4,4,4,3,3,2,2,2,2,1,1,1,1,1,1,1,1,2,2,2,1,1,1,1,1,1,1,1,1,1,1,1,1,1,1,1,1,1,1,1,1,1,1,1,1,1,1,1,1,2,2,2,1,1,1,1,1,1,1,0,0,0,0,0,0,0,0,0,0,0,0,0,0,0,0,0,0,0,0,0,0,0,0,0,0,0,0,0,0,
52,35,34,36,38,41,40,41,51,63,65,67,62,75,76,86,95,100,101,103,122,132,138,156,175,197,212,193,201,217,250,266,281,292,281,297,304,314,322,333,360,386,394,401,420,425,445,427,458,458,472,478,468,446,462,469,473,488,482,472,483,487,477,485,477,459,449,448,427,418,408,416,407,410,385,376,362,355,350,332,319,313,308,301,293,280,274,261,257,247,233,226,216,215,194,186,180,173,163,163,156,153,154,151,151,142,139,139,130,128,123,126,122,115,101,106,105,98,98,103,92,93,101,99,91,91,92,89,86,87,84,79,84,84,84,76,78,74,60,62,64,61,60,57,57,60,56,54,47,43,42,37,37,36,37,39,36,37,36,37,36,34,28,28,31,28,27,26,24,21,19,19,21,23,23,25,22,20,20,22,21,19,18,16,16,15,13,11,12,11,11,11,11,10,11,10,8,7,5,5,5,5,5,4,2,2,2,2,4,4,4,4,4,3,3,3,2,2,2,2,1,1,0,0,0,0,0,0,0,0,0,1,1,1,1,1,
63,50,45,45,44,47,59,66,72,80,92,98,109,118,119,124,153,161,164,182,210,213,242,246,268,282,293,292,317,312,326,368,398,412,425,427,457,488,489,520,547,577,578,581,611,639,641,656,670,672,679,677,685,667,680,697,672,676,697,686,700,681,634,645,624,615,595,579,583,567,543,535,534,503,490,459,450,441,413,396,374,355,343,332,319,315,289,300,293,277,265,246,235,223,219,201,194,182,173,165,146,147,155,145,123,113,111,106,110,101,105,98,91,96,84,78,76,72,70,64,65,68,61,59,58,47,44,42,38,39,37,32,31,29,28,23,22,20,19,19,20,17,15,14,14,14,15,15,13,14,15,12,11,10,11,11,11,11,9,7,7,8,9,8,8,7,5,4,5,5,5,4,5,4,4,4,2,2,2,2,2,2,2,2,2,2,2,2,2,2,1,1,1,1,1,1,1,1,1,1,1,1,0,0,0,0,0,0,0,0,0,0,0,0,0,0,0,0,0,0,0,0,0,0,0,0,0,0,0,0,0,0,0,0,0,0,0,0,0,0,0,0,0,0,0,0,0,0,0,0,0,0,0,0,0,0,0,0,0,0,0,0,0,0,0,0,0,0,0,0,0,0,0,0,0,0,0,0,
58,44,37,33,38,41,40,42,47,67,76,82,88,87,94,106,124,132,135,147,155,172,174,182,202,220,239,272,280,281,299,302,332,319,370,355,361,396,411,434,454,462,484,511,507,517,533,552,566,572,580,605,597,577,601,592,600,607,599,596,584,592,604,591,585,583,566,538,515,496,475,476,453,438,418,412,385,397,374,362,335,328,302,284,262,256,242,234,230,225,217,197,195,188,184,167,152,148,149,144,123,115,104,93,92,85,86,85,84,85,81,76,65,58,51,48,45,42,36,39,35,37,32,28,28,26,25,22,23,24,23,23,23,22,19,16,14,10,10,8,9,7,6,5,5,4,3,2,2,2,2,2,2,2,2,2,3,3,2,2,2,2,1,1,1,1,1,1,1,1,1,1,1,1,1,1,1,1,1,1,1,1,1,1,1,1,1,1,1,1,1,1,1,1,1,1,1,1,1,1,1,1,1,1,1,1,1,1,1,2,2,0,0,0,0,0,0,0,0,0,0,0,
60,37,38,38,39,45,52,56,70,66,67,81,84,103,105,108,124,137,149,144,167,193,190,202,212,218,246,265,280,298,317,331,338,357,368,381,401,399,413,441,442,461,466,481,496,504,484,485,495,493,512,494,506,500,483,496,514,516,502,509,514,526,517,494,504,475,497,501,505,507,493,488,474,473,456,448,436,416,396,401,395,379,368,353,330,313,303,284,277,277,271,267,250,229,213,207,201,193,193,189,180,163,154,148,138,124,121,115,112,106,104,101,89,91,89,85,81,77,68,65,62,61,63,60,59,58,58,58,54,50,44,42,42,40,36,36,32,34,31,29,26,26,24,22,19,18,15,15,11,12,16,12,11,9,10,11,11,10,8,8,9,9,9,10,10,9,7,7,5,3,3,3,2,2,3,2,2,2,2,2,2,2,2,2,2,2,2,1,1,1,1,1,1,1,1,1,0,0,0,0,0,0,0,0,0,0,0,0,0,0,0,0,0,0,0,0,0,0,0,0,0,0,0,0,0,0,0,0,0,0,0,0,0,0,0,0,0,0,0,0,0,0,0,0,0,0,0,0,0,0,0,0,0,0,0,0,0,0,0,0,0,0,0,0,0,0,0,0,0,0,0,0,0,0,0,0,0,0,0,0,0,0,0,0,0,0,0,0,0,0,0,0,0,0,0,0,0,0,0,
53,39,31,29,27,28,31,36,36,35,36,40,42,45,52,67,69,69,73,81,81,103,106,119,133,142,159,172,185,181,214,220,241,262,272,279,289,291,310,353,360,362,375,369,362,371,386,373,377,393,400,414,423,407,420,425,419,432,414,409,407,391,387,393,386,397,366,358,353,336,330,330,329,331,328,320,311,309,308,287,295,272,261,243,218,216,203,197,189,190,193,190,183,173,170,163,167,161,158,143,140,132,121,119,109,99,94,91,85,78,78,81,69,73,70,68,66,63,57,57,51,53,53,52,48,45,47,43,49,44,45,38,31,28,30,26,26,25,24,22,18,18,17,14,16,19,20,22,16,17,18,17,12,12,10,7,7,6,7,6,6,4,5,4,5,5,5,4,6,5,5,4,4,4,4,3,2,2,2,1,1,1,2,1,1,2,2,2,2,2,2,0,0,0,0,1,1,1,1,1,1,1,1,1,0,1,0,0,0,0,0,0,0,0,0,0,0,0,0,0,0,0,0,0,0,0,0,0,0,0,0,0,0,0,0,0,0,0,0,0,0,0,0,0,0,0,0,0,0,0,0,0,0,0,0,0,0,0,0,0,0,0,0,0,0,0,0,0,0,0,0,0,0,0,0,0,0,0,0,0,0,0,0,0,0,0,0,0,0,0,0,0,0,0,0,0,0,0,0,0,0,0,0,0,0,0,0,0,0,0,0,0,0,0,0,0,0,0,0,0,0,0,0,0,0,0,0,0,0,0,0,0,0,0,0,0,0,0,0,0,0,0,0,0,0,0,0,
56,38,38,34,37,43,44,48,52,57,64,62,70,74,84,92,106,125,130,133,158,179,204,203,214,234,247,247,267,286,288,313,336,357,364,368,391,418,434,456,471,497,514,523,549,549,526,506,541,534,565,555,549,537,514,523,539,538,521,521,523,515,507,500,494,477,486,480,441,446,416,405,402,391,374,378,367,359,341,319,311,299,281,273,257,255,237,234,225,214,207,209,196,183,177,179,165,162,153,144,149,147,135,135,125,117,108,97,95,95,94,87,78,72,69,65,66,59,54,54,49,44,41,35,28,27,25,24,24,23,22,22,25,24,24,20,19,18,20,19,19,18,16,16,12,14,14,12,13,10,10,9,8,7,6,6,7,5,3,3,5,4,3,2,2,3,3,3,3,1,1,1,1,1,1,1,1,1,1,1,1,1,1,1,1,1,1,1,1,1,0,0,0,0,0,0,0,0,0,0,0,0,0,0,0,0,0,0,0,0,0,0,0,0,0,0,0,0,0,0,0,0,0,0,0,0,0,0,0,0,0,0,0,0,0,0,0,0,0,0,0,0,0,0,0,0,0,0,0,0,0,0,0,0,0,0,0,0,0,0,0,0,0,0,0,0,0,0,0,0,0,0,
54,40,36,41,36,37,40,51,46,47,52,60,68,70,79,70,75,81,99,115,119,131,140,158,167,174,188,210,224,239,251,276,277,285,302,319,324,340,355,359,372,398,408,427,430,444,449,452,468,486,497,480,493,507,490,484,471,470,447,453,439,464,438,446,440,430,441,430,423,419,416,415,419,404,402,404,386,368,370,368,356,347,333,311,316,309,297,298,277,264,262,247,232,223,214,208,206,199,190,166,174,164,159,158,150,143,144,141,151,136,135,132,124,116,110,102,93,92,86,84,85,77,76,69,60,56,56,55,50,50,43,39,41,35,30,29,30,33,29,30,25,24,23,21,19,19,20,16,15,14,10,9,7,6,6,6,6,5,6,5,4,3,3,3,3,4,4,4,5,4,5,5,3,3,3,3,3,3,3,3,2,2,2,2,2,2,2,2,2,2,2,1,1,1,1,1,1,1,1,1,1,1,1,1,1,1,1,1,1,0,0,0,0,0,0,0,0,0,0,0,0,0,0,0,0,0,0,0,0,0,0,0,0,0,0,0,0,0,0,0,0,0,0,0,0,0,0,0,0,0,0,0,0,0,0,0,0,0,0,0,0,0,0,0,0,0,0,0,0,0,0,0,0,0,0,0,0,0,0,0,0,0,0,0,0,0,0,0,0,0,0,0,0,0,0,0,0,0,0,0,0,0,0,0,0,0,0,0,0,0,0,0,0,0,0,0,0,0,0,0,0,0,0,
64,54,46,41,39,42,42,44,48,42,47,49,51,62,57,66,63,72,91,98,107,112,113,115,125,139,155,178,189,216,230,235,239,263,283,294,303,307,317,314,346,375,371,398,408,432,451,450,475,491,490,473,482,492,498,490,477,480,486,512,508,487,469,465,477,476,475,454,438,435,434,420,404,393,375,371,358,347,332,312,299,293,284,273,273,265,252,231,219,211,208,195,191,188,176,179,173,165,150,146,143,147,139,128,113,104,98,91,79,76,73,67,69,69,66,60,51,48,50,51,46,44,38,41,34,35,36,31,29,25,26,24,22,21,20,19,14,15,12,13,12,11,9,10,9,9,9,9,8,8,8,8,8,6,7,8,7,6,5,5,3,4,4,4,4,5,4,4,3,4,4,3,3,2,3,2,2,1,1,1,1,1,1,1,1,1,1,1,1,1,1,1,1,1,1,1,1,1,1,1,1,1,1,1,1,1,1,1,1,1,1,1,1,1,1,1,1,1,1,1,1,1,1,1,1,1,1,1,1,1,1,1,1,1,1,1,1,1,1,1,1,1,1,1,1,1,1,1,1,1,1,1,1,1,1,
62,51,37,41,46,49,54,54,64,76,80,94,106,109,116,129,138,157,164,185,173,193,215,230,254,270,287,289,294,312,343,352,383,414,448,464,489,500,520,531,554,553,573,575,596,609,595,608,607,628,606,619,600,589,594,584,606,595,590,571,550,552,520,530,484,479,448,437,443,430,408,399,392,365,351,336,321,280,269,259,238,232,212,199,193,190,188,179,169,156,153,143,141,126,121,120,118,113,97,92,90,88,83,74,73,73,65,61,58,48,48,47,48,43,38,39,33,28,25,25,21,20,21,20,20,18,17,20,20,22,19,14,13,14,14,16,12,13,14,12,10,12,11,10,9,8,7,7,6,7,6,5,5,5,6,5,4,6,4,3,3,2,2,2,2,2,2,2,1,2,2,1,1,1,1,1,1,1,1,1,1,0,0,0,0,0,0,0,0,0,0,0,1,1,0,0,0,0,0,0,0,0,0,0,0,0,0,0,0,0,0,0,0,0,0,0,0,0,0,0,0,0,0,0,0,0,0,0,0,0,0,0,0,0,0,0,0,0,0,0,0,0,0,0,0,0,0,0,0,0,0,0,0,0,0,0,0,0,0,0,0,0,0,0,0,0,0,0,0,0,0,0,0,0,0,0,0,0,0,0,0,0,0,0,0,0,0,0,0,0,0,0,0,0,0,0,0,0,0,0,0,0,0,0,0,0,0,0,0,0,0,0,0,0,0,0,0,0,0,0,0,0,0,0,0,0,0,0,0,0,0,0,0,0,0,0,0,0,0,0,0,0,0,0,0,0,0,0,0,0,0,0,0,0,0,0,0,0,0,0,0,0,0,0,0,0,0,0,0,0,0,0,0,0,0,0,0,0,0,0,0,0,0,0,0,0,0,0,0,0,0,0,0,0,0,0,0,0,0,0,0,0,0,0,0,0,0,0,0,0,0,0,0,0,0,0,0,0,0,0,0,0,0,0,0,0,0,0,0,0,0,0,0,0,0,0,0,0,0,0,0,0,0,0,0,0,0,0,0,0,0,0,0,0,0,0,0,0,0,0,0,0,0,0,0,0,0,0,0,0,0,0,0,0,0,0,0,0,0,0,0,0,0,0,0,0,0,0,0,0,0,0,0,0,0,0,0,0,0,0,0,0,0,0,0,0,0,0,0,0,0,0,0,
62,44,46,50,40,44,58,49,56,61,67,71,77,71,79,100,113,129,128,144,156,166,180,209,218,229,226,235,255,260,270,289,304,314,329,340,350,379,396,425,434,458,454,463,458,497,497,486,513,510,518,511,530,532,520,516,522,513,504,501,498,518,486,474,463,477,472,463,444,436,424,429,438,430,428,403,372,363,344,347,329,314,292,291,288,266,258,242,220,218,209,207,201,175,178,173,162,161,160,159,162,147,133,129,133,135,132,128,133,126,109,107,97,91,92,86,86,82,81,77,74,70,62,59,63,58,59,58,62,58,55,50,53,51,47,48,45,45,46,45,45,44,50,47,46,42,39,38,34,33,32,28,25,22,21,22,18,20,18,16,15,15,13,14,13,16,13,11,8,6,6,6,5,5,6,5,4,4,4,4,4,5,3,3,3,2,2,3,3,3,3,3,3,3,3,3,3,3,3,3,2,2,2,2,2,1,1,1,1,1,1,1,1,1,1,1,1,1,0,0,0,0,0,0,0,0,0,0,0,0,0,0,0,0,0,0,0,0,0,0,0,0,0,0,0,0,0,0,0,0,0,0,0,0,0,0,0,0,0,0,0,0,0,0,0,0,0,0,0,0,0,0,0,0,0,
53,44,39,39,40,52,51,54,51,57,73,81,76,82,83,103,100,109,124,140,150,161,163,169,179,188,213,218,220,239,254,268,280,288,301,317,330,346,346,392,404,402,392,408,408,408,422,431,414,431,447,472,477,482,476,493,495,495,482,466,457,441,428,412,413,417,402,401,394,394,407,404,373,373,364,344,324,316,320,319,315,309,299,286,291,281,282,263,258,258,250,220,206,193,191,195,192,182,183,178,174,164,160,157,142,137,120,116,116,122,121,120,112,102,97,88,81,81,76,64,60,54,55,57,55,53,55,51,48,41,35,37,36,36,36,35,36,32,29,30,32,30,29,30,31,33,35,32,34,32,28,28,32,34,30,36,38,42,46,43,46,49,43,43,48,44,44,46,47,48,47,54,55,49,50,45,41,47,47,40,36,34,36,37,30,26,29,26,31,30,28,24,21,21,19,18,15,14,15,14,13,10,8,9,9,8,7,6,6,6,6,6,5,5,4,5,4,4,4,4,3,4,4,4,4,4,2,3,3,2,3,2,2,1,1,1,1,1,1,1,1,1,1,1,1,1,1,1,1,1,1,1,1,1,1,1,1,1,1,1,1,1,1,1,0,0,0,0,0,0,0,0,0,0,0,0,0,0,0,0,0,0,0,0,0,0,0,0,0,0,0,0,0,0,0,0,0,0,0,0,0,0,0,0,0,0,0,0,0,0,0,0,0,0,0,0,0,0,0,0,0,0,0,0,0,0,0,0,0,0,0,0,0,0,0,0,0,0,0,0,0,0,0,0,0,0,0,0,0,0,0,0,0,0,0,0,0,0,0,0,0,0,0,0,0,0,0,0,0,0,0,0,0,0,0,0,
58,46,37,37,36,43,57,61,69,75,90,94,98,104,111,118,133,145,156,171,197,213,212,231,247,251,278,301,328,357,375,389,397,415,438,464,460,456,458,468,479,479,497,501,505,497,512,523,527,554,564,545,539,527,539,550,555,555,537,543,567,546,512,507,488,490,465,458,452,458,444,427,415,407,398,399,395,390,368,355,354,357,343,323,295,277,284,276,274,262,245,229,226,210,199,187,168,154,152,145,143,126,133,127,119,115,107,108,103,97,89,88,85,82,77,77,68,60,52,47,48,42,36,34,35,30,28,27,28,27,25,21,21,17,15,15,17,14,12,12,11,10,9,7,6,6,6,5,5,4,4,4,3,3,3,3,3,3,2,2,3,4,4,4,4,3,3,3,2,2,2,2,2,2,2,2,2,1,1,1,1,1,1,1,1,1,1,1,1,1,1,1,1,1,1,1,1,1,1,1,1,1,1,1,1,1,1,2,2,2,2,2,3,3,3,4,4,5,4,1,1,1,1,1,1,1,0,0,0,0,0,0,0,0,0,0,0,0,0,0,0,0,0,0,0,0,0,0,0,0,0,0,0,0,0,0,0,0,0,0,0,0,0,0,0,0,0,0,0,0,0,0,0,0,0,0,0,0,0,0,0,0,0,0,
60,40,41,42,42,44,52,57,62,69,66,77,88,96,100,108,130,130,139,139,152,180,198,215,241,249,256,251,274,293,305,328,338,366,381,411,420,436,451,461,495,501,515,529,544,547,547,556,570,567,577,586,589,579,581,577,588,593,583,590,607,581,562,543,528,528,513,507,491,470,465,447,405,404,377,371,355,358,340,334,317,307,297,291,264,266,253,242,230,213,213,211,204,203,185,186,176,173,163,159,153,156,143,139,135,123,130,116,109,105,100,94,85,86,81,81,76,76,72,68,65,64,57,52,54,54,55,54,52,47,42,39,43,43,35,33,32,28,28,26,27,27,26,26,23,23,22,20,21,21,20,18,18,16,16,15,13,14,12,11,12,12,12,13,12,11,9,9,9,10,10,9,8,10,9,9,8,8,8,8,8,8,8,8,7,6,6,5,5,4,5,5,5,4,4,3,3,3,3,3,4,2,2,2,2,2,2,2,2,2,2,2,1,1,0,0,0,0,0,0,0,0,0,0,0,0,0,0,0,0,0,0,0,0,0,0,0,0,0,0,0,0,0,0,0,0,0,0,0,0,0,0,0,0,
60,46,44,46,48,55,55,56,65,70,72,73,81,88,100,113,122,128,144,147,168,186,205,217,229,242,247,248,267,300,331,347,370,386,400,436,450,462,483,496,517,523,537,560,572,559,559,564,569,554,559,578,608,576,560,571,558,559,579,588,564,554,549,543,505,480,478,456,439,428,413,398,384,376,379,384,354,341,330,318,314,310,324,316,306,304,289,277,271,270,253,226,211,214,200,190,186,176,162,146,138,135,129,129,124,119,117,110,106,103,93,76,76,73,67,65,65,61,61,62,59,57,52,49,47,41,42,39,39,41,40,38,37,38,35,32,31,28,29,30,28,26,30,30,28,26,26,24,22,22,21,22,24,21,18,17,18,17,18,17,18,15,16,14,15,15,15,12,10,10,11,11,9,9,5,5,5,5,4,4,5,4,4,3,3,4,4,5,4,3,2,2,2,2,2,1,1,1,1,1,1,1,1,1,1,1,1,1,1,0,0,0,0,0,0,0,0,0,0,0,0,0,0,0,0,0,0,0,0,0,0,0,0,0,0,0,0,0,0,0,0,
56,38,33,34,32,40,44,43,55,54,62,72,77,88,99,101,107,109,119,122,134,144,152,171,196,211,235,254,255,251,255,247,271,287,295,337,326,347,366,375,393,415,405,430,419,417,440,427,446,454,443,453,445,443,450,439,464,461,463,449,450,452,429,435,410,406,408,391,387,377,379,368,361,337,332,336,325,315,321,317,306,295,288,287,278,280,272,259,267,264,260,233,225,220,214,215,207,201,203,194,190,180,180,176,168,166,149,143,129,122,120,115,117,106,104,100,99,87,91,94,89,83,75,80,70,67,62,54,54,52,46,46,40,35,34,33,31,32,31,29,28,29,32,29,28,25,20,21,20,19,19,18,21,20,19,18,18,19,20,19,18,19,20,17,15,14,14,14,13,12,13,11,11,9,10,10,10,8,7,7,7,5,5,5,5,5,5,5,5,4,4,4,4,3,3,3,3,3,3,3,3,3,3,3,3,3,3,3,3,3,3,3,3,3,3,3,3,3,3,3,3,3,3,3,3,3,3,3,3,3,3,3,3,3,3,3,3,3,3,3,3,3,3,3,3,3,3,3,3,3,2,2,2,2,2,2,2,2,2,2,2,2,2,2,2,2,2,2,2,2,2,2,2,2,2,2,2,2,2,2,1,1,1,1,1,1,1,1,1,1,1,1,1,1,1,1,1,1,1,1,1,1,1,1,1,1,1,1,1,1,1,1,1,1,1,
63,47,45,45,45,50,58,61,62,64,67,83,87,101,103,121,123,135,143,168,182,197,225,231,256,263,271,281,289,309,330,347,348,364,370,375,404,415,443,445,481,511,517,496,508,514,522,537,548,570,541,544,542,535,522,520,510,503,506,506,501,507,508,486,484,472,457,444,430,407,396,379,386,380,345,337,330,313,317,306,296,278,249,239,221,203,195,182,175,162,154,149,141,133,126,129,133,130,120,111,103,102,100,84,84,79,75,69,67,65,63,62,52,54,51,46,41,33,30,29,32,25,24,24,22,20,20,18,17,18,17,16,16,14,14,12,10,10,10,8,8,6,6,6,6,6,6,5,5,6,4,3,3,3,4,3,3,3,3,3,4,4,3,3,2,2,2,2,2,2,2,2,2,2,1,1,1,1,1,1,1,1,1,1,1,1,1,1,1,1,1,1,1,1,1,1,1,1,1,1,1,1,1,1,1,1,1,1,1,1,1,1,1,1,1,1,1,1,1,1,1,1,1,1,1,1,1,1,1,1,1,1,1,1,1,1,1,1,1,1,1,1,1,1,1,1,1,1,1,1,1,1,1,0,0,0,0,0,0,0,0,0,0,0,0,0,0,0,0,0,0,0,0,0,0,0,0,0,0,0,0,0,0,0,0,0,0,0,0,
59,35,30,26,23,26,36,38,47,54,58,71,73,79,79,81,97,98,110,130,145,144,163,191,214,217,241,253,256,273,280,295,301,322,328,334,347,368,397,420,448,440,452,489,495,500,484,478,503,496,491,495,513,508,502,500,508,491,484,466,432,425,425,406,400,397,395,398,381,380,384,363,345,332,329,333,314,301,289,284,281,265,257,245,238,230,225,209,213,192,184,193,191,193,185,178,176,165,167,165,150,150,140,124,122,119,121,111,105,107,106,95,84,87,85,85,89,87,86,82,75,74,68,64,60,58,56,61,58,56,51,49,48,49,51,41,37,39,37,35,33,30,23,26,26,27,26,25,23,21,20,18,19,18,18,16,15,15,13,13,15,14,11,12,10,10,8,4,4,6,4,4,4,4,4,4,4,4,3,3,3,2,3,3,2,1,1,1,1,0,1,1,1,1,1,1,1,1,1,1,1,1,1,1,0,0,0,0,0,0,0,0,0,0,0,0,0,0,0,0,0,0,0,0,0,0,0,0,0,0,0,0,0,0,0,0,0,0,0,0,0,0,0,0,0,0,0,0,0,0,0,0,0,0,0,0,0,0,0,0,0,0,0,0,0,0,0,0,0,0,0,0,0,0,0,0,0,0,0,0,0,0,0,0,0,0,0,0,0,0,0,0,0,0,0,0,0,0,0,0,0,0,0,0,0,0,0,0,0,0,0,0,0,0,0,0,0,0,0,0,0,0,0,0,0,0,0,0,0,0,0,0,0,0,0,0,0,0,0,0,0,0,0,0,0,0,0,0,0,0,0,0,0,0,0,0,0,
50,38,38,44,45,41,40,45,50,44,58,59,64,74,83,96,98,103,117,133,143,151,161,171,184,212,226,224,258,279,288,331,326,336,339,347,384,399,410,445,451,441,452,461,483,484,518,516,507,505,508,521,531,539,529,528,510,511,493,488,499,472,459,454,458,441,443,435,433,418,403,376,372,368,352,319,316,299,305,281,281,275,267,264,261,246,241,248,226,208,199,180,184,180,171,167,169,162,154,153,154,159,155,148,144,134,126,118,114,113,113,109,101,96,92,83,81,81,83,71,74,68,65,60,56,54,45,42,46,42,41,39,36,33,35,31,34,36,35,31,29,29,29,26,23,21,23,24,19,19,17,15,12,10,9,8,9,8,8,7,6,5,5,6,6,6,7,6,5,6,6,6,5,4,4,3,3,3,3,3,3,3,2,2,2,2,2,2,2,2,2,2,2,1,1,1,1,1,1,1,1,1,0,0,0,0,0,0,0,0,0,0,0,0,0,0,0,0,0,0,0,0,0,0,0,0,0,0,0,0,0,0,0,0,0,0,0,0,0,0,0,0,0,0,0,0,0,0,0,0,0,0,0,0,0,0,0,0,0,0,0,0,0,0,0,0,0,0,0,0,0,0,
53,35,29,30,30,33,38,47,62,61,62,71,80,85,96,110,116,126,140,150,148,172,186,198,219,231,255,265,284,284,294,310,331,357,360,384,396,422,441,428,428,440,462,458,471,483,467,487,519,526,536,509,511,490,488,479,481,477,483,487,475,475,446,445,439,458,456,441,438,430,429,413,403,383,383,394,365,373,383,383,369,361,353,336,324,318,295,283,294,286,270,268,250,251,252,227,229,215,205,197,183,181,173,168,157,157,152,145,135,134,135,127,117,121,116,109,106,100,98,94,86,78,69,66,61,58,58,49,50,48,44,40,33,30,29,27,30,26,24,23,21,21,18,19,17,14,14,15,14,14,14,15,15,15,13,10,10,9,8,8,6,10,8,7,5,5,5,5,5,5,5,5,4,4,3,3,3,3,5,6,5,4,3,2,2,2,2,2,2,2,2,4,3,3,3,3,3,3,3,2,1,1,1,1,1,1,1,1,1,1,1,1,1,1,1,1,1,1,1,1,1,1,1,1,1,1,
61,44,34,39,34,34,38,48,50,49,57,61,61,65,79,93,100,103,110,117,122,151,158,170,175,195,210,216,226,253,270,281,306,331,325,352,363,365,388,391,415,409,429,435,427,422,419,437,431,434,442,456,453,458,429,439,427,418,432,415,410,418,406,402,397,404,389,383,356,342,334,319,311,302,304,291,295,294,280,260,260,255,242,234,223,222,224,206,198,188,179,162,155,160,144,144,135,133,123,126,120,113,113,112,114,113,117,108,104,104,91,93,91,90,93,94,93,93,83,80,80,78,73,76,72,67,67,64,60,58,56,58,58,60,56,51,47,45,47,48,54,55,56,54,48,48,41,43,42,40,36,31,33,28,26,23,26,24,22,21,20,21,15,15,13,13,14,12,12,11,10,11,10,8,9,9,10,11,9,7,9,8,8,9,8,7,7,7,7,6,5,4,3,1,1,1,1,1,1,1,1,0,0,0,0,0,0,0,0,0,0,0,0,0,0,0,0,0,0,0,0,0,0,0,0,0,0,0,0,0,0,0,0,0,0,0,0,0,0,0,0,0,0,0,0,0,0,0,0,0,0,0,0,0,0,0,0,0,0,0,0,0,0,0,0,0,0,0,0,0,0,0,0,0,0,0,0,0,0,0,0,0,0,0,0,0,0,0,0,0,0,0,0,0,0,0,0,0,0,0,0,0,0,0,0,0,0,0,0,0,0,0,0,0,
53,26,25,19,25,32,30,28,28,30,33,37,45,46,55,60,71,73,82,93,95,102,103,111,125,125,153,153,158,161,168,190,194,205,228,245,271,264,270,285,273,287,289,316,312,312,336,356,369,371,383,382,361,360,371,381,386,385,380,398,407,400,386,391,390,388,391,376,368,364,356,359,349,356,348,334,336,324,327,322,321,310,308,281,266,261,275,255,250,243,239,236,226,221,225,204,194,187,188,183,175,161,158,159,147,149,134,129,117,116,110,110,106,101,100,90,91,85,82,79,78,71,69,66,58,49,48,49,47,46,42,38,38,34,33,30,32,32,30,27,24,27,25,29,28,29,26,25,22,18,17,15,13,14,14,14,13,13,13,14,14,13,12,13,12,10,11,9,8,9,10,10,9,10,10,10,10,11,9,6,6,6,7,7,8,8,8,8,8,8,8,8,7,7,7,7,7,5,5,5,5,5,5,5,5,5,5,6,5,5,5,5,5,4,3,3,2,2,2,3,3,3,3,2,2,1,1,1,1,1,1,1,1,1,1,1,1,1,0,0,0,0,0,0,0,0,0,
49,36,28,33,37,37,33,41,41,44,48,45,61,64,72,76,80,91,96,104,111,123,131,138,149,180,185,203,223,244,261,259,258,271,293,318,335,346,355,365,381,392,424,440,438,459,460,478,486,475,469,470,476,468,468,459,464,442,450,464,467,457,459,452,450,454,446,425,427,384,366,367,363,355,333,325,320,311,294,285,265,267,262,248,236,233,229,225,209,200,185,177,175,171,163,156,149,141,135,126,116,121,120,116,115,95,90,83,83,86,81,76,76,78,66,69,65,65,55,47,50,46,42,46,40,38,31,31,28,24,23,24,22,23,22,21,23,21,20,18,18,17,15,17,17,17,17,13,15,15,12,12,12,11,12,11,11,12,10,9,9,10,8,8,6,7,8,9,8,8,7,7,5,5,5,5,6,6,6,5,3,3,3,4,4,4,4,3,3,3,3,3,3,3,3,3,3,3,3,3,3,3,3,3,3,3,2,2,2,2,2,2,2,1,0,0,0,0,0,0,0,0,0,0,0,0,0,0,0,0,0,0,0,0,0,0,0,0,0,0,0,0,0,0,0,0,0,0,0,0,0,0,0,0,0,0,0,0,0,0,0,0,0,0,0,0,0,0,0,0,0,0,0,0,0,0,0,0,0,0,0,0,0,0,0,0,0,0,0,0,0,0,0,0,0,0,0,0,0,0,0,0,0,0,0,0,0,0,0,0,0,0,0,0,0,0,0,0,0,0,0,
59,40,45,38,41,53,54,58,68,71,85,89,87,90,102,109,128,136,138,160,190,210,227,235,241,252,280,302,301,323,336,361,386,407,421,454,458,469,475,507,536,544,553,558,562,554,557,597,585,582,590,587,578,588,579,596,569,564,545,539,538,520,526,528,496,496,472,456,476,444,435,456,442,416,407,398,377,360,354,347,341,316,316,305,299,272,270,257,261,243,245,240,224,211,197,192,179,172,173,167,168,161,158,148,145,143,143,143,138,132,120,118,113,109,106,103,101,94,88,88,80,83,83,77,73,75,63,60,59,55,52,50,51,49,46,42,36,33,28,23,22,21,21,21,20,22,18,20,18,18,19,18,18,18,13,12,12,12,13,12,11,9,8,8,8,8,6,6,5,6,5,5,5,4,4,4,4,4,4,4,3,3,2,2,2,2,2,1,1,2,2,3,2,1,1,1,1,1,1,1,1,1,1,1,1,1,0,0,0,0,0,0,0,0,0,0,0,0,0,
57,42,34,41,48,46,53,54,60,68,76,78,91,112,112,111,130,137,151,161,168,179,185,213,230,246,259,277,273,299,310,322,347,355,361,372,384,408,427,441,464,484,491,506,504,510,542,535,565,550,540,554,568,566,546,543,548,552,570,570,571,558,546,512,500,504,490,474,471,460,453,449,449,446,440,436,428,421,388,391,384,361,348,311,296,294,268,254,257,260,249,226,221,216,198,190,188,175,156,147,139,131,126,126,127,125,120,117,111,96,85,82,82,77,69,69,66,67,62,57,50,44,39,39,37,33,36,34,36,36,35,30,25,24,23,21,22,20,19,20,20,19,17,17,17,15,14,11,10,10,9,8,7,6,6,5,4,4,4,4,4,4,4,5,4,4,4,5,5,4,4,4,4,4,4,3,3,3,3,3,3,3,3,3,3,3,3,2,2,2,2,2,2,2,2,2,2,2,2,2,2,2,2,2,2,2,2,2,2,2,1,0,0,0,0,0,0,0,0,0,0,0,0,0,0,0,0,0,0,0,0,0,0,0,0,0,0,0,0,0,0,0,0,0,0,0,0,0,0,0,0,0,0,0,0,0,0,0,0,0,0,0,0,
66,50,41,42,48,60,64,62,66,71,74,86,96,95,102,114,117,134,148,159,164,185,188,209,224,237,259,283,301,323,328,363,363,361,379,405,417,437,452,475,504,510,536,569,578,585,610,586,605,613,612,617,634,620,619,605,628,631,613,600,586,593,576,592,582,568,541,531,535,507,488,473,452,452,424,408,386,371,361,356,359,350,336,321,307,297,283,269,257,242,235,233,220,215,209,213,208,192,182,167,168,165,156,149,142,134,115,113,106,101,94,93,91,90,82,84,78,80,75,64,56,55,54,45,43,41,43,45,37,38,33,32,32,34,26,28,26,24,22,22,20,17,18,17,14,15,13,12,14,9,8,8,7,9,12,12,12,12,11,11,9,8,7,7,5,6,5,6,5,6,3,3,1,1,1,1,1,1,1,1,1,1,1,1,1,1,1,1,1,1,1,1,1,1,1,1,1,1,1,1,1,1,1,1,1,1,1,1,1,1,1,1,1,1,1,1,0,0,0,0,0,0,0,0,0,0,0,0,0,0,0,0,0,0,0,0,0,0,0,0,0,0,0,0,0,0,0,0,0,0,0,0,0,0,0,0,0,0,0,0,0,0,0,0,0,0,0,0,0,0,0,0,0,0,0,0,0,0,0,0,0,0,0,0,0,0,0,0,0,0,0,0,
57,39,39,39,38,41,47,48,53,63,73,81,78,77,94,87,97,109,99,112,127,140,139,151,162,159,162,170,176,198,214,221,228,228,252,284,292,301,314,336,339,360,356,371,400,412,410,421,415,435,449,445,467,468,468,491,483,469,450,448,440,433,434,424,421,429,425,424,402,417,412,394,402,392,384,375,347,343,338,322,312,308,294,289,276,260,251,229,223,221,212,196,194,178,158,161,152,143,147,138,126,125,122,115,116,116,111,106,105,96,95,89,78,73,68,66,68,61,63,58,50,47,47,44,40,36,31,29,31,29,33,29,29,25,24,25,22,22,21,18,19,20,19,14,13,13,14,11,9,8,10,10,10,10,8,9,8,8,7,6,6,5,5,5,5,4,4,3,3,3,3,3,2,2,1,1,1,1,1,1,1,1,1,1,1,1,1,1,1,1,1,1,1,1,1,0,0,0,0,0,0,0,0,0,0,0,0,0,0,0,0,0,0,0,0,0,0,0,0,0,0,0,0,0,0,0,0,0,0,0,0,0,0,0,0,0,0,0,0,0,0,0,0,0,0,0,0,0,0,0,0,0,0,0,0,0,0,0,0,0,0,0,0,0,0,0,0,0,0,0,0,0,0,0,0,0,0,0,0,0,0,0,0,0,0,0,0,0,0,0,0,0,0,
55,36,36,35,44,40,49,58,64,71,82,83,85,95,109,102,120,130,137,147,152,165,187,210,225,233,248,264,292,294,312,336,340,368,381,380,398,431,422,434,444,465,473,455,473,491,497,500,498,501,507,507,495,497,493,503,496,484,480,477,473,464,440,443,443,434,427,431,402,389,363,333,312,302,294,287,273,262,256,244,228,208,185,185,173,158,151,151,142,138,130,118,116,111,103,99,94,95,93,89,86,82,68,63,66,65,57,56,58,55,57,55,53,51,45,45,42,40,38,33,31,29,28,29,24,22,25,22,13,14,14,14,14,14,13,13,13,13,12,12,12,11,11,12,14,10,8,6,5,4,4,4,4,3,3,3,2,2,2,2,2,2,3,4,3,3,2,2,2,2,2,2,2,2,2,2,3,2,2,2,2,2,1,1,1,1,1,1,1,1,1,1,1,1,1,1,1,1,1,1,0,0,0,0,0,0,0,0,0,0,0,0,0,0,0,0,0,0,0,0,0,0,0,0,0,0,0,0,0,0,0,0,0,0,0,0,0,0,0,0,0,0,0,0,0,
61,46,43,46,48,55,50,54,54,63,63,74,81,86,102,117,136,132,141,156,177,182,194,216,226,245,273,304,301,312,315,336,360,395,407,417,417,439,469,458,481,502,513,528,572,569,584,607,629,618,625,640,632,624,631,636,620,637,634,629,606,601,607,585,576,574,558,541,527,499,494,480,455,454,440,435,431,428,412,408,384,370,356,343,328,308,302,276,271,263,253,239,232,219,198,182,175,174,162,153,162,159,142,136,138,133,124,114,105,96,90,83,74,75,76,73,70,67,69,63,57,53,49,49,44,44,44,44,43,38,36,37,34,32,29,25,24,26,26,25,23,23,23,21,21,22,18,18,19,17,16,13,11,8,8,8,7,6,6,6,8,8,8,6,6,5,5,5,5,4,5,3,2,1,1,1,2,2,2,1,1,1,1,1,1,1,1,1,1,1,1,1,1,1,1,1,1,1,1,1,1,1,1,1,1,1,1,1,1,1,1,1,1,1,1,1,1,1,1,1,1,1,0,0,0,0,0,0,0,0,0,0,0,0,0,0,0,0,0,0,0,0,0,0,0,0,0,0,0,0,0,0,0,0,0,0,0,0,0,0,0,0,0,0,0,0,0,
62,37,41,37,38,38,34,39,40,51,52,54,62,58,61,68,83,85,95,103,113,125,138,145,167,170,172,177,185,205,226,253,276,278,301,309,358,368,383,402,432,467,494,498,522,556,564,560,555,574,592,598,615,625,600,604,604,595,588,595,586,572,579,565,571,555,546,528,513,525,512,504,494,480,464,461,450,443,420,425,416,397,380,375,361,340,349,343,344,328,312,315,303,288,268,254,243,233,206,197,195,199,185,173,168,165,156,150,137,133,127,118,122,123,121,108,102,99,85,82,76,71,68,61,57,57,58,59,54,51,49,48,46,44,40,35,31,28,28,23,24,23,24,23,21,20,17,16,17,17,15,16,15,14,12,12,11,12,11,11,11,11,11,10,10,10,9,8,10,12,9,7,6,5,5,3,3,3,3,3,3,2,2,2,2,2,2,2,2,1,1,0,0,0,0,0,0,0,0,0,0,0,0,0,0,0,0,0,0,0,0,0,0,0,0,0,0,0,0,0,1,1,1,1,1,1,1,1,1,1,1,2,1,1,1,1,0,1,1,1,1,1,1,1,1,1,1,1,1,1,1,1,1,1,1,1,0,0,0,0,0,0,0,0,0,0,0,0,0,0,0,0,0,0,0,0,0,0,0,0,0,0,0,0,0,0,
60,37,34,29,30,29,35,40,38,48,53,60,71,81,86,91,101,110,119,124,145,162,180,202,207,221,244,254,266,278,310,330,354,358,370,413,403,418,453,483,508,508,511,506,528,529,506,528,529,506,516,510,534,544,531,506,517,480,484,508,512,490,505,489,492,483,459,442,443,424,425,414,407,401,398,399,388,384,379,365,347,340,324,301,314,320,297,280,280,274,284,273,258,250,237,230,216,212,205,202,187,173,162,155,160,151,152,139,133,128,117,107,103,97,95,89,84,79,75,66,59,57,54,49,49,48,46,40,38,41,37,34,30,25,24,22,23,19,19,19,18,17,14,14,14,12,12,13,12,11,12,12,11,10,8,8,7,9,10,10,10,10,9,9,9,8,7,8,7,7,6,6,4,4,4,4,4,4,5,4,4,5,5,5,4,4,3,3,3,3,3,2,2,2,2,2,2,2,2,2,2,1,1,1,1,1,0,0,0,0,0,0,0,0,0,0,0,0,0,0,0,0,0,0,0,0,0,0,0,0,0,0,0,0,0,0,0,0,0,0,0,
59,36,29,29,31,33,38,36,44,49,56,58,66,70,78,79,97,96,113,121,141,156,158,170,175,192,216,242,271,300,312,314,328,362,378,414,426,459,489,490,498,511,503,526,545,557,575,595,624,644,653,639,647,641,637,655,666,671,624,615,598,560,572,561,539,526,514,500,504,508,487,452,439,441,409,405,411,403,390,378,345,322,318,301,297,286,267,253,253,249,238,222,217,202,198,193,189,196,172,174,161,156,145,145,141,141,128,132,125,126,118,113,109,111,110,105,102,100,98,109,104,96,95,93,90,78,70,68,63,58,59,54,50,45,47,43,40,38,36,36,35,29,28,28,23,24,23,22,23,21,16,15,13,13,11,11,10,10,9,6,5,5,5,4,4,3,3,3,3,3,3,3,3,3,3,4,4,4,4,5,4,3,3,3,2,2,2,2,2,2,2,2,2,2,2,2,2,2,2,2,2,2,2,2,2,2,2,2,2,2,2,2,2,2,2,2,2,2,2,2,2,2,2,2,2,2,2,2,2,2,2,2,2,2,2,2,2,2,2,2,2,1,1,1,1,1,1,1,1,0,0,0,0,0,0,0,0,0,0,0,0,0,0,0,0,0,0,0,0,0,0,0,0,0,0,0,0,0,0,0,0,0,0,0,0,0,0,0,0,0,0,0,0,0,0,0,0,0,0,0,0,0,0,0,0,0,0,0,0,0,0,0,0,0,0,0,0,0,0,0,0,0,0,0,0,0,0,0,0,0,0,0,0,0,0,0,0,0,0,0,0,0,0,0,0,0,0,0,0,0,0,0,0,0,0,0,0,0,0,0,0,0,0,0,0,0,0,0,0,0,0,0,0,0,0,0,0,0,0,0,0,0,0,0,0,0,0,0,0,0,0,0,0,0,0,0,0,0,0,0,0,0,0,0,0,0,0,0,0,0,
57,40,34,36,41,37,42,46,44,58,58,66,72,76,84,79,89,100,114,124,145,160,174,201,223,222,240,262,265,273,282,293,314,323,336,339,349,358,391,418,449,459,473,504,506,529,525,535,523,534,519,527,520,514,517,517,516,526,536,511,510,509,499,486,471,462,441,450,443,438,440,459,435,422,393,392,394,385,354,326,328,308,310,297,287,274,256,254,240,225,220,209,196,183,181,179,187,172,161,150,143,138,137,127,116,110,97,99,92,90,85,79,79,73,69,69,63,55,48,48,42,39,35,38,35,33,33,32,32,32,32,31,29,26,24,24,22,22,20,16,16,16,16,15,14,12,11,11,9,9,9,9,8,8,8,7,6,6,6,4,4,3,2,2,1,1,1,1,1,1,0,0,0,0,0,0,0,0,0,0,0,0,0,0,0,0,0,0,0,0,0,0,0,0,0,0,0,0,0,0,0,0,0,0,0,0,0,0,0,0,0,0,0,0,0,0,0,0,0,0,0,0,0,0,0,0,0,0,0,0,0,0,0,0,0,0,0,0,0,0,0,0,0,0,0,0,0,
58,41,38,31,35,36,42,45,51,61,72,81,83,96,100,97,101,107,118,128,135,158,165,175,199,216,229,242,264,275,288,301,309,343,367,375,386,402,408,435,469,488,508,522,544,532,539,537,546,552,567,601,593,599,610,616,609,605,619,593,593,591,580,558,547,541,539,533,523,519,525,532,523,502,468,450,436,440,415,409,402,387,374,361,336,334,310,300,279,271,252,243,219,224,222,216,209,210,207,201,190,176,170,160,149,135,136,126,118,113,111,106,93,91,85,80,80,68,60,60,55,60,61,61,55,54,50,45,49,42,35,34,33,33,32,26,26,25,27,24,20,19,16,14,14,14,14,13,12,12,10,11,12,13,14,15,14,13,11,11,11,10,7,7,8,6,7,6,6,6,5,5,6,5,5,4,5,6,5,5,4,4,5,4,3,2,3,3,3,3,1,1,1,1,1,1,1,1,1,1,1,1,1,2,2,2,2,2,2,3,3,3,3,2,2,2,2,2,2,3,3,3,1,1,1,0,0,0,0,0,0,0,0,0,0,0,0,0,0,0,0,0,0,0,0,0,0,0,0,0,0,0,0,0,0,0,0,0,0,0,0,0,0,0,0,0,0,0,0,0,0,0,0,0,0,0,
62,43,38,40,43,44,46,55,68,75,88,85,105,91,94,111,125,135,145,141,141,150,180,206,220,232,262,270,299,311,321,324,329,347,349,375,388,398,416,414,431,448,465,442,450,470,447,457,470,456,461,459,455,478,481,470,479,476,468,446,449,444,441,439,413,405,395,372,370,372,357,371,355,342,326,315,300,303,292,271,244,241,230,230,221,225,209,211,199,197,179,172,168,154,135,141,138,133,126,122,126,125,114,116,116,110,103,95,89,83,90,92,88,83,82,81,78,75,66,58,60,61,58,49,46,43,41,38,40,38,35,29,25,24,24,28,26,24,22,21,20,23,23,22,20,21,19,19,18,16,15,15,14,14,13,12,14,8,7,7,7,8,7,8,7,6,7,8,7,5,4,3,3,2,2,2,2,2,2,2,2,2,2,2,2,2,2,2,2,2,2,2,2,2,2,2,2,2,2,2,2,2,2,2,2,2,1,1,1,1,1,1,1,1,1,1,0,0,0,0,0,0,0,0,0,0,0,0,0,0,0,0,0,0,0,0,0,0,0,0,0,0,0,0,0,0,0,0,0,0,0,0,0,0,0,0,0,0,0,0,0,0,0,0,0,0,0,0,0,0,0,0,0,0,0,0,0,0,0,0,0,0,0,0,0,0,0,0,0,0,0,0,0,0,0,0,0,0,0,0,0,0,0,0,0,0,0,0,0,0,0,0,0,0,0,0,0,
54,35,30,31,27,26,31,29,30,39,44,45,47,46,53,54,54,55,57,69,67,83,93,103,109,112,119,120,130,160,168,179,202,209,211,228,257,254,265,278,312,326,331,338,365,375,365,379,383,393,399,430,440,446,461,495,481,487,485,496,493,507,507,506,516,519,529,517,508,496,478,479,465,456,451,446,445,433,419,403,411,412,405,401,382,392,377,374,365,354,343,325,309,302,287,274,266,266,265,245,233,224,224,209,203,186,180,171,166,161,155,150,138,132,127,131,126,114,106,97,92,91,91,84,75,74,70,65,60,57,52,48,44,39,40,38,34,37,34,32,28,27,30,29,27,23,23,21,20,22,20,20,20,19,16,16,16,14,13,12,12,15,15,13,12,11,11,12,10,9,9,8,9,8,9,9,10,8,8,8,7,8,7,7,7,6,6,5,4,4,4,4,4,4,5,4,3,3,3,3,2,2,2,1,1,1,1,1,1,1,1,1,1,1,1,1,1,1,1,1,1,1,1,1,1,1,1,1,1,1,1,1,1,1,1,1,1,1,1,1,1,1,1,1,1,1,1,1,1,1,1,1,1,1,1,1,1,1,1,1,1,1,1,0,0,0,0,0,0,0,0,0,0,0,0,0,0,0,0,0,0,0,0,0,0,0,0,0,0,0,0,0,0,0,0,0,0,0,0,0,0,0,0,0,0,0,0,0,0,0,0,0,0,0,0,0,0,0,0,0,0,0,0,0,0,0,0,0,0,0,0,
62,47,40,43,46,51,49,55,60,67,66,78,83,91,103,103,108,129,138,153,166,171,174,185,206,218,234,237,269,262,281,305,324,335,352,368,373,363,388,403,434,456,470,479,483,514,510,512,530,516,510,535,528,539,546,528,537,540,530,513,494,481,516,504,476,483,489,466,463,439,418,416,427,415,404,397,377,364,357,358,363,351,325,306,300,284,287,263,260,263,250,252,250,243,238,231,216,209,208,209,194,206,200,194,192,180,174,169,164,165,166,158,152,147,138,136,129,128,130,126,117,112,111,106,102,94,91,86,78,73,75,71,70,67,68,72,64,65,64,60,58,51,53,50,49,46,41,39,38,35,32,30,25,25,25,21,20,19,22,20,19,17,17,16,17,16,15,16,15,14,15,16,16,16,13,11,11,9,7,7,7,7,5,4,5,6,5,5,4,4,4,4,4,4,4,4,4,4,4,4,4,4,4,4,4,4,4,5,4,4,4,4,4,4,4,4,4,4,4,4,4,4,4,4,4,4,4,4,3,3,3,2,2,2,1,1,1,1,1,1,1,1,1,1,1,1,1,0,0,0,0,0,0,0,0,0,0,0,0,0,0,0,0,0,0,0,0,0,0,0,0,0,0,0,0,0,0,0,0,0,0,0,0,0,0,0,0,0,0,0,0,0,0,0,0,0,0,0,0,0,0,0,0,0,0,0,0,0,0,0,0,0,0,0,0,0,0,0,0,0,0,0,0,0,0,0,
58,47,42,45,55,56,55,62,71,64,76,80,89,94,102,107,122,142,151,159,183,209,220,229,257,270,295,330,331,349,352,381,382,406,431,463,484,488,504,507,524,537,548,559,548,563,569,609,616,600,590,599,607,614,620,621,612,597,618,585,572,605,594,593,587,587,561,559,542,522,499,494,497,460,440,425,422,404,376,359,359,352,325,318,305,279,266,252,239,221,217,214,201,198,183,189,178,164,164,152,150,142,141,143,144,126,119,107,107,100,98,96,95,98,85,82,81,75,75,68,65,55,48,47,43,45,44,41,42,38,35,31,29,28,27,25,23,21,20,19,17,16,16,15,16,12,12,12,12,12,13,10,13,12,10,8,7,6,6,5,5,6,6,6,4,4,3,3,2,2,3,2,2,2,1,1,1,1,1,1,1,1,1,1,1,1,1,1,1,1,1,1,1,1,1,1,1,1,1,1,1,1,1,1,1,1,1,1,1,1,1,1,1,1,1,1,1,1,1,1,0,0,0,0,0,0,0,0,0,0,0,0,0,0,0,0,0,0,0,0,0,0,0,0,0,0,0,0,0,0,0,0,0,0,0,0,0,0,0,0,0,0,0,0,0,0,0,0,0,0,0,0,0,0,0,0,0,0,
58,40,36,32,41,46,47,53,60,63,62,64,69,78,82,91,107,126,138,143,157,172,187,195,219,229,244,245,261,276,305,314,335,329,352,387,414,414,416,448,462,495,492,528,548,548,567,572,592,605,606,603,608,605,592,593,596,584,592,587,565,577,568,545,535,517,522,506,504,480,481,441,435,424,423,407,395,375,353,352,365,344,338,320,295,281,286,281,255,221,212,210,203,186,185,180,166,162,157,139,135,125,120,113,102,99,94,91,84,84,75,70,74,71,62,57,55,58,46,44,40,36,39,38,40,41,40,36,37,37,35,34,36,31,31,28,24,21,22,20,20,16,15,15,12,12,13,12,12,10,10,9,8,7,5,4,4,4,3,4,3,3,2,2,2,2,1,2,2,2,2,2,2,3,2,2,2,2,2,2,2,1,1,1,1,1,1,1,1,1,1,0,0,0,0,0,0,0,0,0,0,0,0,1,0,0,0,0,0,0,0,0,0,0,0,0,0,0,0,0,0,0,0,0,0,0,0,0,0,0,0,0,0,0,0,0,0,0,0,0,0,0,0,0,0,0,0,0,0,0,0,0,0,0,0,
57,44,41,38,41,41,43,48,56,60,71,76,83,95,104,103,118,121,140,147,162,178,201,215,238,244,249,275,287,296,311,319,341,346,375,381,393,410,429,440,461,491,486,506,498,501,521,528,534,525,525,542,516,528,515,523,514,514,527,524,514,487,479,465,460,450,442,430,409,407,392,377,387,390,375,371,354,349,352,326,311,292,282,271,259,254,238,229,216,218,214,202,196,190,187,179,165,150,147,147,141,136,134,133,130,123,122,121,107,102,99,93,87,82,74,75,72,63,59,55,56,56,52,47,46,45,43,41,39,35,35,32,29,29,30,33,33,30,30,29,31,31,31,31,31,32,29,25,27,24,21,20,22,23,21,20,19,19,19,15,15,15,14,15,14,15,13,12,11,10,10,9,10,9,8,9,9,10,10,9,9,7,6,4,3,2,2,2,2,2,2,2,2,2,2,2,2,2,2,2,3,2,2,2,2,2,1,1,1,1,1,1,1,1,1,1,1,1,0,0,0,0,0,0,0,0,0,0,0,0,0,0,0,0,0,0,0,0,0,0,0,0,0,0,0,0,0,0,0,0,0,0,0,0,0,0,0,0,0,0,0,0,0,0,0,0,0,1,1,0,0,0,0,0,0,0,0,0,0,0,0,0,0,0,0,0,0,0,0,0,0,0,0,0,0,0,0,1,1,2,2,1,2,1,1,1,0,0,1,1,1,1,1,0,0,0,0,0,0,0,0,0,0,0,0,0,0,0,
56,42,36,35,37,46,45,50,60,57,61,61,71,81,91,105,108,105,104,124,127,130,147,179,170,191,186,196,208,227,247,265,260,286,289,291,307,319,305,317,330,352,349,354,366,367,369,368,369,386,395,386,387,396,408,396,380,375,370,368,366,373,372,384,384,375,377,366,366,375,368,368,363,363,357,355,347,338,331,319,310,293,280,274,262,251,249,249,231,234,226,229,212,199,198,197,189,187,180,173,176,174,170,168,156,158,153,148,136,136,134,120,117,113,111,108,96,93,95,95,94,102,88,89,81,76,73,62,62,58,58,60,58,61,59,48,43,44,40,36,36,36,34,29,27,28,22,21,20,20,17,15,16,14,13,15,13,13,12,12,11,12,10,9,9,8,7,8,6,7,5,4,3,3,3,4,3,3,3,2,3,3,2,2,1,1,1,1,1,1,1,1,1,1,1,1,1,1,1,1,1,1,0,0,0,0,0,0,0,0,0,0,0,0,0,0,0,0,0,0,0,0,0,0,0,0,0,0,0,0,0,0,0,0,0,0,0,0,0,0,0,0,0,0,0,0,0,0,0,0,0,0,0,0,0,0,0,0,0,0,0,0,0,0,0,0,0,0,0,0,0,0,0,0,0,0,0,0,0,0,0,0,0,0,0,0,0,0,0,0,0,0,0,0,0,0,0,0,0,0,0,0,0,0,0,0,0,0,0,0,0,0,0,0,0,0,0,0,0,0,0,0,0,0,0,0,0,0,0,0,
60,38,35,31,31,30,27,31,34,35,39,44,57,60,68,78,83,96,107,107,114,131,139,151,160,171,185,204,210,224,245,262,278,285,296,329,370,373,399,401,431,461,478,486,521,516,513,521,518,518,522,503,485,501,489,497,480,471,468,473,467,476,473,465,444,445,411,417,403,398,393,387,377,360,342,326,329,311,296,282,276,263,240,228,216,211,207,207,194,186,166,176,151,154,148,137,132,126,127,122,111,107,93,94,94,92,88,85,82,72,72,70,64,62,65,64,59,57,54,52,49,43,42,39,43,42,35,32,36,39,38,36,36,34,30,25,23,20,23,20,20,20,17,16,16,14,14,13,11,12,12,11,10,10,11,9,9,9,8,9,9,7,6,7,5,4,4,6,4,4,4,5,4,3,3,3,3,3,3,3,3,3,2,2,2,2,2,2,2,2,2,2,2,1,1,1,1,1,1,1,1,0,0,0,0,0,0,0,0,0,0,0,0,0,0,0,0,0,0,0,0,0,0,0,0,0,0,0,0,0,0,0,0,0,0,0,0,0,0,0,0,0,0,0,0,0,0,0,0,0,0,0,0,0,
62,45,40,37,37,43,48,51,57,62,61,66,74,89,98,111,128,135,148,151,172,176,195,210,235,255,286,285,303,311,317,333,373,408,425,431,440,464,486,480,504,528,518,544,557,543,555,570,570,590,594,581,587,585,597,564,557,569,577,561,557,525,501,494,503,487,478,471,452,444,426,408,385,375,338,331,324,315,308,283,276,270,252,244,235,224,216,198,204,199,184,181,165,163,154,149,141,139,131,118,116,108,102,101,104,101,98,94,86,82,78,79,74,71,74,73,60,58,56,51,52,48,43,42,44,48,43,39,38,33,29,30,30,28,29,30,27,28,24,23,21,22,22,24,24,22,20,20,16,16,13,13,14,14,14,14,13,11,12,11,12,11,10,10,10,10,11,11,12,8,7,7,7,6,7,5,4,4,4,4,3,3,3,3,3,3,2,2,2,2,2,3,3,3,2,2,1,1,1,1,1,1,1,1,1,1,1,1,1,1,1,1,1,1,1,1,1,1,1,1,1,1,1,1,1,1,1,1,1,1,1,1,1,1,1,1,1,1,1,1,1,1,1,1,1,1,1,1,1,1,1,1,1,1,1,1,1,1,1,1,1,1,1,1,1,1,1,1,1,0,0,0,0,0,0,0,0,0,0,0,0,0,0,0,0,0,0,0,0,0,0,0,0,0,0,0,
53,41,40,41,45,42,50,62,65,82,84,86,90,103,112,110,118,139,150,169,192,203,229,226,238,232,265,285,300,302,316,338,370,404,410,429,440,444,468,486,497,482,496,509,499,509,514,527,535,551,557,563,545,558,569,581,581,558,571,576,565,538,531,503,496,494,492,488,482,454,443,429,426,419,414,409,380,359,340,319,309,299,291,274,266,262,250,246,253,252,234,225,210,202,192,189,180,178,168,163,160,146,143,130,123,122,113,106,105,103,100,84,82,74,64,65,61,57,54,51,49,47,47,50,43,36,34,28,26,24,23,24,17,17,16,16,15,13,12,11,12,12,11,10,10,11,10,7,7,7,8,8,6,6,6,6,6,6,6,7,8,7,6,5,5,5,5,5,5,5,5,6,5,5,5,5,5,5,5,5,5,5,5,5,4,4,4,4,4,4,4,4,4,4,4,3,3,3,3,3,3,3,3,3,3,3,3,3,3,3,3,3,3,3,3,3,3,3,3,2,1,1,1,1,1,1,1,1,1,1,1,1,1,1,1,1,1,1,1,1,1,1,1,1,1,1,1,1,1,1,1,1,1,1,1,1,1,1,1,1,1,1,1,1,1,1,1,1,1,1,0,0,0,0,0,0,0,0,0,0,0,0,0,0,0,0,0,0,0,0,0,0,0,0,0,0,0,0,0,0,0,0,0,0,0,0,0,0,0,0,0,0,0,0,0,0,0,0,0,0,0,0,0,0,0,
54,38,40,39,41,42,39,45,47,52,57,73,73,77,89,107,120,130,131,140,151,159,175,192,202,224,239,246,265,288,313,340,346,371,382,407,424,422,448,472,483,479,502,482,492,493,520,527,536,537,532,525,533,550,552,554,542,542,533,502,495,465,453,451,448,457,447,450,458,458,451,445,424,404,396,390,375,362,339,339,318,303,305,307,307,300,285,298,293,282,289,274,257,246,235,235,234,230,213,213,201,200,190,183,172,162,147,143,136,126,124,127,119,117,110,100,92,90,85,86,87,83,84,79,76,73,68,63,58,53,49,45,42,38,36,35,31,29,29,30,29,25,22,24,24,20,19,20,19,18,16,14,14,15,15,15,14,14,14,13,12,12,11,11,9,9,9,9,9,9,9,9,8,7,7,7,8,8,8,6,6,6,6,5,5,5,5,4,5,5,5,3,3,2,2,2,2,2,2,2,2,1,0,0,0,0,0,0,0,0,0,0,0,0,0,0,0,0,0,0,0,0,0,0,0,0,0,0,0,0,0,0,0,0,0,0,0,0,0,0,0,0,0,0,0,0,0,0,0,0,0,0,0,0,0,
66,47,43,38,44,50,43,46,46,56,55,60,70,78,89,101,120,130,134,135,153,165,160,185,193,199,219,230,227,255,268,292,309,314,344,362,383,397,397,408,435,472,469,502,512,544,541,552,564,569,574,583,597,582,583,594,607,637,639,640,636,659,666,648,609,598,588,570,555,568,525,507,500,499,474,474,437,416,414,418,422,396,380,364,348,335,322,295,294,282,275,257,247,240,236,225,201,198,194,187,184,183,185,177,170,161,149,149,144,145,140,140,137,131,118,112,113,101,92,93,84,84,81,78,74,62,60,58,56,57,57,47,51,52,43,36,39,43,43,41,41,42,39,34,33,34,31,34,33,32,30,27,25,22,19,19,20,19,19,20,19,18,13,12,13,13,11,9,8,7,8,9,8,7,7,5,4,4,4,4,4,4,4,4,3,3,3,2,2,1,1,1,1,1,1,1,1,1,1,1,1,1,1,1,1,1,1,1,1,1,0,0,0,0,0,0,0,0,0,0,0,0,0,0,0,0,0,0,0,0,0,0,0,0,0,0,0,0,0,0,0,0,0,0,0,0,0,0,0,0,0,0,0,0,0,0,0,0,0,0,0,0,0,0,0,0,0,0,0,0,0,0,0,0,0,0,0,0,0,0,0,0,0,0,0,0,0,0,0,0,0,0,0,0,0,0,0,0,0,0,0,0,0,0,0,0,0,0,0,0,0,0,0,0,0,0,0,0,0,0,0,0,0,0,0,0,0,0,0,0,0,0,0,0,0,0,0,0,0,0,0,0,0,0,0,0,0,0,0,0,0,0,0,0,0,0,0,0,
59,41,39,41,42,46,47,52,64,69,81,85,105,108,122,119,118,117,129,137,155,160,170,196,207,215,242,271,296,322,332,354,365,376,400,415,452,444,464,473,492,499,525,503,511,545,564,558,563,557,562,546,557,577,562,550,584,569,570,586,584,560,558,554,530,507,495,495,491,490,476,492,481,483,475,461,459,439,415,418,400,386,370,360,352,338,331,309,297,285,270,264,252,246,225,218,209,204,197,193,182,171,158,156,144,142,138,127,126,103,90,84,78,75,71,72,73,67,68,76,70,68,66,61,56,54,53,51,45,47,45,36,36,35,35,28,25,26,22,21,20,16,14,14,16,18,17,19,16,12,11,10,10,10,9,9,10,10,8,10,9,11,8,8,7,7,5,5,5,5,4,4,4,3,4,5,4,4,2,2,1,1,1,0,0,0,0,0,0,0,0,0,0,0,0,0,0,0,0,0,0,0,0,0,0,0,0,0,0,0,0,0,0,0,0,0,0,0,0,0,0,0,0,0,0,0,0,0,0,0,0,0,0,0,0,0,0,0,0,0,0,0,0,0,0,0,0,0,0,0,0,0,0,0,0,0,0,0,0,0,0,0,0,0,0,0,0,0,0,0,0,0,0,0,0,0,0,0,0,0,0,0,0,0,0,0,0,0,0,0,0,0,0,0,0,0,0,0,0,0,
