55,45,38,31,36,30,31,38,36,46,49,51,70,72,82,84,85,100,113,135,132,143,145,166,167,166,176,190,209,202,220,230,226,223,240,246,253,250,271,264,269,273,274,289,293,295,302,304,316,322,302,302,301,302,309,313,319,316,309,303,310,304,298,289,285,281,265,268,257,263,260,248,255,241,233,239,224,218,200,204,187,175,173,174,184,174,167,173,180,180,182,191,181,175,166,168,167,165,149,150,158,152,150,149,145,136,130,124,126,122,125,124,125,118,106,114,112,105,102,98,96,98,89,98,104,94,98,91,83,78,72,59,64,63,66,68,68,68,60,56,55,50,53,51,53,55,48,42,49,47,49,44,45,39,41,40,34,43,39,39,35,34,31,31,32,31,34,32,31,32,29,31,27,27,26,27,26,27,24,27,24,22,25,24,23,19,20,21,24,21,16,16,16,17,16,15,14,14,14,12,14,13,12,12,10,8,7,7,7,6,6,5,5,5,5,4,3,4,4,4,4,4,2,2,3,3,3,3,5,4,2,3,3,3,4,4,4,4,3,3,3,3,4,3,3,2,2,2,1,0,0,0,0,0,1,0,0,0,1,2,2,
66,45,41,36,41,36,46,47,46,52,54,58,64,78,80,88,98,97,110,113,118,132,141,160,164,173,188,192,215,224,233,220,242,255,271,295,311,316,321,333,333,337,345,367,356,371,361,373,387,374,359,373,385,406,415,409,402,388,376,371,370,349,363,360,355,367,343,332,316,329,321,313,304,312,304,300,276,254,241,231,234,234,217,214,217,217,223,211,209,214,203,195,198,206,197,187,178,168,166,161,157,154,151,145,146,143,133,126,124,124,131,137,131,119,105,94,92,88,88,87,87,86,81,81,81,76,66,72,69,69,61,61,63,63,54,58,50,51,51,54,55,46,41,45,49,45,36,34,30,29,26,26,26,28,26,26,25,24,25,25,28,26,26,23,24,25,24,29,30,28,27,22,22,21,22,19,17,14,16,13,16,15,13,11,13,10,9,8,8,10,9,6,8,8,7,5,4,4,4,4,5,5,5,5,7,5,4,4,4,4,4,3,2,2,2,2,2,2,3,3,3,2,2,2,2,2,2,2,2,2,3,3,3,3,3,3,2,3,3,2,2,2,2,2,2,2,2,3,3,2,1,2,2,2,2,2,2,2,1,1,1,1,1,1,1,1,1,2,2,2,2,2,2,2,2,2,2,2,1,1,1,1,1,1,
50,29,26,29,34,43,36,32,38,40,41,46,52,57,63,69,70,80,91,97,107,117,119,127,130,126,138,139,143,156,158,164,178,182,184,176,188,189,208,219,225,229,246,239,247,256,268,279,290,300,308,305,300,322,316,320,321,333,334,355,363,370,359,363,361,370,371,365,347,356,359,349,347,325,330,317,324,321,318,309,291,279,284,279,276,272,268,256,256,254,241,233,224,221,221,203,205,199,194,188,180,163,166,168,167,158,151,140,131,125,118,123,124,119,122,102,103,96,90,92,88,83,77,71,69,63,63,65,69,68,64,61,60,54,54,57,52,58,59,57,58,59,54,56,62,58,57,53,45,44,44,45,42,43,46,43,36,35,37,34,34,33,30,29,32,28,31,29,28,27,26,24,21,24,23,21,24,28,26,27,26,24,20,21,18,19,19,19,18,14,13,15,13,17,15,14,8,10,9,9,8,5,5,4,4,5,3,4,2,1,2,3,3,2,1,1,0,0,1,2,2,0,0,0,0,1,1,1,1,1,0,0,0,0,0,0,0,1,
62,42,34,30,32,29,27,33,39,40,45,53,57,67,75,84,102,110,110,130,147,149,158,174,183,197,215,216,215,228,233,237,248,271,272,276,298,312,311,316,322,328,341,343,346,333,357,342,342,347,348,357,352,343,342,329,346,347,342,329,313,303,297,315,324,336,330,323,333,333,310,302,297,282,260,255,244,233,242,244,237,222,218,218,210,215,207,208,191,202,196,175,179,178,173,168,159,154,149,152,141,141,129,129,116,119,110,109,111,108,106,97,91,90,86,82,76,78,69,67,62,64,61,63,63,64,56,57,50,49,43,45,48,41,38,39,38,36,30,25,27,24,25,24,24,22,22,19,22,22,20,18,17,17,16,12,14,15,12,13,14,13,13,13,11,12,12,11,10,9,7,8,8,7,5,6,4,4,3,3,4,4,4,4,4,4,4,3,3,2,2,1,2,2,0,0,1,0,0,0,0,0,0,0,0,0,0,1,1,1,1,1,1,1,1,2,3,3,3,3,3,3,2,2,1,1,1,1,1,1,1,2,2,2,1,0,0,0,0,1,0,0,0,0,0,0,0,0,0,0,0,0,0,0,0,0,0,0,0,0,0,0,0,0,0,0,0,0,0,0,
56,44,40,34,38,39,41,46,53,56,63,60,68,83,93,95,108,117,116,126,133,147,159,183,191,204,213,202,227,230,246,265,256,263,286,282,285,292,306,316,297,312,303,315,309,315,323,330,315,336,319,321,328,331,350,340,353,354,363,362,367,361,345,343,361,358,350,355,364,339,354,336,327,314,307,298,290,273,270,267,249,255,239,234,224,202,194,197,180,176,179,177,171,170,159,157,141,140,133,119,119,124,126,118,119,118,110,119,117,121,114,107,112,108,94,91,87,96,93,84,87,80,82,80,80,76,63,62,56,58,53,51,51,47,42,43,42,42,36,38,33,28,32,32,31,35,27,27,28,21,22,20,19,16,13,14,13,13,14,14,14,16,15,14,14,15,16,13,14,13,13,12,12,13,13,12,12,14,13,12,12,13,11,11,10,11,9,8,8,7,5,5,4,3,3,4,4,5,4,2,2,2,2,2,2,1,1,1,1,1,1,0,0,1,1,1,1,1,1,1,2,2,2,2,2,2,2,2,2,2,2,2,3,3,3,3,3,3,3,3,3,3,3,3,4,4,4,4,3,3,3,3,3,3,3,3,3,3,2,2,2,1,0,0,0,0,0,1,1,1,1,1,2,2,2,2,3,2,2,2,2,2,2,2,2,3,2,2,2,2,2,2,2,2,2,2,2,2,2,2,2,2,2,2,1,1,1,1,1,2,2,1,0,0,0,0,0,0,0,0,0,0,0,0,0,0,1,
55,44,43,39,41,42,43,46,51,45,50,63,70,75,79,80,100,113,125,136,143,152,176,178,208,216,232,237,245,245,263,272,294,313,307,305,328,330,331,325,331,340,364,375,379,370,370,386,397,390,391,380,385,384,387,393,405,414,402,394,398,391,404,408,403,394,376,380,381,387,394,389,377,360,370,362,357,354,349,344,330,329,328,298,310,294,291,286,268,264,256,256,251,246,238,228,235,225,217,228,219,224,222,215,221,209,201,193,185,182,174,164,157,154,157,160,156,144,136,121,115,106,100,98,88,90,87,86,83,79,78,70,66,61,56,50,45,42,44,43,45,45,43,38,36,31,27,27,24,24,23,18,17,16,18,16,13,11,12,11,12,11,11,11,10,10,9,9,10,8,8,10,10,10,9,11,9,10,9,9,8,8,9,7,7,7,6,4,4,5,5,5,6,5,6,6,6,6,6,6,5,4,5,4,4,5,5,4,5,5,5,5,4,4,4,3,3,4,4,4,1,1,3,2,1,1,1,1,0,0,0,1,1,1,1,1,1,1,1,1,1,
61,44,43,41,49,51,53,66,75,80,91,96,102,115,113,128,125,159,165,180,183,204,222,240,231,251,266,277,271,271,301,315,327,339,350,359,377,393,407,426,426,451,454,466,443,459,473,469,471,482,467,476,475,487,503,489,469,466,465,477,485,482,449,438,433,448,440,419,413,418,407,393,391,377,368,349,334,326,323,325,320,304,289,282,277,256,255,245,228,223,220,216,212,210,199,188,184,169,169,160,152,150,138,135,132,134,122,123,115,113,111,107,104,102,94,88,83,80,73,67,65,59,54,54,54,46,42,37,42,46,43,41,34,32,34,32,33,34,33,34,31,29,26,21,23,22,20,22,18,16,17,19,17,14,16,14,12,11,13,11,13,8,5,5,5,3,3,2,2,3,3,3,3,2,2,2,2,3,3,3,5,4,3,3,3,3,3,2,2,2,2,2,2,1,0,0,0,0,0,0,0,0,0,0,0,0,0,0,0,0,0,0,0,0,0,0,0,0,0,0,0,0,
54,37,28,29,34,37,38,47,50,55,62,60,69,86,95,106,115,126,136,128,155,165,185,195,203,211,233,220,226,240,243,244,253,252,257,277,281,290,293,311,327,348,361,360,361,364,374,376,386,370,368,383,388,375,374,381,366,368,359,359,347,337,339,341,325,318,321,302,299,298,296,284,287,281,277,266,279,267,260,240,233,230,231,233,217,221,224,227,221,227,226,229,223,222,206,209,207,201,193,189,189,185,183,199,179,174,183,179,175,176,176,175,164,154,160,158,143,132,127,125,122,112,115,113,107,108,120,116,102,97,107,114,107,103,95,88,85,88,80,74,73,68,71,71,64,63,59,58,60,59,58,59,59,52,51,52,51,47,46,44,40,39,38,37,34,34,31,30,28,30,29,30,29,25,23,22,21,22,23,21,24,23,19,20,21,24,21,21,17,20,17,14,15,12,10,9,9,7,7,8,9,8,11,11,11,11,12,11,10,10,8,8,6,5,5,5,5,5,5,5,5,4,4,5,4,4,5,6,5,5,5,4,3,2,3,2,2,1,1,1,2,2,2,2,1,1,1,1,1,1,0,0,1,1,
52,36,28,25,25,26,25,28,32,37,42,41,46,63,74,68,79,97,94,97,106,121,143,157,161,161,169,170,183,186,199,207,203,215,221,237,228,229,237,262,268,285,297,295,313,309,307,315,325,337,344,362,369,362,369,362,347,339,352,362,369,374,356,361,353,344,328,336,334,331,324,320,313,306,281,292,304,310,299,299,301,282,289,291,270,257,226,222,223,226,224,204,197,196,189,182,190,190,185,187,187,188,186,174,176,182,175,171,162,140,145,139,126,122,128,112,113,108,105,99,93,91,88,86,87,93,93,87,90,88,90,78,74,70,71,73,68,56,58,58,56,63,63,62,62,64,58,61,55,54,53,51,52,48,51,45,42,41,39,41,43,42,45,47,44,43,39,43,43,49,44,39,39,34,28,26,21,25,25,25,22,22,25,27,25,25,25,22,22,24,20,17,19,19,18,12,11,8,8,8,6,7,6,6,9,9,10,8,9,8,9,10,11,10,11,8,6,7,5,5,5,4,4,4,3,3,3,3,3,2,3,2,2,2,2,2,2,2,1,1,1,1,1,1,1,1,1,1,1,1,1,1,1,1,1,1,1,1,1,1,1,1,1,1,1,1,1,1,1,1,1,1,1,1,1,1,1,1,0,0,0,0,0,0,0,0,0,0,0,0,0,0,0,0,0,
63,46,43,33,33,33,40,46,50,51,54,63,69,78,84,89,102,110,117,114,130,133,138,145,149,167,179,177,196,208,227,234,235,242,236,266,274,277,269,284,293,290,305,308,316,317,313,309,313,325,338,329,331,349,346,334,321,348,348,349,352,343,347,360,354,372,365,343,346,331,336,336,333,335,342,332,354,355,326,331,310,309,297,292,291,282,276,251,249,241,243,234,241,248,245,233,217,225,215,203,199,198,200,193,189,186,179,177,168,164,167,169,163,159,150,134,127,125,121,120,119,115,108,113,102,101,105,99,95,92,89,87,80,67,68,59,57,59,57,56,53,52,45,41,36,35,34,33,34,29,29,29,27,26,25,21,17,15,15,13,11,13,13,12,12,10,11,10,10,10,10,10,8,7,7,7,5,5,6,6,7,5,4,3,3,3,3,3,2,2,2,2,2,2,2,2,2,2,2,2,2,2,2,2,2,2,2,1,1,1,1,0,0,0,0,0,0,0,0,0,
56,39,36,46,38,41,45,52,59,53,66,76,64,65,73,91,92,104,117,129,140,157,153,160,173,181,195,193,199,202,204,209,229,227,239,251,245,262,266,279,281,283,300,321,332,339,337,344,353,339,340,342,352,355,356,372,376,374,373,359,360,353,348,331,337,347,360,369,359,353,355,346,343,326,321,313,302,275,284,271,268,265,268,250,239,229,227,223,217,214,225,216,206,197,192,185,167,159,161,167,158,153,139,137,139,133,128,113,113,109,104,102,99,90,90,87,80,76,71,70,64,59,51,57,52,42,44,40,39,36,30,32,28,26,25,23,21,18,21,16,17,17,18,17,16,15,15,13,9,11,8,6,5,3,3,4,5,4,4,3,3,4,4,3,3,3,3,3,3,2,2,3,3,3,3,3,3,3,3,3,3,2,3,3,3,1,1,1,1,1,1,1,1,1,1,1,1,1,1,1,1,1,1,1,1,1,1,1,1,1,1,1,1,1,1,1,1,1,1,1,1,1,1,1,1,1,
50,36,28,30,32,30,36,37,41,49,54,63,64,75,75,78,86,97,98,103,96,118,123,147,150,168,168,171,173,203,207,208,204,223,233,227,232,252,264,257,280,295,304,294,304,317,319,322,330,349,356,356,337,334,344,336,351,373,360,350,342,352,340,337,341,339,324,321,308,303,312,312,334,350,346,342,338,315,303,306,303,302,303,297,294,271,269,276,260,260,236,240,245,235,225,234,221,207,187,199,195,180,178,191,189,183,184,194,195,181,179,176,171,171,166,149,143,133,125,123,122,123,111,103,98,93,88,80,80,87,82,83,78,72,68,70,64,61,63,63,66,65,59,60,56,55,53,49,47,41,41,41,37,34,31,30,30,34,36,35,34,28,27,30,28,28,28,26,28,24,23,21,19,19,18,14,15,12,11,10,11,9,9,8,10,8,8,8,7,6,7,6,6,6,7,7,6,6,7,6,5,5,5,7,6,6,6,6,6,7,5,6,5,5,5,4,3,2,2,2,3,3,4,4,4,3,2,2,3,4,3,2,2,2,2,1,1,1,0,0,0,0,0,0,0,0,0,0,0,0,0,0,0,0,0,0,0,0,0,0,0,0,0,0,0,0,0,0,0,0,0,0,0,0,0,0,0,0,0,0,0,0,0,0,0,0,0,0,0,0,0,0,0,0,0,0,0,0,0,0,0,0,0,0,0,
54,43,39,33,38,33,44,50,50,51,57,56,70,75,82,84,107,103,102,117,117,132,135,145,166,174,186,191,191,190,185,196,205,215,224,235,230,244,257,253,262,258,260,279,283,270,275,277,275,267,277,271,281,283,294,286,281,276,287,282,283,280,281,290,272,276,276,261,257,259,248,259,256,241,244,239,236,239,236,219,212,214,216,226,212,218,210,202,199,194,199,200,195,210,214,214,203,215,199,191,191,191,199,200,192,204,199,210,210,210,196,185,189,181,170,170,165,164,171,161,175,178,175,188,177,165,169,164,164,153,157,141,128,123,121,114,112,101,97,93,89,80,79,68,63,59,58,57,48,55,48,46,48,49,44,41,44,38,37,34,35,37,33,29,31,32,34,27,24,23,22,19,22,19,17,16,17,13,11,11,10,12,14,12,10,9,8,7,6,9,8,9,8,8,8,8,7,8,7,5,5,4,4,4,4,4,4,3,3,3,3,3,3,2,1,1,1,0,0,0,0,0,0,0,0,0,0,0,0,0,0,0,0,0,0,0,0,0,0,0,0,
53,41,32,33,32,33,37,41,48,48,55,69,76,82,83,101,97,112,117,131,148,167,179,186,196,203,209,212,217,234,248,246,262,289,284,321,352,346,360,368,393,419,444,453,473,493,495,507,484,486,491,487,493,496,497,510,515,526,513,523,520,511,507,501,506,498,492,469,490,494,480,480,468,462,456,449,431,421,402,380,361,344,329,315,284,267,254,249,246,229,227,219,215,210,207,205,204,192,186,181,166,161,162,148,139,143,138,137,129,132,123,123,127,126,117,118,112,99,90,91,88,89,92,92,94,94,90,82,74,68,64,62,56,56,54,49,42,46,44,41,40,44,50,49,43,47,41,41,43,38,38,38,34,31,35,34,32,32,27,30,28,27,24,24,26,27,29,28,27,22,20,20,20,20,21,21,19,18,17,15,16,14,15,15,14,12,9,8,7,9,8,7,6,4,4,4,5,5,5,6,6,6,5,5,5,5,4,4,3,3,4,3,3,3,3,3,2,2,2,2,2,2,2,1,1,2,2,2,1,1,1,1,1,1,1,1,1,
63,49,42,43,42,48,56,58,68,66,74,81,97,95,103,100,119,130,137,147,156,170,172,189,198,216,232,239,227,237,241,249,263,255,256,271,294,309,317,336,331,349,355,349,360,355,377,384,374,378,373,367,375,380,397,392,377,365,367,376,366,384,374,363,357,361,352,354,357,356,365,358,343,341,335,320,329,315,318,325,317,324,314,304,294,281,267,261,260,246,240,236,220,222,233,206,195,190,191,182,187,162,165,168,170,161,153,157,156,142,132,130,125,124,117,107,101,97,91,88,87,85,80,71,69,68,63,60,55,57,61,65,63,55,54,56,56,56,57,56,52,50,49,42,41,38,36,35,35,34,32,31,31,32,30,27,28,29,27,26,21,21,21,18,17,16,16,18,16,13,13,12,12,12,11,10,11,11,10,11,10,10,9,8,9,9,8,9,9,9,11,11,10,9,10,11,11,10,8,9,9,9,8,6,5,5,4,4,3,3,3,3,3,2,2,3,3,2,1,
55,44,41,40,41,47,43,36,39,45,54,51,60,60,80,92,101,107,110,110,117,128,146,155,162,166,184,201,212,224,238,238,251,250,260,300,290,296,327,335,339,346,379,379,395,399,397,416,421,421,437,457,454,472,490,491,486,488,497,486,497,498,502,471,482,475,478,482,468,458,460,444,456,468,460,433,429,412,415,409,402,379,351,344,350,336,338,332,318,313,295,281,282,270,253,239,233,222,209,202,184,174,172,165,158,151,154,149,141,143,137,126,123,117,114,108,114,107,105,104,104,106,101,101,91,92,89,78,77,75,62,55,55,53,47,42,39,36,38,37,30,29,29,27,22,22,21,21,17,19,20,16,18,16,16,14,14,12,11,11,10,8,11,10,10,9,11,10,9,8,8,7,7,7,8,7,7,7,7,6,5,6,5,5,5,4,4,4,4,3,3,3,3,3,2,2,
59,44,36,33,40,44,53,61,64,74,82,85,83,104,117,128,144,165,178,188,214,227,231,240,230,241,252,264,279,284,309,334,332,333,321,330,323,350,341,350,356,360,350,352,369,371,362,376,365,381,374,375,389,399,404,416,407,406,378,381,366,354,338,323,333,331,315,319,312,312,295,287,279,252,247,249,255,245,240,249,235,225,219,212,211,207,204,209,206,197,192,189,170,176,168,168,161,150,151,147,141,146,142,139,136,125,117,118,110,104,95,96,89,95,96,95,81,83,76,69,68,64,66,68,65,61,58,58,53,50,50,52,53,47,43,39,35,35,31,33,37,32,27,24,25,25,25,25,20,21,19,18,15,19,17,17,17,17,14,11,12,11,8,11,10,8,8,9,7,6,6,6,4,4,4,5,5,4,4,4,4,4,4,5,4,5,6,6,6,6,6,6,6,5,5,4,4,4,4,4,4,4,5,5,4,3,3,3,3,3,3,3,3,3,3,3,3,5,6,5,6,6,6,6,5,5,5,6,6,8,9,9,10,9,7,8,7,7,5,5,5,5,6,8,6,6,6,5,5,6,7,7,6,6,4,4,4,4,3,5,4,5,3,3,2,3,3,3,3,3,3,3,2,2,2,2,2,1,1,1,1,1,1,1,1,1,1,1,1,1,1,1,1,
56,37,33,31,29,33,33,32,39,47,51,66,58,63,62,65,69,78,82,83,94,107,112,128,135,144,149,158,170,175,187,208,213,223,228,221,217,240,245,265,260,261,270,293,302,294,279,287,290,307,309,315,330,331,335,351,354,375,370,370,360,380,375,362,350,353,347,363,359,348,342,344,333,312,308,299,307,302,297,302,287,273,271,267,261,265,280,265,241,230,218,211,213,192,188,167,156,161,152,153,151,131,127,128,122,118,113,106,103,103,102,103,98,100,99,96,96,91,89,88,86,81,71,69,71,65,60,57,51,48,44,47,44,39,37,40,42,38,35,31,30,30,29,26,26,24,20,19,18,17,18,18,20,19,16,16,15,15,16,16,14,13,13,12,12,9,10,9,9,7,6,4,4,3,4,3,2,2,2,3,3,3,3,3,2,2,2,2,2,1,1,1,1,1,1,1,1,1,1,1,1,1,1,1,1,1,1,1,1,1,1,1,1,1,1,1,1,1,1,1,
56,43,34,34,34,35,39,41,38,45,51,60,72,72,76,99,103,121,142,135,142,157,179,177,186,196,206,211,229,245,253,259,260,273,284,301,305,327,350,339,367,372,367,398,440,424,425,433,451,448,464,482,469,479,479,470,453,454,455,430,444,433,435,427,418,423,410,407,408,389,361,364,367,366,363,359,341,336,332,334,331,322,305,296,282,283,280,260,259,241,240,224,221,208,203,204,192,188,185,166,164,152,152,140,131,131,127,122,116,113,114,105,103,98,91,86,87,92,98,92,91,89,83,83,87,82,74,72,68,66,58,60,62,52,47,48,49,42,42,38,39,34,32,32,31,27,23,26,26,23,22,19,16,15,13,13,14,10,11,9,8,9,9,10,9,9,9,10,7,6,6,6,6,6,7,7,7,7,8,8,8,4,4,6,6,6,6,5,6,5,5,4,4,4,3,3,3,3,3,2,2,2,2,2,1,1,1,1,1,1,1,1,1,1,1,1,1,1,1,1,1,1,1,1,1,1,1,1,1,1,
53,40,30,29,29,30,30,33,36,43,40,42,47,56,62,72,85,90,93,105,108,107,111,122,124,148,147,153,153,159,161,163,170,172,187,202,211,190,188,188,185,184,200,201,196,199,203,194,195,198,202,203,190,189,190,190,187,189,182,183,181,175,173,165,175,183,186,190,178,187,192,189,184,179,177,169,174,171,169,166,166,159,169,171,176,180,174,167,158,155,156,157,150,142,138,149,156,154,155,145,137,134,123,119,118,109,107,106,100,103,98,90,89,91,80,77,76,69,71,73,72,60,52,53,53,53,59,49,45,43,44,42,36,37,39,35,38,38,34,32,32,34,39,38,37,38,35,37,31,30,34,35,33,36,37,38,33,34,35,30,35,34,37,37,42,42,40,40,40,42,43,44,45,43,40,38,38,41,43,40,38,35,34,34,35,33,31,27,26,26,28,27,25,24,20,19,19,17,18,18,19,20,20,17,16,15,16,15,13,13,11,12,10,8,7,4,3,2,2,2,2,3,3,3,3,2,2,2,1,0,0,0,0,0,1,1,1,1,1,0,0,0,0,0,0,0,0,0,0,1,1,2,2,1,1,1,
61,44,42,42,48,46,58,64,73,73,69,83,100,101,124,124,130,127,146,156,178,178,195,206,219,236,242,246,256,266,277,289,312,331,346,352,356,358,367,366,371,361,356,385,382,372,388,384,406,418,405,417,409,409,417,418,412,415,429,425,433,409,413,414,412,394,395,397,378,372,372,379,375,362,346,344,341,332,322,320,321,305,308,286,253,251,249,237,223,221,220,213,210,207,197,196,189,180,183,174,165,147,143,133,124,118,116,116,111,106,98,93,86,90,95,92,88,93,88,78,70,71,65,55,57,54,53,61,56,58,54,56,49,48,42,34,34,31,29,28,29,28,26,25,28,28,26,23,22,24,21,22,21,21,23,22,23,19,18,18,19,19,17,17,14,12,13,12,13,13,12,11,9,10,9,10,10,9,9,8,7,6,8,6,6,7,7,7,7,7,7,7,7,7,3,3,1,1,1,0,0,0,0,0,0,0,0,0,0,0,0,0,0,0,0,0,
64,43,40,38,30,34,41,40,47,52,51,53,74,78,79,90,97,108,116,108,125,133,149,164,176,181,178,195,197,218,223,230,237,238,253,260,270,263,272,293,306,324,323,307,323,333,333,344,354,345,359,368,366,362,386,378,367,356,352,347,359,369,366,345,350,360,370,362,351,350,343,336,324,316,314,316,297,301,306,319,302,300,299,298,284,287,282,280,279,271,265,249,238,232,240,227,229,225,231,220,227,219,209,206,198,196,195,192,184,178,190,170,175,174,168,166,156,148,146,145,133,128,113,107,105,108,113,111,97,89,86,80,76,76,73,67,68,66,61,56,53,62,55,51,45,45,44,44,43,41,38,36,35,33,31,28,28,28,30,31,30,27,23,28,27,27,27,26,27,25,22,20,20,21,20,18,19,17,17,17,16,16,14,14,14,13,12,11,10,11,11,12,10,11,11,11,11,11,11,7,9,8,9,7,7,5,4,4,3,4,3,2,2,2,2,2,2,2,1,1,1,1,1,1,1,1,2,1,1,1,1,1,1,1,1,0,0,1,1,1,1,0,0,0,0,
49,36,31,37,32,36,33,35,34,41,41,57,62,75,78,85,83,86,91,106,112,124,145,150,167,159,175,183,192,219,228,244,268,301,314,335,332,337,374,379,372,388,394,393,411,424,451,465,483,503,490,486,483,499,490,493,501,495,488,485,471,454,469,461,460,460,449,448,444,425,421,427,442,412,406,408,394,401,382,395,387,367,350,355,334,317,285,292,270,249,241,245,243,233,228,220,202,208,211,209,199,189,181,180,173,173,185,178,181,175,174,166,168,162,155,155,148,131,126,118,115,112,107,104,106,95,86,84,85,82,77,71,70,67,67,59,55,52,52,55,50,49,42,38,39,36,40,34,32,27,27,26,29,29,26,29,26,25,21,19,20,19,20,20,22,22,21,19,19,15,17,18,18,15,19,19,18,17,16,18,18,17,16,17,16,11,9,9,8,8,7,6,8,8,8,8,7,8,7,6,4,5,5,4,5,5,5,5,5,5,5,5,7,6,6,5,4,4,5,5,4,5,4,6,7,5,3,4,4,3,3,3,2,2,2,2,4,4,4,5,3,3,4,4,3,3,3,3,3,2,3,2,2,2,1,1,2,3,3,3,3,2,1,2,2,1,0,0,0,0,1,1,1,2,2,1,1,1,1,1,1,1,1,0,0,0,1,1,
57,34,32,31,35,37,42,45,43,44,51,58,68,61,67,78,96,102,119,124,139,138,140,149,156,173,179,181,183,186,192,215,226,227,250,266,275,303,348,358,368,380,373,383,388,396,392,418,420,427,443,443,431,453,464,466,479,469,458,444,453,433,423,427,409,406,382,398,397,388,384,361,349,350,365,364,348,351,352,320,311,304,306,284,283,269,251,243,238,224,212,212,202,198,200,203,193,186,169,159,145,133,127,122,125,127,122,120,109,97,96,99,97,95,82,78,79,77,75,77,75,76,72,68,56,58,49,48,50,53,53,50,48,46,47,44,42,41,40,38,40,36,40,33,32,29,27,26,25,25,22,22,23,24,19,20,21,20,21,20,14,16,14,15,15,16,14,11,14,14,14,12,13,12,14,10,13,9,5,6,4,1,2,3,3,3,4,4,3,3,3,3,2,2,2,3,3,3,2,2,2,2,2,1,1,2,1,1,1,2,2,2,2,1,1,0,0,0,0,0,0,1,1,1,
58,46,41,39,37,38,42,44,40,43,52,66,62,66,69,69,84,84,95,116,111,115,122,134,131,139,138,156,166,158,168,169,169,180,171,181,196,222,222,219,209,212,217,218,229,228,251,256,249,240,258,262,248,251,248,253,251,244,232,248,250,253,259,261,259,248,250,270,272,278,277,271,278,275,280,285,287,266,269,266,265,261,278,278,281,276,276,289,278,279,274,264,272,264,262,257,261,255,251,254,249,239,248,255,242,251,249,230,235,232,226,222,220,215,218,200,201,189,190,187,181,166,174,153,160,151,148,146,134,140,143,144,134,138,128,127,122,109,107,96,92,97,101,91,89,85,86,83,69,67,60,62,55,58,57,55,51,47,45,48,47,43,43,41,36,33,26,27,27,28,27,24,25,23,21,21,19,16,16,16,14,12,12,12,10,10,10,10,8,7,7,6,7,7,4,3,3,3,3,3,3,3,3,3,4,3,5,4,5,5,4,4,2,2,2,2,2,2,2,1,1,1,0,0,0,0,0,0,0,0,0,1,
57,38,37,31,27,30,33,42,46,45,42,43,47,56,55,61,73,80,92,102,99,110,133,158,161,171,183,192,183,196,207,217,217,217,226,232,259,264,272,278,276,288,276,267,268,294,290,288,291,300,322,332,327,332,341,347,343,347,322,323,332,349,348,355,334,330,337,334,329,318,323,317,332,330,313,303,313,311,309,315,310,291,295,292,300,297,286,281,276,256,251,248,259,263,243,236,238,229,230,214,205,196,202,202,182,190,189,179,173,163,145,141,141,142,141,128,126,131,125,125,115,115,117,108,110,103,103,96,95,90,91,81,82,80,72,78,76,68,67,56,54,47,51,49,55,54,58,56,53,54,53,51,49,49,47,47,44,43,47,47,41,42,44,41,36,40,42,42,37,40,38,39,37,35,30,32,31,32,34,34,29,29,27,25,25,25,24,23,23,21,21,27,29,25,28,30,23,23,28,23,24,25,26,23,26,24,24,19,17,17,17,15,16,15,13,12,11,12,12,14,12,12,11,10,9,8,7,8,9,10,8,8,7,6,6,3,3,3,1,1,1,
62,37,33,33,31,34,33,41,50,48,53,64,65,80,97,109,118,119,129,135,154,166,191,200,215,241,241,263,274,288,301,317,338,363,346,344,359,365,363,380,391,380,391,399,397,398,408,401,400,396,394,403,405,418,433,426,419,399,398,399,399,391,385,379,379,369,358,364,350,362,354,336,338,329,319,298,295,286,265,241,235,246,228,222,221,214,216,207,208,216,204,199,198,186,183,178,166,165,157,156,146,144,141,144,145,132,119,115,104,103,101,102,102,111,95,97,84,80,82,84,85,84,89,85,89,82,74,69,72,70,61,61,60,62,58,49,49,51,50,51,47,47,44,41,43,39,36,36,33,25,25,25,28,27,24,21,25,23,18,21,22,19,19,15,13,13,12,14,12,13,12,10,10,8,8,8,10,9,7,6,6,6,7,7,7,6,6,6,9,7,6,5,4,4,5,3,3,3,4,4,4,4,5,5,4,4,4,4,5,5,5,4,4,5,4,5,5,4,5,5,7,8,8,8,8,7,7,6,7,6,6,7,7,6,7,7,7,6,7,7,8,7,7,9,7,4,4,4,6,4,2,3,4,3,4,5,5,4,5,4,5,5,4,4,3,3,2,2,2,2,3,3,3,3,3,3,3,3,3,3,4,4,4,3,3,3,3,3,4,4,3,3,2,2,1,1,1,1,1,1,1,0,0,0,0,0,0,0,0,0,0,0,1,1,2,2,1,1,1,2,1,1,
57,38,32,29,28,32,33,31,37,39,41,49,53,60,63,71,70,79,81,86,92,96,109,102,101,111,139,141,141,136,144,164,177,199,183,212,218,234,237,254,264,268,298,294,308,311,326,333,331,347,349,369,375,371,363,360,374,369,364,352,361,349,363,360,368,372,348,365,376,363,352,356,343,347,329,319,314,302,295,299,290,294,299,305,296,286,290,301,294,294,286,273,254,243,245,241,241,233,223,221,228,213,205,193,193,202,196,188,188,191,193,186,180,172,176,163,158,158,159,147,149,157,144,139,139,143,139,136,137,131,125,109,108,104,107,103,97,99,93,92,89,88,84,83,82,77,78,73,68,67,68,63,64,55,49,48,43,42,43,47,47,41,38,34,30,29,27,26,25,27,25,24,23,20,19,16,16,13,12,12,12,12,12,11,12,13,9,8,8,8,6,6,7,6,5,4,3,3,3,2,3,2,3,2,2,2,1,1,1,1,1,1,1,1,1,1,1,2,2,2,2,2,1,1,1,1,1,1,1,1,1,1,1,1,1,1,1,1,
63,39,31,35,31,43,40,47,46,56,67,65,72,74,78,86,93,92,94,104,101,118,127,139,146,146,142,148,153,171,170,168,172,181,177,188,195,200,229,217,215,224,242,259,279,270,270,263,267,277,267,292,295,291,295,294,276,296,276,274,276,276,275,285,279,283,273,270,262,258,243,243,255,242,236,224,223,220,220,221,216,211,211,203,204,183,187,179,174,171,177,163,158,161,145,135,127,122,123,112,111,117,110,99,90,84,89,93,84,90,87,90,89,81,73,77,75,73,64,62,59,61,61,63,57,56,58,57,54,54,57,51,53,50,45,47,40,41,46,44,46,43,48,51,51,52,45,48,49,51,52,47,46,48,46,38,40,43,44,43,42,44,46,46,44,43,49,45,45,44,38,37,33,33,29,31,30,30,26,24,20,21,23,19,18,15,16,16,16,16,16,18,16,14,15,12,11,11,11,8,10,13,9,8,9,11,12,12,11,12,11,11,11,13,9,7,7,6,6,7,6,7,6,6,6,5,6,6,6,5,5,6,4,5,4,4,4,5,5,2,2,2,2,2,3,2,1,1,1,1,1,1,1,1,1,1,1,1,1,1,1,1,1,1,1,
55,41,38,37,41,37,46,51,48,55,56,67,69,76,86,92,95,107,124,125,120,154,162,179,178,184,211,231,247,257,275,292,308,319,325,332,338,363,394,396,420,421,428,448,457,463,462,451,455,451,461,453,469,466,473,485,473,499,486,474,476,469,478,450,447,454,457,458,456,466,468,441,425,428,436,435,428,413,402,391,388,362,361,352,346,337,325,304,292,294,275,260,256,246,246,223,210,195,189,186,181,183,179,178,165,157,151,156,156,145,137,130,124,118,113,106,104,92,87,85,79,74,68,72,64,62,63,54,57,61,52,51,48,44,43,37,40,39,39,39,36,38,33,32,32,35,31,27,25,26,27,28,28,25,28,27,26,20,21,19,18,14,11,11,11,12,13,12,11,12,12,11,12,9,10,10,11,11,9,8,8,8,7,7,7,7,7,7,7,6,6,6,5,3,2,2,1,1,0,0,0,0,0,0,0,0,0,0,0,0,0,0,0,0,0,0,0,0,0,0,0,0,0,0,0,0,0,0,0,0,0,0,0,0,0,0,0,0,0,0,0,0,0,0,0,0,0,0,0,0,0,0,0,0,0,0,0,0,0,0,0,0,0,0,0,0,0,0,0,0,0,0,0,0,0,0,0,0,0,0,0,0,0,0,0,0,0,0,0,0,0,0,0,0,0,0,0,0,0,0,0,0,0,0,0,0,0,0,0,0,0,0,0,0,0,0,0,0,0,0,0,0,0,0,0,0,0,0,0,0,0,0,0,0,
51,32,31,32,30,30,35,43,43,41,50,54,60,64,67,79,80,88,97,104,122,136,150,145,161,172,175,180,183,191,192,191,212,231,242,245,224,239,256,254,240,239,236,237,246,256,252,276,283,279,290,292,292,293,289,285,274,276,277,278,268,272,269,267,255,259,268,262,244,245,239,226,236,225,216,200,188,191,187,188,199,201,211,213,210,205,209,209,201,206,202,204,192,185,186,190,196,182,190,184,188,169,175,176,161,166,160,158,158,148,150,149,143,140,133,136,129,123,117,123,120,115,110,101,100,101,94,98,94,91,93,88,76,70,68,72,64,61,59,49,47,45,44,41,42,41,40,40,40,41,41,39,37,35,32,28,26,26,30,32,28,29,31,32,25,27,23,22,18,22,19,19,17,17,17,18,18,16,17,13,12,10,7,4,3,3,3,3,2,2,2,2,3,3,3,3,2,2,2,2,2,2,2,1,1,1,2,2,2,2,3,2,2,2,2,2,1,2,2,2,1,1,1,1,1,1,1,1,1,1,2,0,0,0,0,0,0,0,0,0,0,0,0,0,0,0,0,0,0,0,0,0,0,0,0,0,0,0,0,0,0,0,
52,38,36,32,29,32,35,35,36,48,49,52,58,66,63,77,84,92,108,138,131,147,157,165,164,170,185,190,206,209,212,216,232,236,233,235,241,245,241,243,259,256,242,268,264,271,269,280,282,281,272,284,289,289,282,277,276,273,264,264,259,255,269,276,263,272,261,256,254,252,253,246,247,248,243,233,225,215,208,199,194,189,177,178,173,178,181,186,169,175,180,178,178,163,174,168,154,146,152,150,141,134,131,123,120,118,111,96,95,94,88,84,78,71,74,70,69,69,66,60,59,59,55,57,55,54,52,52,46,51,50,45,45,42,44,46,44,43,40,43,41,38,28,26,29,28,23,20,19,19,21,16,13,14,12,11,8,8,6,7,7,8,7,4,4,5,4,4,4,4,4,6,6,6,6,7,7,6,5,6,5,5,5,5,5,3,2,2,2,2,2,2,2,2,1,2,2,2,2,2,2,2,1,1,1,1,0,0,0,0,0,0,0,0,0,0,0,0,0,0,0,0,0,0,0,0,0,0,0,0,0,0,0,0,0,0,0,0,0,0,0,0,0,0,0,0,0,0,0,0,0,0,0,0,
60,43,41,39,46,50,53,60,60,77,86,94,94,106,105,116,146,146,177,165,184,210,219,248,258,272,286,283,303,306,318,338,371,376,397,407,412,439,435,457,464,460,448,440,437,450,456,460,474,463,466,460,445,443,445,452,463,458,428,425,413,406,409,410,398,391,418,418,409,395,392,385,370,380,375,364,370,358,333,327,314,315,311,308,293,281,269,262,266,256,247,228,213,204,208,215,188,180,178,173,161,161,158,155,156,151,142,129,123,109,104,103,101,93,94,89,81,84,81,74,78,70,64,54,52,49,53,58,60,57,53,49,53,51,44,39,37,33,31,23,21,25,25,24,18,21,20,18,16,16,13,13,15,13,13,11,10,10,10,10,8,8,8,8,8,9,6,5,5,7,4,3,3,3,3,3,3,3,4,4,4,3,2,2,2,4,4,3,3,3,3,3,3,2,2,2,2,2,2,2,2,2,2,2,2,2,2,2,3,3,2,2,2,2,2,2,2,2,2,2,2,2,2,2,2,2,2,2,2,2,2,2,2,2,2,2,2,2,2,2,2,2,1,1,1,1,1,1,1,1,1,1,1,1,1,1,1,1,1,1,1,1,1,1,
59,38,33,35,31,37,43,54,52,51,59,66,69,78,75,88,90,91,111,128,136,148,158,161,176,188,183,183,188,200,207,229,226,244,256,262,278,270,275,294,289,304,306,315,313,325,345,339,354,364,351,344,355,354,364,364,374,391,380,375,379,363,379,390,385,385,401,409,416,423,396,374,367,355,319,320,296,290,316,302,298,276,263,239,235,220,229,220,220,206,192,178,179,171,165,162,155,149,139,132,131,126,128,121,114,106,98,90,77,77,71,65,61,61,60,59,52,47,50,47,45,41,36,34,33,30,26,26,25,25,23,23,21,19,21,20,16,13,12,12,14,13,13,12,12,8,8,7,6,6,7,6,5,6,5,5,7,6,6,6,5,5,5,3,2,1,1,0,0,0,1,1,0,0,0,0,0,0,0,0,0,0,0,0,0,0,0,0,0,0,0,0,0,0,0,0,0,0,0,0,0,0,0,0,0,0,0,0,0,0,0,0,0,0,0,0,0,0,0,0,0,0,0,0,0,0,0,0,
53,38,34,32,35,38,43,42,43,39,40,52,55,67,63,69,70,78,87,105,118,130,148,151,156,148,156,160,154,156,168,177,193,190,205,213,216,223,231,238,231,239,254,240,254,250,278,282,281,290,290,304,294,296,316,337,340,328,323,312,308,301,316,319,315,306,288,283,282,292,280,280,292,293,297,303,297,295,282,265,262,271,263,246,247,263,268,268,261,240,216,219,216,211,212,212,198,194,187,183,180,174,165,177,159,141,137,139,142,131,125,124,119,116,108,101,97,89,87,89,90,89,99,92,89,91,87,77,73,71,70,67,64,63,64,56,53,51,48,48,46,48,43,44,41,41,40,40,38,34,32,31,27,28,24,24,23,23,21,20,17,16,16,13,14,14,10,11,11,11,10,9,8,9,8,8,8,8,8,8,8,8,7,7,7,7,8,7,8,9,7,8,8,7,7,6,6,6,7,7,7,6,5,5,5,5,5,5,5,5,4,3,3,3,3,3,3,3,3,3,3,3,3,3,3,3,3,3,3,3,3,3,3,3,3,3,3,3,3,3,3,3,3,3,3,3,3,3,3,3,3,3,2,2,2,2,2,2,2,2,2,2,2,2,2,2,2,2,2,2,2,2,2,2,2,2,2,2,2,2,2,2,2,2,2,2,2,2,2,2,2,2,2,2,2,2,2,2,2,2,2,2,2,2,2,2,2,2,2,2,2,2,2,2,2,2,2,2,2,2,2,2,2,2,2,2,2,2,2,2,2,1,1,
58,47,41,44,55,53,55,60,64,66,72,80,89,96,103,98,108,130,141,160,171,190,207,214,239,226,248,279,290,303,325,330,348,367,383,377,389,387,381,397,399,421,403,406,417,406,405,413,425,433,453,470,475,448,455,466,443,440,430,453,441,430,402,416,406,392,391,392,394,406,393,398,386,390,380,363,367,362,342,343,318,314,290,274,278,267,262,249,244,227,222,228,222,214,207,206,210,201,195,186,176,169,162,164,163,151,145,137,132,128,118,115,117,113,104,97,93,90,85,87,84,75,73,73,67,68,67,62,59,46,41,40,40,38,39,37,36,33,30,32,34,31,30,25,23,22,23,22,20,19,17,16,13,14,15,15,15,17,17,17,14,11,10,9,9,9,9,7,6,5,5,5,7,7,4,4,3,3,2,2,2,2,2,3,2,2,2,2,3,4,3,2,2,2,2,2,2,2,2,2,1,1,1,1,2,2,1,1,1,1,1,1,1,1,1,1,1,1,2,2,2,2,1,2,2,1,1,1,1,1,1,0,0,0,0,0,0,0,0,0,0,0,0,0,0,0,0,0,0,0,0,0,0,0,0,0,0,0,0,0,0,0,0,0,0,0,0,0,0,0,0,0,0,0,0,0,0,0,0,0,0,
63,46,43,45,50,48,57,58,59,61,72,74,83,88,86,96,103,106,119,121,139,161,182,215,215,218,231,249,252,264,260,282,283,302,302,299,310,312,321,319,319,339,344,347,352,350,341,343,351,327,355,347,340,334,336,333,324,323,321,308,318,315,322,322,325,313,307,304,294,287,289,288,276,272,254,261,262,262,264,250,238,232,230,231,229,219,224,206,201,218,224,208,201,196,196,186,200,201,204,195,180,188,187,186,162,167,166,170,164,147,145,143,137,126,117,113,113,114,110,110,112,111,108,100,96,98,87,85,83,88,92,84,88,83,70,65,66,67,65,64,58,60,54,55,55,55,55,44,47,46,44,43,42,40,41,42,44,45,43,44,38,35,31,31,33,33,32,29,30,31,27,25,25,27,25,27,24,26,23,22,21,22,24,26,29,30,29,29,29,28,24,21,19,22,21,21,23,21,18,19,24,20,19,21,22,26,20,20,19,18,20,20,18,20,22,21,20,18,21,17,20,19,20,14,14,12,11,13,14,12,12,13,14,13,13,13,11,11,13,13,13,12,9,7,7,7,6,6,6,4,3,2,2,2,3,3,2,2,2,2,2,2,2,2,2,3,3,2,2,1,1,2,2,2,2,1,1,1,1,1,1,1,1,1,1,1,1,1,1,1,1,1,1,1,1,1,1,1,1,1,1,1,1,1,1,1,1,1,1,1,1,1,1,1,1,1,1,1,1,1,1,1,1,1,1,1,1,1,1,1,1,1,1,1,
61,51,43,44,56,59,64,70,70,75,91,90,101,116,139,154,161,170,189,210,229,241,263,270,276,281,293,307,306,331,363,371,394,388,391,414,390,413,418,417,427,433,432,428,414,429,425,409,392,376,387,392,407,395,394,389,368,393,398,393,393,405,392,391,376,357,369,380,389,394,384,387,380,368,356,363,360,342,351,343,345,330,328,328,336,321,316,297,293,288,274,254,252,253,261,249,236,225,209,193,197,192,173,174,157,144,143,135,134,129,134,135,142,148,136,129,128,124,119,119,110,103,97,97,97,92,93,86,89,85,79,78,70,68,72,69,68,60,59,63,65,57,52,56,57,54,60,60,50,51,45,43,38,35,35,28,26,27,27,27,24,27,22,19,19,20,20,20,19,16,16,16,14,15,12,13,17,14,12,13,12,13,13,14,11,8,7,7,6,7,8,8,9,9,9,7,6,6,5,4,4,3,3,2,2,1,1,1,1,1,1,1,1,1,1,1,1,1,1,1,1,1,1,1,1,1,1,1,1,1,1,1,1,1,1,1,1,1,1,1,1,
52,31,23,19,17,23,26,25,27,25,23,28,30,28,39,41,46,52,58,64,71,84,81,91,95,97,94,90,92,96,105,110,117,122,133,131,136,142,158,169,177,171,171,163,175,187,197,200,212,225,223,226,230,257,258,257,265,273,283,292,290,278,279,305,288,306,281,291,313,315,301,316,310,291,286,281,298,301,295,284,279,282,291,288,277,276,255,247,223,208,203,197,205,201,209,202,200,189,184,186,172,162,159,159,155,146,138,132,126,120,123,130,125,120,116,112,111,106,95,97,88,89,84,79,89,92,93,91,85,76,69,71,67,67,59,56,55,55,55,49,43,44,39,41,42,36,35,32,36,38,41,38,41,34,32,34,34,31,29,27,25,30,26,25,24,26,23,23,21,15,13,14,11,11,13,11,10,10,9,9,11,9,7,7,5,5,5,6,5,5,7,7,7,7,7,7,7,7,7,7,7,6,5,4,5,3,4,3,2,2,1,2,3,3,2,2,1,1,1,1,1,1,1,1,1,1,1,1,1,1,1,1,0,0,0,0,0,0,
50,35,30,21,26,23,30,29,37,39,39,44,45,50,59,58,60,64,57,63,78,89,98,102,109,117,123,131,140,143,149,141,159,164,176,191,190,202,202,196,205,211,230,236,251,251,272,274,277,269,259,262,253,261,259,260,265,277,270,272,262,251,246,243,255,261,252,249,248,236,238,236,232,220,222,208,205,208,207,201,195,199,195,189,196,184,169,159,154,149,142,134,132,133,127,123,117,107,110,104,89,91,88,89,83,81,84,86,76,75,69,66,71,65,62,61,59,58,59,55,51,42,44,39,36,39,41,38,38,36,34,35,32,30,29,29,34,37,36,34,34,37,38,38,39,35,30,28,26,30,27,25,28,25,19,18,16,17,21,23,24,23,25,23,20,24,25,26,31,27,32,27,29,28,34,38,34,38,38,37,38,38,37,37,40,36,42,40,47,42,39,40,32,30,26,30,25,25,20,18,15,18,18,20,20,22,16,17,15,15,13,17,18,16,13,13,13,10,8,9,8,10,8,5,5,5,5,5,5,5,4,5,6,6,5,5,5,5,5,6,3,2,2,2,1,2,2,3,3,2,2,2,1,1,1,1,1,1,1,1,1,1,1,1,1,1,0,0,0,0,0,0,1,1,1,1,1,0,0,0,
57,37,26,29,40,41,36,40,43,48,58,59,60,64,70,72,81,92,101,109,116,125,136,132,143,144,155,156,162,174,181,209,213,229,248,248,267,284,287,297,301,321,341,363,363,364,371,383,395,383,399,426,434,450,442,430,417,411,398,390,389,366,369,355,364,364,357,361,361,343,327,320,321,338,325,319,312,300,285,282,273,268,263,255,256,248,235,217,209,205,200,192,180,172,172,175,174,159,152,145,139,149,141,137,133,141,130,126,117,109,113,105,103,97,93,93,86,88,85,79,70,69,67,61,61,65,62,61,57,58,61,57,54,51,50,51,47,52,52,48,45,47,48,48,45,42,37,32,33,32,29,31,25,24,24,23,22,24,16,17,18,21,22,23,23,21,18,18,17,14,13,13,13,13,12,14,11,12,11,10,10,11,12,12,13,12,10,9,10,11,9,7,6,5,6,9,8,7,8,8,9,10,14,13,13,12,12,11,8,10,12,12,10,10,9,8,9,9,9,9,9,9,9,8,9,8,8,8,6,6,3,4,3,3,2,3,1,1,2,0,0,0,0,1,1,1,1,0,0,1,1,1,1,1,1,1,1,
59,40,30,30,36,37,44,44,44,49,59,68,73,91,90,95,97,100,116,118,136,144,155,155,170,178,198,197,194,198,225,228,233,245,262,268,277,291,310,323,328,317,322,326,344,336,358,322,329,324,320,343,342,321,325,336,337,344,350,327,334,345,357,344,351,355,353,352,327,311,315,314,313,318,311,293,290,312,295,285,274,267,255,252,256,241,247,241,223,218,217,224,220,218,211,201,187,178,181,173,168,160,151,142,142,143,137,134,132,130,127,128,124,133,127,122,122,112,115,118,107,94,91,85,83,81,78,65,64,67,67,62,63,65,65,62,59,57,54,46,43,42,41,38,39,37,33,31,29,30,26,25,26,25,22,21,19,21,24,22,23,22,19,19,20,19,14,14,14,15,14,13,14,14,14,14,12,12,10,8,8,8,7,9,7,6,6,4,4,4,5,3,1,1,1,1,0,0,0,0,0,1,1,1,1,
52,34,32,32,36,36,41,44,48,55,59,62,61,62,74,82,94,111,124,124,142,161,168,181,169,177,196,215,221,226,245,256,266,266,277,294,303,315,344,348,358,372,367,382,382,389,410,398,399,404,422,424,409,422,427,434,423,434,440,435,423,431,412,421,391,394,374,372,379,381,354,345,340,345,354,339,338,347,343,332,320,319,307,300,274,272,257,257,244,246,252,264,256,264,270,260,263,253,247,223,210,208,191,193,190,187,180,172,173,165,146,140,146,138,129,125,125,119,117,106,96,94,92,89,93,94,87,83,74,74,70,70,72,64,58,53,50,49,49,52,49,44,43,39,40,42,38,38,34,32,31,27,27,25,24,23,22,23,22,19,24,22,21,22,18,15,16,17,17,17,18,18,19,16,15,13,13,13,12,10,9,10,9,9,8,10,8,5,4,3,1,2,0,0,0,0,0,1,1,1,1,1,0,1,1,1,1,1,1,1,1,0,0,0,0,
63,50,47,47,57,53,62,75,74,80,83,92,110,108,126,138,147,157,167,180,197,225,235,234,240,249,266,272,285,285,324,331,350,335,354,348,387,385,359,373,379,380,385,395,414,427,435,440,444,438,446,425,422,407,413,403,411,408,412,399,404,392,410,397,402,400,386,368,377,369,360,345,337,330,327,331,321,325,313,321,309,310,306,296,292,285,261,257,238,234,224,243,231,221,221,220,216,215,206,192,185,190,173,174,186,175,167,140,135,135,129,136,132,128,123,117,112,112,102,101,103,100,94,88,85,81,77,70,67,64,67,67,65,64,50,46,46,45,44,38,37,36,34,31,29,33,28,28,25,25,26,24,26,26,25,23,20,21,21,18,18,18,17,17,16,14,12,12,11,9,8,8,7,6,5,5,5,4,4,5,4,6,7,6,6,4,3,4,4,3,5,5,4,4,4,4,4,4,3,3,3,4,3,3,3,3,3,2,2,2,2,2,2,2,2,2,2,2,2,2,3,2,2,2,2,3,3,2,1,
43,32,35,34,40,39,39,44,51,57,67,79,79,84,94,106,101,124,131,143,156,175,187,195,202,214,232,244,231,251,268,267,268,289,288,306,300,299,314,309,320,317,331,315,314,333,353,353,337,331,334,319,329,338,328,322,290,291,276,280,273,265,278,270,260,267,259,248,235,230,224,224,224,216,211,210,201,195,202,207,200,187,178,180,169,165,165,163,153,154,147,150,151,147,132,130,125,121,116,115,108,98,90,88,90,86,84,80,78,79,72,68,65,63,68,60,62,65,58,52,50,51,50,51,49,53,48,47,49,51,47,43,44,39,39,36,36,34,32,30,34,35,33,30,33,32,31,30,30,28,25,24,26,25,23,26,18,18,18,19,18,19,18,16,15,13,12,10,10,13,9,10,10,10,10,12,10,10,9,10,10,10,10,11,11,11,11,9,7,8,8,7,10,10,10,10,9,7,6,6,6,5,5,3,4,3,2,2,3,2,2,2,2,2,2,2,2,3,4,4,3,3,3,3,2,1,1,1,1,1,1,1,1,1,1,1,1,1,1,1,1,1,1,2,1,
55,44,36,40,39,34,50,46,54,58,68,72,76,82,91,103,108,111,131,137,150,154,159,159,178,204,203,209,212,214,242,250,234,244,248,269,268,284,305,303,317,331,341,347,342,346,355,367,377,377,380,408,413,440,428,441,436,440,433,435,441,428,417,408,397,381,383,374,366,364,358,345,352,362,346,344,344,326,321,315,290,308,297,278,279,276,258,262,252,244,244,228,232,230,225,224,220,220,214,206,205,187,176,175,171,157,167,175,156,147,141,141,137,133,130,135,120,115,105,97,94,90,85,80,82,79,74,73,64,58,54,54,52,52,51,52,49,47,45,51,45,40,40,41,35,32,28,25,22,25,24,29,27,26,26,22,19,21,20,19,18,13,14,17,15,18,19,21,17,18,16,13,13,12,11,12,8,7,7,7,6,6,6,7,7,7,7,6,6,6,7,6,6,5,5,5,5,4,3,3,3,3,3,2,2,2,2,2,2,2,2,3,3,3,2,1,1,1,1,1,1,1,1,
60,44,41,35,30,37,42,44,49,52,61,64,72,76,87,101,114,131,135,151,179,192,197,205,207,221,248,262,284,301,307,290,318,314,324,333,354,343,360,367,376,393,399,408,426,417,416,410,407,414,416,405,417,447,433,432,428,418,402,386,380,394,383,382,387,396,385,361,360,363,354,355,338,310,304,286,280,259,256,258,238,232,234,229,210,212,207,205,193,192,183,177,177,182,184,181,167,173,162,152,148,146,138,130,121,130,123,116,111,102,95,97,90,89,83,84,77,83,80,82,76,73,70,69,67,67,65,66,57,57,60,56,51,52,55,58,54,48,48,42,41,39,42,36,34,36,32,31,21,23,21,19,19,21,19,24,24,23,22,18,19,16,15,13,9,8,8,8,8,9,7,8,7,8,11,14,12,10,10,9,10,10,11,12,10,9,7,8,8,6,6,5,4,4,5,5,5,5,5,4,4,3,3,3,2,2,2,1,1,1,1,0,0,0,0,0,0,1,1,1,1,1,1,1,1,0,0,0,0,0,0,0,0,0,0,0,0,0,0,0,0,0,0,0,0,0,0,0,0,0,0,0,0,0,0,0,0,0,0,0,
53,32,34,31,35,28,30,35,41,47,49,53,55,53,69,70,72,78,77,84,99,109,117,129,129,137,135,154,154,159,164,167,176,201,224,230,240,259,257,259,265,267,262,250,276,299,323,327,316,320,324,316,329,318,326,325,333,331,322,318,325,313,310,305,314,316,287,288,296,283,291,278,277,275,283,294,279,278,274,270,263,259,261,269,262,262,252,244,226,221,212,193,191,198,203,188,179,187,176,180,172,165,160,159,159,153,153,147,140,126,131,116,107,103,105,107,103,99,89,82,77,79,76,74,77,67,63,62,60,53,47,48,45,46,41,39,34,32,30,30,31,30,28,27,25,25,24,26,22,21,20,20,19,20,18,19,18,15,14,15,15,13,14,11,13,11,7,8,6,5,5,5,5,4,5,5,4,4,4,3,3,4,2,2,2,2,2,2,2,2,2,2,2,2,2,2,2,2,1,1,1,1,1,1,1,1,1,1,1,1,1,1,1,1,1,1,1,1,1,1,1,1,1,1,1,1,1,1,1,1,1,1,1,1,1,1,1,1,1,1,1,1,1,1,1,1,1,1,1,1,1,1,
62,50,47,48,52,52,59,53,60,67,74,79,92,109,118,127,131,151,180,191,206,207,215,221,230,241,263,263,263,286,297,322,325,312,345,355,361,378,412,426,427,431,440,452,447,441,460,457,476,469,453,444,426,446,450,419,419,441,426,400,406,401,394,389,392,385,386,391,371,382,370,342,337,332,328,315,302,273,272,266,265,236,237,228,226,226,229,215,207,193,183,176,166,152,157,153,142,140,140,131,120,112,119,107,95,91,84,83,83,76,69,77,69,62,58,56,53,50,51,54,49,53,48,43,46,45,40,40,31,32,27,27,23,26,24,25,22,22,21,21,19,23,24,23,21,19,18,16,16,16,13,14,16,14,14,10,12,11,10,9,9,7,6,8,7,6,6,5,5,4,4,3,3,4,4,3,3,3,3,1,1,1,1,1,1,1,1,1,1,0,0,0,1,0,0,0,0,0,0,0,0,0,0,0,
64,41,35,34,37,38,44,54,51,60,70,76,86,86,97,105,114,127,120,127,146,151,159,162,173,185,212,223,223,222,243,252,255,261,285,285,276,289,283,279,290,299,303,304,306,293,309,301,309,305,317,301,302,305,303,307,309,305,277,277,279,266,257,259,269,275,263,258,261,257,262,262,255,246,250,245,240,249,236,227,218,210,212,236,223,215,215,212,210,214,220,219,215,206,209,210,190,191,187,187,175,162,171,172,179,179,166,163,148,154,147,145,143,137,131,121,119,103,97,92,91,83,81,79,76,74,75,73,73,75,69,67,64,65,59,61,59,57,52,48,43,46,39,42,40,38,38,33,33,28,31,29,26,25,24,23,19,22,21,18,18,17,17,17,16,15,13,13,12,14,15,16,12,12,9,9,8,9,10,8,7,7,7,7,7,8,8,7,7,7,7,7,7,7,10,10,11,10,7,7,6,6,6,5,4,4,3,3,3,3,3,3,3,3,4,4,4,4,4,4,4,4,4,3,2,2,2,1,1,1,1,1,1,1,1,1,1,1,1,1,1,1,1,1,1,1,1,1,1,1,1,1,1,1,1,1,1,1,1,1,1,1,1,1,1,1,1,1,1,1,1,1,1,1,1,1,1,1,1,1,1,1,1,1,1,1,1,1,1,1,1,1,1,1,1,1,1,1,
64,42,42,40,41,36,35,35,37,37,43,43,45,60,69,75,85,86,96,108,120,131,145,150,148,166,175,195,196,211,219,228,245,248,258,268,292,312,308,310,295,317,304,315,337,353,370,369,379,378,381,368,365,365,369,359,359,353,353,360,370,379,366,366,364,366,351,348,337,351,359,354,344,338,320,338,331,332,323,317,320,320,328,331,331,318,314,311,306,281,258,254,251,233,233,223,212,216,213,209,206,202,204,202,191,183,185,178,170,164,141,141,141,135,132,117,112,113,105,101,95,90,92,87,78,78,73,66,64,74,67,64,63,66,60,60,66,65,60,56,53,50,52,43,44,38,34,34,36,36,34,32,31,27,27,28,23,21,22,22,21,19,18,17,17,17,17,18,16,14,15,15,17,19,16,13,13,13,12,13,13,13,14,13,13,11,11,13,13,13,11,12,10,11,9,10,9,7,7,9,7,7,8,7,10,10,10,12,11,11,11,12,11,12,11,10,11,11,10,11,11,14,13,9,10,13,12,13,13,13,13,17,17,14,14,12,12,12,9,10,8,6,8,8,8,8,7,7,7,6,5,4,5,6,5,4,5,7,7,7,6,4,3,3,3,3,3,3,2,2,2,2,3,3,3,3,4,3,3,3,2,2,3,2,2,2,1,1,1,1,1,1,1,1,1,1,1,1,1,1,1,1,1,2,2,2,2,1,1,1,0,0,0,0,0,0,0,0,0,0,0,0,0,0,0,0,0,0,0,0,0,0,0,0,0,0,0,0,0,0,0,0,0,0,0,0,0,0,0,0,0,0,0,0,0,0,0,0,0,0,0,0,0,0,0,0,0,0,0,0,0,0,
60,43,39,39,41,44,47,50,49,51,59,75,74,81,100,105,106,116,121,137,151,163,183,187,175,189,208,221,225,238,233,244,269,277,282,294,272,275,291,288,290,295,294,291,300,307,315,299,293,287,297,296,296,306,298,293,296,287,293,283,282,263,255,251,254,248,244,244,241,225,220,215,219,226,212,208,207,205,208,204,196,193,192,185,185,188,178,183,174,177,164,168,159,160,154,157,151,138,139,140,144,142,138,133,121,118,119,115,115,111,102,109,98,99,102,109,111,121,121,127,114,116,116,111,112,111,107,98,97,94,97,101,105,99,93,103,97,93,92,94,90,81,80,83,83,78,72,65,63,63,62,54,48,49,49,46,40,41,45,47,47,43,37,38,31,32,34,34,31,29,28,26,26,20,19,21,22,19,20,17,20,18,15,15,15,13,11,13,14,11,9,11,9,11,11,10,9,6,9,8,9,7,6,9,7,6,6,6,6,6,6,5,5,6,6,4,4,4,3,3,3,4,3,3,3,3,3,3,2,3,1,1,1,1,1,1,2,2,1,1,1,1,2,2,2,
56,37,39,37,41,42,40,53,57,55,68,77,76,87,104,113,121,128,140,142,170,177,197,205,221,241,259,281,290,297,309,325,327,328,349,371,355,363,389,401,428,452,465,447,454,453,480,462,479,484,486,486,466,489,469,476,465,464,471,466,470,477,458,427,434,433,424,426,414,400,403,399,383,365,357,365,339,350,349,349,337,330,321,303,291,273,275,267,262,250,248,236,238,232,213,207,197,174,164,165,159,141,139,136,126,121,118,117,113,99,93,84,79,81,79,82,79,74,69,70,70,63,60,59,56,56,50,49,45,44,45,49,48,46,41,40,39,35,34,33,31,28,26,25,24,25,23,21,19,17,17,14,15,16,12,12,12,14,13,13,11,10,11,9,8,10,10,8,7,6,6,7,7,7,6,5,6,4,5,4,3,3,3,3,3,2,2,3,2,2,2,2,2,2,2,2,2,2,2,1,2,1,1,1,1,0,0,1,1,1,1,
61,43,37,35,34,35,48,51,60,60,68,62,69,79,83,82,98,105,109,118,128,138,148,162,171,182,193,221,213,245,250,255,243,263,280,271,279,300,322,331,350,369,391,361,367,357,371,383,364,367,369,366,368,370,381,392,387,381,389,383,402,392,400,417,409,391,391,385,383,369,370,356,339,340,336,320,301,296,292,272,265,259,243,225,222,214,211,197,201,187,178,165,161,152,138,132,138,139,128,120,116,118,117,105,102,95,94,83,77,75,74,72,70,68,63,59,59,57,58,57,50,51,54,49,45,40,37,34,35,32,37,33,30,30,29,28,26,25,28,27,27,22,20,21,23,23,21,19,17,16,14,15,14,14,14,16,17,15,15,17,15,14,14,11,9,11,11,10,10,7,7,8,8,9,8,9,9,9,8,7,5,5,3,5,5,4,3,4,3,3,3,2,2,2,2,1,1,1,0,0,0,0,0,0,0,0,0,0,0,0,0,0,0,0,0,0,0,0,0,
59,34,30,35,40,34,32,36,35,34,44,55,61,66,70,78,94,96,97,115,122,139,155,163,176,173,179,192,204,199,212,223,244,250,251,255,253,257,271,276,296,308,305,330,342,358,353,345,339,339,341,373,389,391,398,406,397,396,395,377,392,381,366,360,348,351,355,343,354,357,348,328,323,306,303,300,288,293,285,283,290,307,301,287,279,270,258,257,248,242,233,230,220,215,197,200,187,180,175,169,179,172,169,168,158,158,155,150,144,145,144,136,123,125,122,119,112,105,110,99,95,84,80,83,82,82,82,84,84,84,80,78,77,79,77,74,66,61,64,61,62,62,57,51,47,48,46,41,39,37,33,34,30,31,34,29,29,31,29,28,25,21,16,15,16,14,16,14,15,12,11,11,9,9,7,6,4,4,4,4,4,3,3,1,1,1,1,1,1,1,1,1,1,1,1,1,1,1,1,1,1,1,1,1,1,1,1,1,1,1,1,1,1,1,1,1,1,1,1,1,1,1,1,1,1,1,1,1,1,1,1,1,1,1,1,1,1,1,1,1,1,1,
60,45,40,39,42,42,49,43,52,60,69,74,81,91,98,111,112,123,125,138,158,179,190,211,215,225,231,255,273,283,289,321,317,333,351,359,368,378,392,385,404,417,440,444,443,430,450,460,468,465,457,478,471,472,470,466,476,479,457,460,450,438,437,430,412,407,388,393,402,396,391,381,376,366,344,348,341,324,325,308,303,289,272,269,253,253,235,235,226,221,222,200,200,209,204,197,182,165,153,152,142,128,140,140,133,122,119,119,118,114,106,100,103,95,85,78,77,73,68,69,62,64,63,59,54,55,53,46,43,41,39,37,35,33,29,27,27,28,27,26,27,24,22,21,20,18,17,15,18,14,16,17,18,15,15,13,11,8,8,7,10,11,12,11,10,10,10,8,7,7,6,7,6,6,5,5,5,5,5,3,3,2,2,2,2,3,3,3,2,2,2,2,2,3,3,3,2,2,3,2,2,2,2,1,1,1,1,1,2,1,0,0,1,
58,40,36,31,37,43,40,42,41,38,42,45,43,55,60,66,76,95,100,103,113,126,134,130,148,160,167,186,187,185,183,199,204,212,220,247,244,252,237,233,233,252,258,279,284,277,280,280,297,308,313,329,327,342,332,351,376,365,378,385,376,379,391,406,405,396,400,392,375,361,353,356,349,348,354,348,348,324,324,315,309,299,310,299,305,321,314,307,292,291,301,293,303,282,274,270,253,249,246,243,242,239,236,226,222,215,202,201,199,189,171,158,155,148,140,141,135,127,117,117,99,98,96,93,97,90,89,78,81,81,81,76,71,69,69,63,58,58,56,52,54,57,54,48,42,38,33,28,28,31,31,30,29,31,31,28,31,27,25,26,27,23,23,21,21,21,19,17,12,14,16,17,17,17,17,15,14,12,11,11,9,9,10,8,8,6,6,6,7,7,7,8,8,7,6,6,6,5,6,3,3,4,5,4,3,3,3,2,2,2,2,1,1,1,1,1,1,1,1,
57,34,25,23,21,26,29,28,30,40,38,38,43,44,52,56,54,58,63,59,57,69,79,83,96,105,120,112,119,129,125,126,131,140,142,140,146,145,150,168,175,185,183,181,185,189,203,211,209,209,213,225,217,222,219,215,214,232,222,225,218,217,216,222,229,229,243,234,229,228,230,232,233,228,231,215,235,239,249,238,247,233,227,212,210,218,208,211,208,196,193,174,176,171,167,165,154,148,151,159,149,148,141,137,137,130,122,121,126,113,106,109,114,113,110,111,100,99,98,95,91,89,91,93,88,85,77,76,78,79,75,73,71,69,66,63,63,61,69,62,55,56,53,50,48,42,43,39,39,40,37,40,37,35,36,32,27,28,28,26,26,24,25,24,22,22,21,22,23,20,19,15,18,16,13,13,13,18,18,14,16,14,15,15,13,17,14,15,14,15,15,15,13,11,13,14,11,10,9,9,9,11,12,14,12,14,13,14,12,12,13,11,10,12,13,9,8,12,11,10,13,10,13,13,13,9,8,10,9,8,6,7,6,5,6,6,6,5,4,4,3,3,2,3,3,3,3,4,4,4,4,4,3,2,2,2,2,2,1,1,1,1,1,1,1,1,1,1,1,1,1,1,2,2,1,1,1,1,1,
55,48,41,39,40,50,57,60,59,55,68,77,83,102,118,125,134,153,170,188,216,222,233,260,263,265,288,295,296,317,329,335,360,375,399,402,407,419,422,429,443,456,467,483,491,499,515,500,507,504,498,498,501,516,522,527,524,545,530,526,526,512,498,485,481,474,455,441,432,430,414,417,410,399,390,376,371,353,340,350,334,334,341,332,318,311,310,311,308,293,297,294,279,277,270,271,263,244,242,235,225,210,205,198,197,191,201,183,170,159,158,158,157,157,150,143,135,123,125,116,107,108,104,95,95,92,84,73,71,66,64,62,66,60,59,60,49,46,46,43,43,44,44,48,44,41,39,38,35,31,28,26,25,23,22,16,18,17,16,18,17,16,13,12,14,13,11,8,6,6,5,4,8,7,7,7,6,7,5,4,6,6,6,6,6,5,7,7,4,4,4,4,4,5,4,3,4,4,6,6,5,5,3,4,4,2,2,3,3,4,3,3,3,2,3,2,1,1,
55,35,34,36,35,38,34,32,48,58,49,48,55,57,64,67,65,75,75,87,92,97,111,120,140,144,147,160,166,165,163,172,174,174,169,167,178,185,204,225,226,221,221,232,249,251,264,266,262,268,271,289,294,312,292,312,325,328,345,339,320,342,322,318,335,334,321,319,319,340,355,355,350,342,338,330,326,324,318,322,323,309,317,300,307,316,307,310,292,307,302,291,279,262,253,267,256,253,252,241,242,246,237,237,233,226,223,227,227,213,217,210,205,201,200,199,209,199,193,184,176,171,170,159,158,163,148,149,144,152,157,150,143,144,138,141,135,137,134,134,129,123,121,113,102,104,108,104,92,87,82,83,82,79,76,71,69,63,63,60,55,45,43,45,40,37,34,35,30,28,31,26,24,21,20,18,18,17,19,20,18,15,16,15,15,15,16,14,12,11,11,11,12,11,8,7,6,6,7,7,8,6,5,4,3,3,3,3,4,5,3,2,1,1,
65,48,39,40,38,44,46,46,50,57,58,67,79,73,86,82,87,94,108,128,138,162,173,170,167,173,180,205,216,229,241,248,261,274,284,314,302,318,315,339,319,325,357,371,370,366,376,378,368,390,380,384,387,392,395,385,388,388,387,393,399,397,374,379,389,374,380,375,373,356,362,354,343,326,313,307,292,293,293,261,262,254,251,255,236,223,218,213,192,186,186,176,170,157,154,148,139,130,131,126,119,121,110,100,99,94,90,83,82,78,83,74,67,58,57,51,52,48,41,41,41,45,43,39,41,43,41,38,31,29,24,25,24,25,24,24,24,21,18,21,21,19,18,17,18,17,15,13,15,14,12,12,15,12,11,11,8,7,8,8,6,6,5,4,4,4,4,4,4,4,4,4,4,3,3,3,3,3,2,2,3,2,2,2,3,3,4,3,2,2,2,2,2,2,1,1,1,1,1,1,1,1,1,2,1,1,1,1,1,1,1,1,1,
56,35,31,31,24,29,37,42,49,55,52,53,62,69,83,84,95,111,114,125,142,154,149,161,163,168,169,187,207,237,238,250,247,247,255,274,275,281,290,300,312,317,325,325,334,345,355,360,351,355,363,386,394,406,407,400,406,407,401,400,409,396,402,393,374,375,381,370,373,357,359,356,353,349,355,341,331,316,311,301,301,301,288,287,282,269,258,251,244,254,259,245,239,230,223,218,204,194,189,194,187,195,190,177,169,164,165,153,156,155,142,131,121,118,114,107,105,102,96,100,104,99,91,93,92,80,79,72,66,59,55,51,49,51,52,52,47,53,50,50,49,49,44,44,41,37,40,36,31,29,26,30,31,32,32,31,29,28,24,24,21,18,20,18,18,19,17,16,17,16,16,17,19,18,17,18,18,16,16,13,13,12,11,15,15,16,12,10,8,7,7,7,8,7,7,6,6,5,6,5,5,5,6,6,6,5,5,5,5,5,5,4,3,2,2,2,2,2,2,2,2,2,2,2,3,2,2,2,2,1,1,1,1,1,1,1,1,
61,41,41,41,44,48,47,55,66,71,72,73,83,91,101,110,126,132,141,154,169,176,197,204,227,219,228,233,233,233,247,255,264,284,277,287,281,281,293,316,330,351,361,366,370,404,410,408,400,406,397,406,407,428,431,440,439,455,453,441,433,451,436,429,423,428,425,428,412,394,392,391,384,380,375,379,376,381,368,360,365,369,345,346,351,342,313,315,314,280,273,291,281,271,253,250,260,254,261,260,245,237,237,236,227,234,216,218,203,197,188,183,169,157,158,152,143,145,135,136,127,127,124,127,117,119,111,104,96,90,74,70,68,67,67,67,66,68,62,56,59,56,57,49,47,48,48,47,42,39,38,35,36,37,37,35,29,23,26,22,23,22,22,22,19,19,20,20,18,17,14,15,13,12,10,9,9,7,7,8,9,10,9,8,6,6,8,8,6,4,4,4,3,4,3,3,4,4,3,3,4,3,3,2,1,1,2,2,2,2,2,2,2,2,3,2,2,2,3,2,1,1,1,1,1,1,1,1,
62,36,30,22,23,29,32,32,29,32,35,34,36,42,46,58,53,56,59,64,77,83,96,103,110,107,113,120,124,118,138,143,157,162,175,181,194,206,226,230,234,244,258,257,272,277,281,278,303,325,318,311,328,317,332,345,347,341,339,343,325,324,301,292,282,270,265,266,264,249,257,250,245,234,234,224,232,229,209,196,185,190,191,186,175,161,163,159,158,147,144,132,128,126,119,119,112,104,103,101,105,94,89,85,79,76,70,72,69,66,61,58,58,52,54,58,57,55,52,55,52,45,46,44,42,37,35,34,30,27,28,25,23,20,18,14,13,12,14,14,14,14,12,12,14,13,9,9,7,6,7,6,6,7,6,5,8,7,5,5,4,4,4,5,5,5,7,5,3,3,2,2,2,2,4,5,5,4,3,2,2,2,1,1,1,1,1,1,1,1,1,1,1,1,1,2,2,2,2,2,1,1,1,1,1,1,1,1,1,1,1,1,1,1,1,1,1,1,1,1,1,1,1,1,1,1,1,1,1,1,0,0,0,0,0,0,0,0,0,0,0,0,0,0,0,0,0,0,0,0,0,0,0,0,0,0,0,0,0,0,0,0,0,0,0,0,0,0,0,0,0,0,0,0,0,0,0,0,0,0,0,0,0,0,
63,37,28,25,25,29,32,41,57,55,54,56,58,64,71,72,81,80,85,90,83,107,101,107,116,123,125,133,123,134,146,160,167,169,173,171,178,192,206,208,207,210,216,223,233,244,233,230,251,248,252,243,228,249,250,250,232,226,250,245,242,248,260,250,242,256,254,248,247,244,244,242,249,244,223,221,215,204,195,193,188,170,175,163,162,155,152,144,151,158,155,158,157,156,145,146,141,130,125,123,110,96,93,84,81,87,84,74,67,64,65,63,58,55,51,50,50,47,48,46,45,42,43,35,37,35,35,32,33,34,32,29,32,24,24,25,23,24,21,20,19,24,23,22,18,18,15,13,15,13,13,13,14,14,14,15,12,12,10,10,11,9,9,8,9,9,8,5,3,3,3,1,1,1,1,0,0,0,0,0,0,0,0,0,0,0,0,0,0,0,0,0,0,0,0,0,0,0,0,0,1,0,0,0,0,0,0,0,0,0,0,0,0,0,0,0,0,0,0,0,0,0,0,0,0,0,0,0,0,0,0,0,0,0,0,0,0,0,0,0,0,0,0,0,0,0,0,0,0,0,0,0,0,0,0,0,0,0,0,0,0,0,
56,39,33,40,32,32,41,39,38,39,43,50,60,63,65,67,87,89,100,115,110,132,141,165,165,181,200,209,234,257,263,274,258,272,296,283,286,294,322,311,324,327,324,352,343,353,376,361,376,380,382,386,402,393,407,414,393,388,383,368,378,369,352,350,340,327,322,314,310,299,300,302,296,283,277,271,270,261,246,247,244,241,239,238,226,214,206,203,194,204,195,186,185,183,173,163,163,163,155,152,154,160,141,138,132,120,121,119,114,110,107,105,96,93,84,81,78,73,78,83,82,75,71,69,67,71,64,65,53,50,52,51,50,51,52,46,42,38,38,35,35,32,29,25,25,26,24,26,24,24,22,22,21,22,20,18,19,18,15,14,14,15,12,12,12,12,10,11,11,9,8,10,11,11,12,10,8,8,8,6,2,2,2,3,3,3,3,2,3,2,3,4,4,3,1,1,1,1,1,1,1,2,2,2,1,1,1,1,
60,49,38,43,40,46,50,49,49,54,53,58,66,73,84,90,98,111,128,141,163,186,190,202,217,224,236,256,256,277,291,309,339,343,359,358,382,394,418,412,406,424,430,442,456,455,444,431,444,455,457,459,460,464,454,445,454,440,429,389,375,381,369,364,369,371,368,363,356,331,301,314,315,308,288,281,281,268,266,253,254,262,267,249,257,247,236,230,221,226,219,217,214,194,199,186,181,174,160,167,160,156,145,133,139,125,114,106,102,98,94,94,93,80,81,78,82,86,86,85,83,85,78,76,78,74,68,64,58,57,52,48,51,49,49,45,48,50,44,46,48,48,46,43,46,41,36,38,37,36,34,31,28,27,25,26,22,22,21,19,20,21,19,17,16,13,12,11,10,14,18,17,16,15,15,17,14,14,15,11,10,13,13,11,10,10,10,10,9,9,10,9,7,7,7,7,8,7,6,5,4,4,4,4,4,4,4,4,4,4,4,4,4,4,3,3,2,2,3,4,4,4,4,4,4,4,3,3,3,4,4,3,3,3,4,2,2,2,1,1,1,1,1,1,1,1,1,
55,40,34,35,43,43,50,52,60,69,66,69,81,86,112,114,129,144,158,157,164,175,191,203,216,239,226,255,267,271,282,279,298,321,337,333,351,346,359,359,366,359,357,361,352,362,347,365,359,384,390,390,381,375,386,383,396,393,395,417,397,385,377,376,373,362,366,369,361,365,364,355,349,331,330,315,323,311,306,308,309,309,308,306,299,306,304,310,274,270,267,259,249,241,240,232,232,211,207,202,194,197,193,182,188,187,193,188,186,179,176,166,155,156,144,148,137,140,140,140,132,138,131,130,120,117,120,123,117,116,112,105,99,87,79,81,68,69,75,71,65,68,61,58,58,61,56,53,52,48,44,42,42,41,38,39,38,36,34,30,28,29,27,24,25,27,28,27,24,26,26,28,26,28,28,28,27,26,23,20,21,18,18,14,15,11,11,12,11,9,7,7,6,7,6,7,7,8,9,8,8,8,7,7,7,7,7,9,7,6,7,7,7,4,4,4,5,4,3,3,3,3,3,3,3,1,1,2,1,1,1,1,1,1,1,1,1,1,1,1,1,1,1,1,1,1,1,1,1,1,1,
51,33,32,29,33,34,36,40,48,46,49,58,74,80,72,75,86,96,103,114,137,149,167,168,184,189,200,215,229,224,224,241,248,264,293,311,329,328,337,331,344,364,364,372,384,399,403,378,378,381,387,386,383,372,385,399,379,376,377,374,387,390,380,366,370,374,362,352,352,334,339,328,336,321,320,321,325,327,316,300,289,288,290,280,281,268,258,265,255,262,253,240,226,226,215,215,217,205,200,174,177,178,172,178,166,164,164,154,141,144,145,129,131,118,110,110,109,110,112,100,99,97,99,102,88,92,91,82,77,84,80,72,71,58,63,59,55,52,49,48,49,48,41,46,44,45,44,47,46,40,42,42,43,37,37,33,34,32,25,23,23,18,18,18,15,16,17,15,11,12,12,12,15,14,14,12,11,10,11,10,10,10,11,10,10,10,9,8,9,10,9,9,10,9,7,5,4,4,3,2,2,2,2,2,2,2,2,3,2,3,3,2,2,2,2,2,2,2,2,2,2,2,2,2,2,2,1,1,0,0,0,0,0,0,0,0,0,0,0,0,0,0,0,0,0,0,0,0,0,0,0,0,0,0,0,0,0,0,
63,48,40,38,47,47,44,49,50,61,62,69,88,88,95,109,123,144,156,161,172,187,193,212,230,230,231,236,242,252,258,268,272,281,300,294,291,311,331,330,326,335,343,350,350,361,345,337,351,343,341,342,344,363,356,340,352,346,358,358,362,375,376,361,353,349,337,334,326,315,325,324,319,323,320,316,312,323,330,326,336,320,331,341,339,334,321,320,308,284,272,264,249,235,232,230,211,210,205,200,192,185,177,180,176,180,164,172,177,166,162,152,142,130,125,124,123,118,116,108,102,100,102,96,90,85,86,89,87,85,81,79,83,80,83,81,84,82,77,77,74,70,62,68,64,67,63,62,64,59,50,49,50,49,45,40,34,30,31,30,30,28,27,29,27,26,24,20,20,20,18,20,19,14,15,13,14,15,16,14,13,10,8,8,10,8,8,7,5,4,4,4,3,4,4,3,3,3,5,5,4,4,3,2,3,4,3,2,2,2,2,2,2,2,3,3,2,2,2,2,2,2,2,2,2,2,2,2,2,2,2,2,2,2,2,2,2,2,2,2,2,2,2,2,2,2,2,3,2,2,2,2,2,2,2,2,2,2,2,2,1,1,1,1,1,1,1,1,1,1,1,1,1,1,1,1,1,1,1,1,1,1,1,1,1,1,1,1,1,1,1,1,1,1,1,1,1,1,
52,34,31,31,30,38,38,42,41,48,55,66,70,75,87,87,88,107,114,112,119,133,145,153,168,172,188,206,213,220,234,236,256,248,255,277,291,305,299,311,315,303,301,325,340,351,363,358,361,352,346,331,334,336,335,343,329,309,322,322,305,290,287,286,285,291,281,268,260,266,256,256,254,251,245,252,245,244,246,239,246,239,244,238,250,240,235,224,220,229,236,221,209,215,201,178,175,173,164,169,176,175,177,175,162,162,162,148,144,146,138,134,135,136,129,129,127,124,118,116,116,110,109,99,95,94,99,101,95,89,85,89,79,82,84,79,79,74,68,70,72,65,61,57,52,49,50,52,46,43,38,38,40,38,36,36,34,40,43,34,33,35,34,33,30,30,28,28,22,25,24,23,24,22,22,23,22,24,23,24,23,21,17,19,15,13,13,15,13,12,11,11,10,10,11,11,12,12,13,14,13,13,13,14,11,10,10,10,10,9,5,4,4,4,4,3,3,3,3,4,3,3,2,0,0,0,0,0,0,1,1,
54,41,32,33,35,40,45,46,54,57,59,62,75,71,77,87,95,101,114,138,140,147,176,177,196,200,210,219,233,249,259,267,282,286,285,307,318,317,320,317,341,340,347,368,383,383,395,382,376,390,389,381,385,388,403,413,410,395,393,407,390,386,392,390,393,387,372,381,384,377,351,340,341,322,306,300,280,280,288,284,284,281,281,263,251,255,243,235,235,230,217,203,199,186,177,165,172,165,163,153,137,133,128,125,121,118,106,105,106,108,103,92,86,91,81,75,75,80,80,77,68,63,61,62,63,54,49,46,46,46,45,41,42,38,34,29,30,27,24,26,23,23,22,21,20,19,20,20,21,20,21,20,19,17,13,13,12,11,11,11,12,11,11,10,9,8,9,10,9,9,8,6,7,7,7,8,8,6,5,5,5,5,5,4,4,3,3,3,3,2,3,3,3,3,3,2,2,2,2,2,2,2,1,1,1,1,1,1,1,1,1,1,1,1,1,1,1,1,1,1,1,1,1,1,1,1,1,1,
51,32,29,32,29,34,37,47,43,50,55,59,72,78,77,91,105,114,124,134,138,156,172,171,177,193,208,213,221,240,236,245,243,251,258,263,272,275,286,305,310,313,312,325,346,336,338,364,377,369,374,380,394,381,422,416,416,427,413,418,418,419,420,418,396,394,389,385,389,384,375,372,374,353,350,360,340,314,315,300,304,293,290,291,297,274,258,249,242,231,223,229,222,204,197,203,181,171,163,166,161,150,139,142,141,143,131,118,114,110,110,100,101,98,93,88,84,78,77,79,70,67,63,57,54,56,50,46,50,54,49,46,39,39,37,34,33,33,28,27,28,31,28,26,27,28,25,26,24,20,21,19,16,16,16,18,16,14,15,12,12,12,10,11,11,11,10,10,10,9,10,9,9,10,12,12,13,12,11,11,11,11,10,10,8,5,4,5,4,3,3,2,3,3,3,2,2,2,2,3,3,3,3,3,3,4,3,4,4,3,3,3,3,3,3,3,3,3,3,3,3,4,3,2,2,2,3,3,4,5,5,3,3,3,2,2,1,1,1,1,
60,42,34,36,39,46,50,48,57,60,75,84,94,93,99,116,120,127,145,156,178,211,209,242,255,280,284,280,296,306,311,330,336,346,339,337,341,366,362,370,393,404,394,386,398,391,416,431,429,453,452,447,444,429,447,437,455,452,448,437,433,438,438,460,470,450,450,443,462,444,438,431,422,432,408,407,426,416,414,397,389,382,372,368,350,342,332,331,329,331,319,297,289,280,271,267,265,258,248,242,236,237,225,219,203,196,198,181,179,166,158,161,156,163,152,142,137,131,111,111,117,102,102,95,92,92,85,90,89,87,85,80,70,73,70,61,62,58,55,55,46,43,43,43,44,44,44,41,37,32,31,27,31,31,29,30,30,29,33,35,32,29,26,21,23,20,19,18,20,17,17,18,15,14,13,12,12,12,12,11,11,10,10,9,9,10,11,12,11,11,10,10,10,10,10,10,9,9,9,9,9,10,10,9,8,6,6,5,5,4,4,5,5,4,4,5,5,5,5,4,4,5,4,4,5,4,4,5,5,4,4,4,5,5,6,6,5,4,2,2,2,2,2,3,2,2,2,2,2,2,3,3,4,4,5,4,4,2,2,2,2,2,2,2,2,1,1,1,1,1,
59,49,51,47,56,50,51,60,68,69,75,88,90,105,120,130,152,170,176,181,198,227,232,243,263,265,286,287,299,338,326,339,351,355,350,373,387,389,376,395,391,390,403,413,423,402,411,415,414,401,387,397,402,413,395,391,393,386,379,383,383,383,380,386,372,367,346,342,337,331,308,303,301,299,300,287,302,293,285,268,258,263,258,236,235,225,228,231,219,206,219,216,224,217,218,207,190,173,173,177,168,169,164,163,157,151,138,136,118,110,103,101,90,86,83,80,80,74,71,62,55,53,52,54,49,48,43,38,36,36,36,34,36,29,25,24,24,23,24,20,20,18,17,13,13,12,11,10,9,9,9,7,8,7,9,8,9,10,9,8,9,8,6,6,6,5,4,5,4,4,5,5,5,4,4,4,4,3,3,2,2,2,2,3,3,3,3,2,2,2,1,2,2,2,2,2,2,2,2,3,2,2,2,2,2,1,1,1,1,2,2,2,2,2,2,3,3,3,4,5,5,5,4,4,4,4,4,4,2,2,1,1,1,1,1,1,2,2,2,1,1,1,1,2,2,2,2,2,1,1,1,1,1,1,1,1,1,1,2,1,1,2,2,1,1,1,1,1,1,1,1,1,1,2,1,1,1,1,1,1,1,1,2,2,1,1,2,2,3,1,1,1,0,0,1,1,1,1,1,1,1,1,1,1,1,1,
52,42,37,34,32,28,38,43,56,68,73,75,87,81,88,100,108,123,124,141,152,152,169,191,203,216,235,236,254,262,276,287,295,303,317,321,337,342,342,345,363,367,365,364,368,391,426,426,417,434,440,440,431,442,432,437,441,462,471,474,482,487,487,490,479,460,450,438,436,425,406,420,408,409,388,384,383,368,374,369,356,341,320,315,303,279,272,268,260,267,256,254,240,231,218,226,212,206,187,173,169,178,174,159,145,139,137,134,134,131,131,128,129,122,122,110,114,113,109,98,91,81,77,71,72,71,68,69,65,56,51,53,52,49,46,44,43,45,41,40,36,34,35,34,32,32,31,23,20,20,19,20,18,17,15,12,13,10,11,10,12,11,11,8,8,9,7,8,6,6,8,7,7,6,4,4,3,3,2,3,1,1,1,1,1,1,1,1,1,0,0,0,0,1,1,1,1,1,1,1,1,1,1,1,1,1,1,1,1,1,1,2,2,2,2,2,2,1,1,
68,44,45,34,40,45,45,40,52,61,69,74,79,92,101,104,112,127,149,174,177,197,210,221,216,232,228,250,260,270,294,300,297,312,329,348,354,368,383,405,418,422,423,414,412,422,409,444,444,470,496,462,457,441,445,457,461,462,430,417,426,417,401,381,380,391,386,382,370,358,357,346,335,335,313,305,305,289,273,274,256,252,253,247,234,229,239,236,212,197,192,190,195,198,194,188,191,178,171,171,164,145,136,131,129,122,121,127,125,116,106,103,107,103,95,92,86,82,82,86,89,86,87,76,79,73,67,70,57,56,53,49,47,47,41,39,35,34,32,28,26,28,26,27,26,26,26,27,30,31,28,30,30,28,28,23,23,21,21,18,18,20,18,17,12,12,12,12,11,12,12,13,16,15,14,11,11,10,10,9,7,7,6,6,4,4,5,5,5,5,5,5,4,4,4,4,4,3,3,3,4,3,3,3,2,2,2,1,1,1,1,
54,35,33,34,34,33,33,33,37,42,45,44,51,61,50,58,60,69,79,71,82,85,99,103,104,106,114,121,125,125,132,122,131,136,151,162,162,180,185,194,189,204,197,214,223,238,229,242,238,238,233,232,223,227,219,233,240,247,238,244,246,252,246,255,251,244,235,239,235,231,234,230,224,224,219,215,226,226,232,224,221,232,227,223,230,229,226,225,217,222,210,206,211,229,221,204,199,187,180,182,171,174,180,180,168,163,170,162,155,144,146,145,142,144,138,130,132,129,132,123,118,114,109,105,102,102,97,89,90,79,86,87,80,80,90,84,80,80,79,81,83,78,72,70,65,67,61,63,60,60,49,53,53,53,49,50,51,47,43,43,42,38,33,36,37,36,40,37,35,32,32,32,35,29,31,26,24,24,23,22,28,25,24,23,24,29,25,23,25,20,20,15,14,16,15,13,13,14,15,11,10,12,12,11,10,10,9,11,9,6,7,3,4,4,3,4,4,4,4,4,4,3,3,2,3,3,3,3,2,2,1,1,1,1,1,1,1,1,2,2,2,1,1,1,1,1,1,1,1,
66,48,50,50,51,52,62,66,68,80,93,96,109,113,131,141,141,150,163,183,211,228,244,261,267,278,277,292,319,347,330,347,367,390,402,422,402,414,427,448,452,469,468,480,472,475,482,453,468,466,469,478,487,469,484,482,469,474,468,469,463,469,445,445,411,419,407,402,410,405,403,390,375,386,386,383,370,368,346,341,334,333,335,317,306,300,304,295,291,280,263,258,251,236,223,215,205,203,180,175,179,170,164,167,160,148,149,145,143,144,138,146,136,131,123,114,112,109,110,99,99,94,95,98,99,99,89,76,73,76,73,76,74,67,66,72,63,60,62,59,61,62,61,53,50,52,53,47,37,35,36,32,34,29,28,27,26,23,22,20,23,21,20,22,22,23,21,18,17,16,16,14,13,10,10,10,9,9,9,8,7,6,6,7,7,7,6,6,7,7,7,4,4,5,5,6,7,7,6,5,4,4,4,4,2,2,2,2,1,1,1,1,1,1,2,2,2,2,1,1,1,1,1,1,1,1,1,1,1,1,1,1,1,1,1,1,1,1,1,
64,46,45,46,51,48,54,60,61,65,73,82,84,99,107,115,116,134,145,154,168,173,182,193,207,212,248,254,250,255,276,270,284,278,284,317,333,333,351,341,368,382,368,363,373,387,386,401,392,409,399,412,405,416,413,416,440,423,443,452,442,435,435,451,436,436,447,447,446,437,448,455,433,412,403,394,384,382,378,375,367,351,348,326,327,316,294,277,287,269,261,251,260,261,249,240,220,220,208,203,187,187,184,174,168,161,149,140,132,142,134,128,117,105,104,94,80,77,70,71,60,66,57,53,52,50,44,43,43,37,35,38,34,33,34,33,32,29,28,25,27,26,24,24,22,22,21,20,20,18,17,16,17,18,19,19,18,15,13,15,15,16,15,15,13,12,11,9,10,11,11,10,10,10,10,10,10,10,9,9,9,8,9,8,7,7,8,6,6,6,6,6,7,7,4,4,4,3,3,3,3,3,3,3,2,2,2,2,2,2,3,2,1,1,1,1,2,2,1,1,1,1,1,1,1,1,1,1,1,1,1,1,1,1,1,1,1,1,1,1,1,1,1,1,1,
57,49,49,50,60,64,65,74,73,74,86,102,101,123,128,150,156,166,194,199,224,236,260,284,311,317,334,338,344,375,385,362,360,383,395,391,408,423,436,443,451,441,463,466,490,491,508,517,522,527,509,483,482,490,479,467,461,458,471,456,445,424,424,436,426,422,419,398,399,386,372,371,363,355,333,326,320,311,307,282,277,276,266,256,246,230,217,202,204,190,193,192,184,179,167,164,176,171,159,155,148,141,132,126,115,105,102,88,84,86,75,74,75,64,65,60,59,55,57,53,49,46,40,38,40,38,42,37,34,32,30,30,27,24,21,20,21,20,20,19,18,20,15,14,16,15,15,16,14,14,12,11,11,11,12,12,10,9,9,12,10,10,9,9,9,9,6,6,7,8,8,5,5,5,5,5,6,5,6,6,3,3,3,3,3,3,3,3,3,3,3,3,3,3,3,3,3,3,3,2,2,2,3,2,1,1,1,1,1,1,1,1,1,1,1,0,0,0,0,0,
66,50,42,44,40,42,51,55,56,58,77,85,88,96,99,110,135,137,135,143,150,174,187,192,198,193,215,218,219,233,234,224,233,229,236,247,254,269,263,271,283,290,283,289,293,299,300,295,300,302,297,317,313,310,318,335,337,361,368,362,355,351,357,347,339,330,321,319,315,316,307,304,300,301,305,302,302,299,295,298,290,282,262,276,280,272,280,280,263,261,250,236,213,214,206,206,206,198,190,177,163,159,159,159,145,139,135,132,131,120,124,131,115,111,110,104,101,99,97,94,96,99,92,87,80,76,75,78,76,69,60,59,59,57,55,49,46,50,45,41,40,35,30,28,27,29,25,23,25,24,21,20,19,21,19,19,18,16,13,14,14,14,15,16,16,11,11,10,8,9,10,8,9,8,6,5,5,6,6,3,2,2,2,1,1,1,1,0,0,0,0,0,0,0,0,0,0,0,0,0,0,0,0,0,
56,37,27,27,28,29,30,31,36,37,33,37,51,51,56,65,67,73,80,88,94,95,104,126,134,128,131,152,171,171,188,191,201,206,215,220,224,234,237,244,246,252,246,245,264,284,289,292,302,323,308,316,335,314,314,323,324,302,303,316,291,291,300,279,287,284,283,283,274,259,244,252,261,272,270,253,243,235,232,220,233,230,230,217,212,196,190,200,204,210,197,203,195,198,193,181,170,175,162,156,143,141,138,132,128,130,115,116,106,106,111,103,104,103,94,90,90,83,90,84,74,70,66,62,64,68,62,56,57,51,48,50,50,49,46,43,40,40,39,38,35,34,33,37,34,34,35,34,34,36,31,27,24,24,21,19,16,15,11,11,10,10,9,10,11,10,11,13,13,12,12,11,11,10,10,8,6,7,5,7,8,8,7,9,7,8,6,6,6,7,5,5,9,7,6,5,6,5,7,6,5,4,3,2,2,2,2,2,3,3,3,3,2,3,3,3,3,3,3,2,2,2,2,1,2,2,2,2,2,2,1,2,2,2,1,1,1,1,2,2,2,1,0,0,0,0,0,1,1,1,1,1,1,0,0,0,0,
64,41,37,32,32,36,40,47,59,52,59,68,73,85,89,102,113,118,108,118,123,138,154,171,172,178,186,182,191,219,225,212,237,247,258,262,272,264,270,274,291,291,311,311,324,323,324,313,318,315,333,330,322,318,320,332,336,336,332,323,305,305,305,304,298,287,304,297,304,280,280,289,297,288,286,279,256,262,257,261,268,263,252,248,249,249,253,248,251,258,238,233,224,233,233,225,237,230,223,225,227,206,196,202,194,194,187,179,165,159,145,147,142,137,146,136,124,130,126,120,115,115,109,97,91,87,87,81,78,77,70,62,62,67,65,66,68,68,64,53,56,53,50,43,44,46,41,38,37,34,33,31,31,32,31,27,27,23,21,20,19,17,15,16,14,16,16,15,14,10,10,11,8,7,6,5,6,5,4,4,3,2,2,2,2,2,2,2,2,2,2,2,3,3,2,2,2,2,2,2,2,2,2,2,1,1,1,1,1,1,0,0,0,0,0,0,1,0,0,0,0,0,0,0,0,0,0,0,0,0,0,0,0,0,0,0,0,0,0,0,0,0,0,0,0,0,0,0,1,1,1,1,1,2,3,3,3,4,2,2,2,2,2,2,2,2,2,2,2,1,0,0,0,0,0,0,0,0,0,
58,45,41,40,44,56,57,52,59,56,67,76,81,87,99,115,120,125,139,156,166,186,202,207,201,199,207,217,224,240,238,254,263,262,273,271,260,277,287,293,315,331,330,342,358,374,383,398,397,411,409,410,391,391,373,377,370,383,380,377,378,355,352,358,354,359,358,364,357,350,342,344,334,319,323,302,292,295,280,267,272,261,247,241,244,222,221,208,201,193,208,193,183,181,176,180,170,186,182,178,172,162,144,137,129,119,114,112,112,110,104,95,90,86,81,73,70,69,68,66,68,60,59,52,50,50,51,47,43,43,38,40,35,35,35,33,29,29,25,23,26,28,28,27,25,26,26,23,22,20,18,18,19,17,14,14,14,15,14,16,14,13,13,13,13,14,15,13,12,14,10,11,10,10,10,8,7,8,9,8,7,7,7,8,8,7,7,7,6,6,6,6,6,6,5,5,5,5,4,4,4,3,3,2,1,1,1,1,1,1,1,1,1,1,1,1,1,1,1,1,1,1,1,2,1,1,1,1,1,1,1,1,1,1,1,1,1,1,1,1,1,1,1,1,1,1,1,1,1,1,1,1,1,1,1,1,
61,48,43,44,45,53,54,54,53,62,70,76,79,92,115,120,133,149,150,149,171,191,200,196,219,242,239,256,272,274,284,293,302,313,330,338,339,339,351,358,356,384,401,390,405,404,420,423,437,451,446,460,450,459,458,434,437,431,433,427,446,426,427,414,409,416,404,405,406,397,401,391,377,369,349,330,320,330,341,323,334,332,322,303,293,293,285,268,263,260,251,242,229,213,208,206,192,187,173,169,169,162,162,155,143,142,137,141,133,129,123,110,98,94,88,90,87,79,69,71,68,70,72,76,72,67,66,62,62,66,62,62,59,52,51,46,45,45,45,52,46,44,41,40,45,44,40,42,39,37,40,35,35,34,27,25,23,25,25,29,27,31,28,28,24,23,26,25,24,25,29,31,29,31,32,30,28,28,25,27,28,32,31,30,26,28,32,32,26,22,18,17,18,17,19,15,17,15,13,13,12,12,14,14,13,14,12,9,10,10,10,10,10,9,9,10,11,11,10,10,10,10,9,11,6,5,7,6,7,4,3,3,3,3,4,3,3,3,2,3,2,2,2,4,4,3,3,2,2,2,4,3,1,2,1,1,1,1,1,2,2,2,2,2,2,1,1,1,1,1,1,1,1,1,1,1,1,1,1,
53,35,30,29,28,30,33,36,39,40,43,50,58,62,74,83,82,95,101,110,120,135,144,142,140,165,181,197,214,245,254,252,243,255,271,280,284,293,307,316,324,326,349,356,351,352,368,369,376,389,383,387,385,380,377,390,376,371,377,366,367,366,352,362,358,349,343,340,312,301,301,319,304,293,298,291,291,295,285,283,271,271,260,253,253,230,228,234,218,218,209,196,191,181,184,178,177,167,158,155,171,161,153,155,153,150,138,132,136,129,134,127,123,118,114,110,113,116,113,102,106,99,101,96,96,97,94,83,78,70,68,66,61,56,55,52,52,57,57,56,50,48,47,46,48,43,44,45,43,44,40,35,35,36,35,35,34,30,31,30,31,27,25,23,19,17,18,19,17,18,14,12,14,14,14,12,11,11,9,10,11,12,12,12,11,10,9,8,8,8,8,7,6,6,6,6,6,5,5,4,4,4,5,7,7,7,9,8,5,5,5,5,6,5,5,6,5,5,5,5,4,4,4,4,4,4,3,5,4,4,5,3,3,3,3,2,2,2,2,2,2,2,3,3,3,2,2,2,2,2,2,2,2,2,2,2,2,2,2,1,1,1,1,1,1,1,1,1,1,1,1,1,1,
47,34,24,26,26,28,32,41,41,41,47,51,55,66,69,79,85,88,98,111,111,118,130,142,149,157,160,168,183,179,203,207,220,234,244,261,256,259,273,275,271,271,277,289,297,291,298,303,298,309,317,318,314,324,326,318,309,328,339,341,346,339,329,330,316,323,304,318,308,316,309,298,297,297,293,277,276,282,275,276,269,265,266,264,260,256,248,240,240,231,221,222,208,206,203,194,180,184,173,169,158,158,151,137,135,130,123,123,117,118,115,113,114,102,100,93,91,97,95,90,86,89,89,86,89,87,85,87,78,72,69,68,70,71,70,67,60,63,60,58,50,52,48,43,47,47,45,40,41,38,37,30,30,29,29,26,25,27,27,25,25,25,22,19,19,22,23,21,19,17,16,17,17,17,18,21,22,24,19,19,18,18,17,15,17,16,17,18,19,19,22,23,19,16,16,14,15,11,12,10,6,5,7,10,8,7,5,6,6,6,4,4,5,6,6,7,6,6,4,4,5,3,3,2,1,1,2,3,3,5,4,2,1,1,0,0,0,0,1,0,0,1,1,2,3,3,3,2,2,3,3,5,1,1,1,1,1,1,1,1,1,0,1,0,0,0,1,1,0,0,1,1,1,1,1,1,1,1,1,1,1,1,1,1,1,1,1,0,0,0,0,0,1,1,1,1,1,1,2,2,2,2,2,2,3,1,1,1,
55,36,30,32,28,32,37,31,38,45,43,45,46,49,60,68,81,81,88,106,109,133,144,151,163,167,174,177,190,185,181,194,199,204,234,249,273,287,292,285,296,314,322,324,347,356,362,360,378,380,389,401,410,407,414,413,412,424,425,435,430,422,434,415,417,406,417,411,415,425,393,404,391,395,399,390,388,393,395,391,372,365,360,352,342,346,320,314,297,309,281,262,250,250,248,246,239,229,233,228,222,222,218,220,225,216,220,214,205,206,203,194,184,164,162,163,155,144,138,135,130,132,132,120,103,106,93,79,79,68,67,67,65,62,60,58,56,53,50,52,48,47,51,53,47,49,45,39,36,35,34,31,26,28,29,28,21,19,19,16,18,19,20,17,17,13,16,17,15,16,15,15,15,14,14,15,13,13,13,11,8,8,8,8,7,6,6,5,5,5,3,3,4,4,3,3,2,2,2,2,3,3,4,2,2,2,2,1,1,2,3,1,1,
65,37,34,29,32,35,42,41,43,48,53,66,75,83,89,100,107,113,123,130,141,165,171,178,191,217,213,229,234,241,226,237,261,269,261,274,292,300,317,333,331,332,313,321,321,327,323,329,346,342,340,351,337,354,348,354,344,323,330,323,327,321,328,348,330,331,314,319,313,304,300,289,298,289,290,286,274,272,276,267,267,253,251,253,249,239,227,223,210,201,211,189,176,187,191,192,187,185,178,179,192,183,186,186,182,183,174,166,164,158,154,149,151,152,139,125,114,115,105,105,108,99,89,91,84,78,80,72,76,65,64,64,58,53,56,55,50,43,35,39,39,40,42,39,40,39,36,34,38,34,32,35,33,28,24,26,19,19,17,19,18,15,13,13,13,12,14,10,11,9,9,10,9,10,11,12,9,9,7,7,5,5,5,4,3,3,3,2,2,2,0,0,1,1,1,1,1,0,0,0,0,0,1,1,1,1,2,2,1,1,0,0,0,0,0,0,0,0,0,0,0,0,0,0,0,0,0,0,0,0,
52,34,32,32,36,41,47,56,61,74,74,86,94,96,105,116,119,135,146,140,161,164,167,176,200,202,210,226,230,249,266,265,264,263,273,299,307,290,295,315,314,356,343,361,351,376,377,386,396,386,407,403,410,395,385,379,397,396,396,400,392,374,370,357,358,367,368,371,351,351,323,317,305,298,288,289,274,261,263,260,255,248,253,243,234,229,219,215,212,203,212,194,181,181,177,174,178,168,170,161,160,140,141,144,145,139,129,132,132,132,128,126,120,113,109,109,107,98,96,98,88,79,84,86,87,83,80,75,70,61,65,62,65,62,57,54,54,53,54,49,48,52,48,47,44,43,40,36,36,37,36,35,29,26,28,27,25,22,23,25,26,24,25,19,21,23,19,18,17,13,15,15,13,13,13,14,14,14,13,12,13,12,11,10,9,10,10,10,10,11,9,8,7,7,6,6,4,4,4,4,4,3,3,3,3,3,3,3,3,2,2,2,2,1,1,1,1,1,1,1,0,1,1,
59,51,42,37,41,39,46,45,54,59,66,70,74,94,93,105,130,146,153,149,160,171,193,207,231,248,243,255,254,277,286,278,287,294,302,325,319,332,346,362,387,380,389,393,387,395,397,401,404,411,410,393,407,418,394,397,399,422,414,443,432,417,412,404,410,409,415,392,370,368,362,344,346,323,317,318,320,319,310,290,280,272,263,260,257,257,248,254,251,243,234,222,210,201,194,189,187,177,183,164,141,138,133,132,130,128,118,119,113,111,113,99,93,84,85,82,77,77,70,72,69,66,65,64,55,61,54,48,47,44,45,41,41,39,34,34,29,29,32,30,27,27,27,26,22,18,18,19,17,18,15,13,13,12,11,12,12,11,10,10,10,9,7,8,8,7,8,7,7,6,6,6,6,5,4,4,4,3,4,3,3,3,2,2,2,1,1,1,1,0,0,0,0,0,0,0,0,0,0,0,0,0,0,
61,47,42,42,35,37,43,44,57,59,60,62,73,84,83,96,100,115,126,133,149,168,180,191,189,190,199,212,230,220,230,228,239,272,282,277,282,291,290,273,297,293,285,304,308,309,321,332,333,351,362,369,367,370,370,383,406,417,402,423,434,428,431,419,438,446,452,462,451,441,425,430,412,398,404,413,406,397,397,379,381,366,372,369,350,355,340,345,327,305,306,290,291,276,280,267,271,251,238,235,223,225,203,193,184,187,171,163,164,163,155,146,142,141,134,125,121,111,112,112,107,103,100,101,101,110,108,104,97,100,93,91,85,79,75,70,72,65,66,65,64,56,57,57,57,59,54,51,53,46,46,47,43,41,38,35,31,30,32,31,32,32,28,27,25,23,23,20,21,21,21,17,17,14,13,14,16,18,17,14,14,13,13,12,12,12,11,11,9,8,8,10,9,8,9,9,10,10,9,7,6,8,7,7,6,5,6,7,8,7,7,7,7,6,4,3,3,3,3,2,2,2,2,2,2,2,1,
51,33,27,26,24,27,27,24,29,28,27,31,32,38,40,41,46,49,47,52,58,57,66,71,86,86,90,102,104,123,142,141,142,154,159,170,151,168,179,186,195,196,216,224,233,237,264,270,255,276,282,282,300,300,317,307,313,320,331,324,326,328,335,325,327,338,336,332,318,309,319,324,321,316,305,311,338,330,325,330,332,323,322,324,320,314,301,305,287,288,272,266,268,247,236,225,225,222,212,204,187,193,197,192,183,176,181,175,173,166,168,168,159,163,156,154,147,138,140,131,119,114,105,94,93,91,79,71,69,72,72,64,60,62,61,64,66,66,63,54,54,50,43,43,40,39,40,36,33,35,32,33,28,29,28,25,27,27,26,24,24,25,22,20,19,21,19,19,15,12,11,12,17,18,13,13,12,11,12,13,12,11,8,9,9,9,8,9,8,8,7,8,8,8,7,7,7,6,5,4,4,4,3,3,5,4,4,5,5,5,4,6,5,7,7,7,5,5,4,4,4,4,4,3,4,3,3,3,3,3,3,3,3,3,4,5,5,5,5,5,5,3,4,4,4,4,3,2,1,1,1,1,2,2,2,2,3,4,4,3,3,3,1,0,0,0,1,1,1,1,
61,33,29,32,32,30,34,34,34,38,45,51,55,64,64,65,81,98,111,117,123,132,152,158,166,175,190,189,199,208,220,225,227,228,238,254,281,290,283,307,329,348,347,373,359,366,381,404,402,406,403,391,394,386,412,418,400,394,403,404,409,376,365,368,377,375,377,361,372,373,356,350,344,334,339,321,326,316,319,303,306,296,290,281,269,258,251,245,257,252,254,251,237,234,230,227,218,198,194,198,201,193,189,176,164,156,156,159,158,157,154,146,136,138,138,137,130,121,121,119,116,116,110,104,110,100,98,97,88,88,90,83,81,77,77,69,72,67,63,66,61,58,64,64,59,59,56,50,50,53,50,48,41,38,37,34,29,29,36,36,29,31,30,28,27,27,24,23,22,20,18,15,16,14,14,17,17,17,16,15,14,14,13,12,13,12,9,10,8,8,8,8,8,9,10,13,12,10,9,8,8,10,10,7,10,6,6,5,5,5,5,6,5,5,5,5,5,5,6,6,4,5,5,6,5,4,4,4,3,5,4,4,3,4,4,3,4,3,3,2,2,3,3,5,6,5,3,4,5,4,4,3,3,1,0,1,2,1,1,1,1,1,1,1,1,1,1,1,1,1,1,1,1,1,2,2,2,3,3,3,3,3,3,3,3,3,2,3,2,2,2,2,2,1,1,2,2,1,1,2,1,
63,46,45,50,44,48,52,56,61,64,73,90,96,96,105,131,146,151,164,192,195,215,220,228,236,246,262,263,275,270,272,299,315,330,334,349,335,341,341,375,397,403,415,397,409,413,414,418,407,444,457,445,453,457,467,457,464,457,469,461,455,471,454,458,445,464,447,419,417,415,410,385,375,374,381,374,368,350,328,311,306,315,307,294,297,296,303,294,275,274,263,250,233,232,220,216,208,202,196,198,188,164,162,158,153,148,148,144,139,133,125,126,121,130,119,119,113,106,104,100,98,89,87,91,88,90,85,80,91,96,86,82,74,76,65,68,65,60,57,47,48,47,45,44,36,35,38,38,38,32,35,32,27,27,23,23,22,16,16,13,12,13,12,13,12,13,12,11,10,11,10,8,9,9,8,7,7,6,7,6,6,8,6,6,5,5,6,6,7,7,4,4,5,4,4,4,7,6,6,6,6,5,4,5,7,6,6,6,6,6,6,6,5,4,4,4,4,4,3,2,2,2,1,2,1,1,1,1,1,1,1,1,1,1,1,1,1,1,0,0,0,0,0,1,1,1,1,1,
57,38,39,37,37,40,45,49,51,63,70,75,84,95,114,110,123,137,145,152,172,198,213,219,237,238,245,263,278,305,308,324,313,338,340,373,372,369,388,388,411,406,417,430,429,431,422,447,465,464,461,478,473,468,476,467,468,477,457,476,486,461,466,435,424,419,413,406,405,414,404,389,398,395,382,371,370,368,346,338,322,319,311,307,287,283,282,261,249,241,230,221,202,198,198,190,179,174,166,170,171,163,152,148,142,132,123,118,109,107,105,103,96,93,87,87,80,74,72,63,65,57,48,47,47,46,48,45,42,36,33,34,37,36,34,32,32,31,31,31,34,30,30,27,28,22,23,23,21,19,17,17,15,12,9,9,8,9,9,8,10,9,7,6,6,5,4,5,6,6,4,4,3,3,3,2,2,2,2,2,3,3,3,2,2,2,2,2,1,1,0,0,0,0,0,0,0,0,0,0,0,0,0,0,0,0,0,0,0,0,0,0,0,0,0,0,0,0,0,0,0,0,0,0,0,0,0,0,0,0,0,0,0,0,0,0,
62,40,40,42,41,45,43,48,51,55,55,59,66,77,84,86,91,94,109,113,116,128,133,158,173,171,169,154,178,180,191,191,216,218,217,240,227,262,284,284,291,292,306,306,313,318,320,323,336,323,338,344,358,353,345,327,330,334,323,337,345,324,316,320,297,295,299,305,289,285,294,296,304,293,281,283,287,281,281,267,264,248,235,247,246,249,230,219,210,200,190,189,181,185,184,183,178,173,173,167,172,162,162,163,174,163,153,154,152,140,136,122,122,121,127,123,118,115,109,103,100,100,97,93,96,91,92,86,81,81,82,85,82,72,72,75,77,72,71,67,66,74,74,74,71,69,67,65,66,64,60,57,55,53,52,47,49,47,46,44,43,44,42,41,41,40,39,36,38,34,32,29,29,27,24,23,22,22,17,18,16,16,18,18,16,17,15,13,14,11,10,7,6,6,6,6,7,7,8,8,8,7,7,7,7,7,6,7,8,5,4,4,3,4,5,4,4,4,4,4,5,5,6,4,4,3,2,2,2,2,2,3,3,2,2,2,2,2,2,4,3,4,3,3,3,3,2,0,0,0,0,0,0,0,0,0,1,
65,51,48,48,43,50,53,59,65,76,81,87,99,108,126,132,145,142,151,170,193,204,218,234,257,258,274,284,297,299,297,320,309,304,313,330,328,341,341,367,353,347,345,347,365,375,370,363,377,377,393,391,407,381,374,358,380,360,348,352,354,367,360,336,322,329,325,326,328,326,309,327,320,313,314,312,308,290,296,282,268,264,247,253,237,237,235,222,214,210,204,203,190,177,172,164,167,161,151,160,150,145,136,134,133,138,137,125,116,112,103,103,100,89,87,82,88,86,79,79,73,75,71,64,67,62,67,62,68,63,56,58,54,55,58,54,51,48,49,49,44,38,38,37,35,37,31,32,33,30,26,30,26,25,24,29,24,25,20,22,22,24,22,23,23,19,18,21,23,19,20,18,17,18,15,14,15,14,14,13,12,12,10,10,9,7,5,4,4,2,2,2,3,2,2,2,1,1,0,0,0,0,0,0,1,
55,39,31,38,43,51,58,54,54,68,64,76,83,95,96,103,116,124,123,132,164,175,195,217,235,236,242,255,241,244,258,266,277,280,286,296,314,318,323,333,355,339,358,379,394,428,422,403,409,418,415,428,421,429,425,435,466,451,440,449,437,431,443,439,435,412,412,422,405,394,381,396,395,393,389,385,403,390,385,384,360,347,345,332,338,333,304,297,284,276,268,248,244,244,227,221,199,210,207,197,187,182,178,171,166,157,155,154,147,154,154,147,147,137,132,131,125,117,112,117,110,108,105,104,99,97,87,87,85,89,84,86,82,74,74,71,65,63,63,63,65,58,60,53,53,49,51,48,48,49,42,38,36,31,30,26,26,24,23,26,21,20,16,17,15,13,11,12,11,10,8,9,10,9,6,8,8,5,5,5,4,5,6,6,6,6,5,4,4,2,3,4,5,3,2,3,5,2,1,1,1,1,1,1,1,1,1,1,1,1,1,1,1,1,0,0,0,0,0,0,0,0,0,0,1,1,1,1,1,1,1,1,1,1,1,2,2,2,2,1,0,1,1,1,1,2,1,1,1,1,1,0,0,0,0,0,0,0,0,0,0,0,0,0,0,0,0,0,0,0,
