87,61,63,69,79,82,80,79,87,89,110,120,128,131,142,146,159,170,178,213,222,236,245,258,287,321,332,350,350,362,395,414,434,466,489,495,537,562,597,627,648,674,703,718,703,720,721,735,750,750,762,787,810,818,815,823,807,771,759,767,748,757,758,756,756,734,708,709,699,674,658,634,614,601,592,577,581,568,533,518,512,490,482,466,449,419,417,397,365,348,330,330,319,315,304,292,298,277,271,265,264,249,236,224,211,204,206,178,165,165,167,157,155,145,139,129,122,110,111,105,105,104,102,97,95,94,85,79,73,69,66,66,61,59,58,54,49,44,45,46,48,42,44,40,37,33,31,28,27,23,22,22,20,21,21,18,16,17,16,13,15,15,15,14,13,9,10,9,9,8,9,8,7,9,9,8,7,7,7,6,6,6,6,5,5,5,3,3,3,3,3,3,3,3,3,3,3,3,3,3,3,3,3,3,3,3,3,3,3,3,3,3,3,3,3,3,3,3,3,3,3,3,3,3,3,3,3,3,2,2,2,2,2,2,2,2,1,1,1,1,1,1,1,1,1,1,1,1,1,1,1,1,1,1,1,1,1,1,1,1,1,1,1,1,1,1,1,1,1,1,1,1,0,0,0,0,0,0,0,0,0,0,0,0,0,0,0,0,0,0,0,0,0,0,0,0,0,
79,53,44,45,48,54,56,64,69,67,76,86,86,91,110,125,125,136,146,156,165,178,192,203,231,239,262,287,294,299,312,319,333,379,394,408,440,451,443,473,481,507,515,564,578,570,571,585,624,632,651,676,669,676,682,663,678,668,696,672,668,667,658,670,668,671,646,657,656,665,655,667,664,667,670,656,633,619,612,610,583,560,549,533,534,527,523,504,479,468,438,423,418,409,380,384,364,352,350,335,316,303,295,276,283,273,264,252,251,225,200,197,201,192,171,162,164,160,154,144,135,122,121,120,122,111,109,95,89,84,84,82,80,70,63,55,55,56,52,53,46,44,43,36,37,38,38,40,34,28,26,24,22,20,19,20,21,20,22,23,20,21,21,16,16,14,13,14,12,12,11,12,11,11,11,10,9,9,9,6,4,3,3,3,2,3,3,2,2,2,2,2,2,2,2,2,2,2,2,2,1,1,1,1,1,1,1,1,1,1,1,1,1,1,1,0,0,0,0,0,0,0,0,0,0,0,0,0,0,0,0,0,0,0,0,0,0,0,0,0,0,0,0,0,0,0,0,0,0,0,0,0,0,0,0,0,0,0,0,0,0,0,0,0,0,0,0,0,0,0,0,0,0,0,0,0,0,0,0,
87,58,57,57,56,62,65,59,65,82,76,84,90,104,119,139,159,170,181,201,230,236,247,265,291,318,360,362,421,452,481,505,514,532,584,631,644,670,674,682,712,733,776,792,823,828,845,849,902,930,915,888,889,925,949,938,966,971,933,904,894,888,863,838,815,780,732,724,736,713,709,689,663,650,641,615,578,553,537,528,526,495,472,464,439,419,420,385,371,349,332,320,299,293,291,266,248,250,244,238,222,222,205,199,176,168,161,156,154,156,149,136,138,126,127,119,114,108,103,108,111,107,99,96,91,90,86,83,82,76,82,76,74,77,76,70,72,74,73,68,72,70,60,58,53,55,46,44,44,41,40,42,43,36,35,32,29,34,40,36,36,34,30,25,22,21,18,18,17,18,18,18,14,13,12,10,7,7,8,6,7,8,8,7,6,7,6,6,4,5,4,4,4,3,3,3,3,3,2,2,2,2,2,2,2,2,2,2,2,2,2,3,3,3,3,2,2,2,2,2,2,2,2,3,3,2,2,1,1,1,1,1,2,1,1,1,1,1,1,1,1,1,1,1,1,1,1,1,1,1,1,1,1,1,1,1,1,1,1,1,1,1,0,0,0,0,0,0,0,0,0,0,0,0,0,0,0,0,0,0,0,0,0,0,0,0,0,0,0,0,0,0,0,0,0,0,0,0,0,0,0,0,0,0,0,0,0,0,0,0,0,0,0,0,0,0,0,0,0,0,0,0,0,0,0,0,0,0,0,0,0,0,0,0,0,0,0,0,0,0,
90,58,52,55,53,62,75,89,93,103,112,114,123,139,153,168,176,177,205,224,241,262,278,327,342,370,405,410,448,467,499,533,562,553,570,587,609,625,645,640,643,640,659,672,654,634,651,661,659,672,688,644,653,640,645,628,592,573,569,547,530,539,534,511,487,475,491,451,438,438,419,384,358,363,342,327,318,310,295,287,275,286,285,260,278,272,255,244,251,248,246,234,236,227,214,216,210,206,194,183,177,165,153,146,140,137,128,127,123,129,124,114,100,104,100,95,85,82,81,75,70,63,62,58,61,54,49,47,48,48,44,43,38,35,34,28,29,29,24,25,25,23,26,24,23,24,24,24,24,23,22,20,17,16,15,15,15,15,12,12,14,15,13,14,13,11,10,10,9,9,9,6,5,4,5,4,3,3,3,3,3,3,3,2,3,3,3,3,3,3,3,3,3,3,3,3,3,3,3,3,3,3,3,3,3,3,3,3,3,3,3,3,3,3,3,3,3,3,3,3,3,3,3,3,4,3,3,3,3,3,3,3,3,3,3,3,3,3,3,3,3,3,3,3,3,3,3,3,3,3,3,3,3,3,3,3,3,3,3,3,3,3,3,3,3,3,3,3,3,3,3,2,2,2,2,1,1,1,1,1,1,1,1,1,1,1,1,1,1,1,1,1,1,1,1,1,1,1,1,1,1,1,1,1,1,1,1,1,0,0,0,0,0,0,0,0,0,0,0,0,0,0,0,0,0,0,0,0,0,0,0,0,0,0,0,0,0,0,0,0,0,0,0,0,0,0,0,0,0,0,0,0,0,0,0,0,0,0,
101,71,65,63,70,78,82,109,103,120,141,153,169,174,189,216,217,238,245,275,309,325,372,386,408,429,499,538,581,595,662,726,766,758,819,842,870,895,918,986,1023,1038,1081,1078,1092,1123,1097,1102,1131,1133,1150,1131,1142,1137,1100,1057,1073,1037,1022,1003,973,925,904,886,833,807,801,778,750,719,696,686,666,634,608,571,551,530,535,506,505,500,467,472,457,459,446,428,401,396,394,382,376,367,355,345,342,331,317,298,289,262,252,249,246,232,216,195,192,192,172,172,170,159,167,163,155,144,136,138,131,124,114,111,109,102,99,90,88,81,77,71,61,63,57,54,50,50,48,42,40,37,40,41,40,39,36,35,33,28,23,25,24,24,26,22,23,23,21,19,17,17,19,14,14,13,11,11,11,11,13,9,7,6,6,6,7,8,5,4,3,3,3,3,3,3,3,3,3,3,3,4,4,4,4,4,3,3,3,3,3,3,2,2,1,1,1,1,1,1,1,1,1,1,0,0,0,0,0,0,0,0,0,0,0,0,0,0,0,0,0,0,0,0,0,0,0,0,0,0,0,0,0,0,0,0,0,0,0,0,0,0,0,0,0,0,0,0,0,0,0,0,0,0,0,0,0,0,0,0,0,0,0,0,0,0,0,0,0,0,0,0,0,0,0,0,0,0,0,0,0,0,0,0,0,0,0,0,0,0,0,0,0,0,0,0,0,0,0,0,0,0,0,0,0,0,0,0,0,0,0,0,0,0,0,0,0,0,0,0,0,
87,66,55,53,48,55,67,75,83,83,93,108,125,150,143,162,171,196,221,236,265,283,311,336,358,388,419,445,484,505,504,511,514,554,572,595,616,639,684,701,718,737,774,773,790,832,846,866,882,878,897,904,875,905,895,876,865,881,896,883,860,865,849,826,807,764,754,749,739,713,685,688,648,609,596,594,579,571,553,555,529,520,493,466,450,440,426,410,383,394,373,358,339,333,310,306,297,281,268,253,236,218,219,201,187,196,179,167,151,153,141,133,128,127,122,127,124,119,112,108,102,100,100,99,96,90,87,82,76,77,79,73,65,61,61,60,55,52,49,47,47,41,39,35,28,28,28,25,20,22,23,19,19,17,16,15,16,15,16,13,11,11,8,7,7,7,6,9,7,7,7,7,5,4,4,5,4,4,5,5,3,2,2,2,2,2,1,1,1,1,1,0,0,0,0,0,0,0,0,0,0,0,0,0,0,0,0,0,0,0,0,0,0,0,0,0,0,0,0,0,0,0,0,0,0,0,0,0,0,0,0,0,0,0,0,0,0,0,0,0,0,0,0,0,0,0,0,0,0,0,0,0,0,0,0,0,0,0,0,0,0,0,0,0,0,0,0,0,0,0,0,0,0,0,0,0,0,0,0,0,0,0,0,
90,60,62,67,61,66,68,73,87,86,99,103,116,129,125,149,171,180,190,206,220,236,253,283,302,307,316,360,383,404,418,453,473,524,559,592,633,651,670,704,734,754,772,780,800,803,815,843,850,823,833,820,807,822,821,820,850,832,811,808,781,794,752,726,720,704,690,667,647,638,631,620,625,566,564,557,545,509,492,488,476,455,437,418,406,399,381,361,351,346,344,336,331,323,304,301,281,269,249,260,269,260,260,254,248,235,217,216,207,197,197,194,187,183,171,164,164,158,152,152,147,126,126,125,115,105,101,93,85,80,75,76,72,70,68,65,62,57,53,52,52,51,51,40,42,39,38,36,36,35,35,35,30,27,28,28,28,30,28,25,24,23,21,21,18,20,18,16,16,16,16,17,17,15,12,12,10,9,8,6,7,6,6,5,5,6,6,7,7,8,6,6,5,5,5,4,4,5,4,4,4,4,4,2,2,3,3,3,3,3,2,2,2,2,2,2,2,2,2,2,2,2,2,2,2,2,2,2,2,2,2,2,2,2,2,2,2,2,2,1,1,1,1,1,1,1,1,1,0,0,0,0,0,0,0,0,0,0,0,0,0,0,0,0,0,0,0,0,0,0,0,0,0,0,0,0,0,0,0,0,0,0,0,0,0,0,0,0,0,0,0,0,0,0,0,0,0,
82,56,53,40,55,60,66,79,90,94,118,115,126,135,134,148,163,168,192,213,232,242,267,272,301,337,357,363,382,440,441,449,476,493,519,536,566,584,613,643,669,687,698,717,729,747,758,785,801,826,824,838,852,838,822,795,798,828,791,813,794,815,782,750,753,738,719,707,700,689,661,640,613,612,625,609,590,573,551,539,520,490,483,469,458,435,408,389,359,348,321,304,289,275,252,241,235,222,199,192,177,175,159,149,144,137,129,122,114,116,106,106,101,95,93,87,79,73,71,62,61,55,50,52,55,51,51,47,44,39,40,39,36,35,34,29,26,27,27,26,26,27,26,24,23,21,19,18,17,15,14,14,14,14,14,12,11,10,12,11,11,9,8,6,6,5,5,5,5,5,6,5,6,5,4,4,4,3,3,3,3,2,2,2,2,2,1,1,1,1,1,1,1,1,1,1,1,1,1,1,0,0,0,0,0,0,0,0,0,0,0,0,0,0,0,0,0,0,0,0,0,0,0,0,0,0,0,0,0,0,0,0,0,0,0,0,0,0,0,0,0,0,0,0,0,0,0,0,0,0,0,0,0,0,0,0,0,0,0,0,0,0,0,0,0,0,0,0,0,0,0,0,0,0,0,0,0,0,
95,70,61,57,64,72,78,77,94,89,115,110,119,124,138,157,160,164,181,205,232,242,273,290,328,356,381,413,461,483,505,511,534,557,556,578,593,622,634,661,715,717,742,768,783,783,779,803,820,824,842,866,846,862,843,822,819,829,814,817,792,786,742,710,692,671,638,618,583,579,560,554,516,491,473,453,437,436,440,413,386,381,361,338,326,306,312,294,279,258,251,237,228,214,213,203,190,177,169,154,142,147,135,128,127,127,122,115,112,102,94,84,84,79,77,77,66,60,56,56,51,47,50,46,44,41,38,34,31,28,23,23,23,22,22,21,20,19,19,19,17,17,15,15,12,12,12,12,12,12,12,13,11,10,10,10,9,9,9,8,8,8,7,7,7,7,7,6,6,6,6,6,6,6,6,6,5,5,4,4,4,4,4,4,4,3,3,2,2,2,2,2,2,2,2,2,2,2,2,2,2,2,2,2,2,2,2,2,2,2,2,2,2,2,2,2,2,2,2,2,2,2,2,2,1,1,1,1,1,1,1,1,1,1,1,1,1,1,1,1,1,1,0,0,0,0,0,0,0,0,0,0,0,0,0,0,0,0,0,0,0,0,0,0,0,0,0,0,0,0,0,0,0,0,0,0,0,0,0,0,0,0,0,0,0,0,0,0,0,0,0,0,0,0,0,0,0,0,0,0,0,0,0,0,0,0,0,0,0,0,0,0,0,0,0,0,0,0,0,0,0,0,0,0,0,0,0,0,0,0,0,0,0,0,0,0,0,
78,57,63,59,61,74,79,83,87,83,93,97,100,111,124,123,132,146,173,177,185,205,221,252,257,293,301,295,323,358,394,431,453,457,487,511,542,553,580,615,634,659,665,690,697,720,740,765,763,784,781,770,772,768,763,769,790,763,750,773,754,729,718,707,709,706,687,672,655,651,630,625,608,582,561,547,528,541,531,517,491,471,469,464,454,437,427,414,394,386,387,381,363,347,349,335,330,325,324,313,298,299,283,266,257,247,244,229,218,212,211,207,198,187,162,161,159,152,140,135,122,119,113,108,101,103,95,90,87,82,79,69,72,67,65,63,63,57,53,51,50,51,50,53,49,48,42,36,30,32,27,28,32,27,25,25,25,22,20,19,19,17,15,13,13,12,12,14,10,11,10,9,8,7,6,6,7,8,6,6,8,8,6,5,5,5,5,5,5,4,4,3,3,2,2,2,2,2,3,2,2,2,2,2,2,2,2,2,2,2,2,2,2,2,2,2,1,1,1,1,1,1,1,1,1,1,1,1,1,1,1,1,1,1,1,1,1,1,1,1,1,1,1,1,1,1,1,1,1,1,1,1,1,1,1,1,1,1,0,0,0,0,0,0,0,0,0,0,0,0,0,0,0,0,0,0,0,0,
94,64,59,63,68,80,79,82,93,109,123,138,143,137,154,170,178,189,224,223,249,278,299,314,341,369,385,440,472,495,544,579,594,627,645,674,726,748,765,787,805,835,861,899,922,941,924,949,945,935,943,967,962,976,990,959,926,913,881,867,863,834,800,805,792,775,771,747,726,713,704,678,666,639,625,610,574,562,544,527,511,495,483,464,466,439,409,387,368,361,361,358,331,323,325,311,295,285,276,257,260,258,246,243,245,226,213,216,215,209,199,198,194,187,176,171,163,148,142,139,137,142,134,127,124,117,119,116,109,107,103,96,94,92,88,80,74,72,74,72,68,63,62,62,61,56,54,51,46,41,41,40,36,36,35,36,33,32,32,28,23,21,19,19,18,15,15,14,13,12,12,14,15,14,13,11,10,9,8,8,6,7,6,6,6,6,5,5,4,4,4,5,5,4,3,5,3,3,3,3,3,3,1,1,1,1,2,2,1,1,1,1,1,1,1,1,1,0,0,0,0,0,0,0,0,0,0,0,0,0,0,0,0,0,0,0,0,0,0,0,0,0,0,0,0,0,0,0,0,0,0,0,0,0,0,0,0,0,0,0,0,0,0,0,0,0,0,0,0,0,0,0,0,0,0,0,0,0,0,0,0,0,0,0,0,0,0,0,0,0,0,0,0,0,0,0,0,0,0,0,0,0,0,0,0,0,0,0,0,0,0,0,0,0,0,0,0,0,0,0,0,0,0,0,0,0,0,0,0,0,0,0,0,0,0,0,0,0,0,0,0,0,0,0,0,0,0,0,0,0,0,0,
82,52,53,57,67,69,66,71,68,81,91,94,104,127,119,127,150,169,175,186,204,224,238,254,268,313,346,383,428,449,467,478,498,530,562,573,638,660,673,676,688,731,722,742,761,811,818,827,869,859,906,938,943,941,956,977,980,983,961,942,956,961,948,935,928,910,884,861,875,853,838,816,811,759,750,717,684,665,633,617,593,569,551,522,507,487,479,481,454,425,401,363,357,344,332,318,297,290,261,258,247,240,228,225,209,199,192,179,174,171,158,149,132,126,129,119,114,112,100,93,93,86,84,78,70,72,67,65,58,61,56,53,51,48,43,39,38,33,34,32,32,33,32,33,30,30,29,23,21,21,21,19,19,19,21,20,20,19,17,15,13,12,12,13,14,15,15,16,14,13,13,12,10,9,6,3,4,3,3,4,4,4,6,7,3,3,2,2,2,2,2,2,2,2,2,2,2,1,1,1,1,1,1,1,2,2,1,1,1,1,1,1,1,1,1,1,1,1,1,1,1,1,1,1,1,1,1,1,1,1,1,1,1,1,1,1,0,0,0,0,0,0,0,0,0,0,0,0,0,0,0,0,0,0,0,0,0,0,0,0,0,0,0,0,0,0,0,0,0,0,0,0,0,0,0,0,0,0,0,0,0,0,
95,63,57,56,66,60,63,73,79,86,88,107,124,132,139,153,171,182,184,194,232,249,254,267,302,337,362,408,438,483,520,549,552,551,606,627,658,671,702,719,730,752,750,774,801,823,822,857,853,847,855,879,893,855,853,852,837,866,887,878,852,838,825,823,786,784,743,709,679,649,636,593,600,580,567,535,519,494,479,460,430,405,383,355,345,328,307,295,284,266,260,254,253,241,241,227,214,210,210,190,185,185,174,163,160,152,146,137,123,120,120,109,109,104,95,95,92,92,83,87,80,82,76,77,73,72,75,75,70,69,66,59,55,47,45,42,34,33,32,33,36,34,30,29,29,23,17,14,15,11,11,13,12,11,9,9,9,9,8,9,9,10,10,10,8,8,7,6,5,4,4,4,4,4,4,4,3,3,2,2,2,3,2,2,2,2,2,2,1,1,1,2,2,2,3,2,2,2,1,1,1,1,1,1,1,1,1,1,1,1,1,1,1,1,1,1,2,2,2,2,2,1,0,0,0,0,0,0,0,0,0,0,0,0,0,0,0,0,0,0,0,0,0,0,0,0,0,0,0,0,0,1,1,1,1,1,2,2,2,3,4,5,4,4,4,3,3,3,2,3,3,3,3,3,3,3,2,2,2,2,1,1,1,0,0,1,0,0,0,0,0,0,0,0,0,0,0,0,0,0,0,0,0,0,0,0,0,0,0,0,0,0,0,0,0,0,0,0,0,0,0,0,0,0,0,0,0,0,0,0,0,0,0,0,0,
92,69,59,65,75,92,98,101,105,123,141,144,150,163,172,191,200,208,238,255,281,316,314,336,372,433,473,483,506,551,574,611,646,667,731,749,786,816,837,871,873,879,889,926,924,938,967,981,987,978,989,965,993,959,961,949,938,920,926,881,841,825,802,775,749,715,739,706,708,684,675,643,621,590,560,554,543,513,497,497,461,429,425,397,366,349,326,307,300,273,258,253,253,242,238,221,213,198,195,184,175,167,158,154,145,136,125,125,120,114,112,113,102,100,101,92,86,82,78,74,70,68,64,61,59,57,53,54,49,46,43,44,43,40,33,31,32,31,29,30,30,28,27,27,25,24,22,18,18,17,17,18,15,14,14,13,12,12,12,11,11,10,9,8,8,8,8,7,7,6,5,5,5,4,4,2,2,2,2,2,1,1,1,1,1,1,1,1,1,1,1,1,1,1,1,1,1,1,1,1,1,1,1,1,1,1,1,1,1,1,1,1,1,1,1,1,1,1,1,1,1,1,1,1,1,1,1,1,1,1,0,0,0,0,0,0,0,0,0,0,0,0,0,0,0,0,0,0,0,0,0,0,0,0,0,0,0,0,0,0,0,0,0,0,0,0,0,0,0,0,0,0,0,0,0,0,0,0,0,0,0,0,0,0,0,0,0,0,0,0,0,0,0,0,0,0,0,0,0,0,0,0,0,0,0,0,0,0,0,0,0,0,0,0,0,0,0,0,0,0,0,0,0,0,
89,59,54,41,49,55,57,55,66,66,71,70,86,89,86,106,108,121,137,140,150,164,169,172,204,228,242,270,291,318,339,350,373,386,410,425,448,475,484,502,509,520,541,546,581,594,608,609,597,625,627,620,596,614,592,586,611,607,602,591,575,581,567,561,541,551,550,533,510,498,502,501,496,465,442,429,415,390,382,359,360,360,345,332,322,318,298,285,275,279,274,268,255,257,244,238,220,205,202,208,207,190,175,167,165,159,162,156,144,130,125,121,112,99,96,94,90,83,77,71,62,62,63,56,56,56,57,57,49,48,46,46,42,35,35,31,30,31,30,28,25,23,21,20,18,18,20,19,18,19,19,18,16,14,14,13,12,12,14,14,14,13,11,8,7,6,6,6,5,5,5,4,3,3,3,4,4,4,4,4,4,4,4,3,3,3,3,3,3,3,3,2,2,2,2,2,1,1,1,0,0,0,0,0,0,0,0,0,0,0,0,0,1,1,1,1,1,1,1,1,0,0,0,0,0,0,0,0,0,0,0,0,0,0,0,0,0,0,0,0,0,0,0,0,0,0,0,0,0,0,0,0,0,0,0,0,0,0,0,0,0,0,0,0,0,0,0,0,0,
78,57,49,50,50,62,66,74,73,71,85,90,90,89,104,120,125,134,142,171,184,207,224,237,264,284,305,315,352,380,423,423,455,487,525,546,552,576,616,629,653,681,689,742,756,776,795,812,817,799,783,788,771,756,765,782,794,796,783,777,779,787,736,731,737,732,709,683,681,674,679,656,648,613,591,552,536,533,525,493,492,468,462,436,429,408,405,375,368,367,350,348,331,331,314,297,290,279,260,261,255,235,207,201,191,196,175,171,162,155,150,137,130,133,127,120,109,102,103,95,89,90,77,73,74,72,76,74,73,58,49,50,51,47,48,48,45,41,39,35,34,34,32,27,23,23,18,17,17,15,15,17,16,14,15,12,10,8,7,7,6,8,6,7,7,7,8,8,10,7,5,5,5,5,4,4,3,5,4,4,5,5,6,7,7,7,6,5,7,8,4,4,5,7,7,4,5,6,5,4,3,2,2,2,2,3,2,3,4,3,2,4,5,5,5,4,4,3,3,2,1,1,1,1,1,1,1,1,1,1,1,1,1,2,2,1,1,1,1,1,0,0,0,0,0,0,0,0,0,0,0,0,0,0,0,0,0,
81,56,57,67,61,65,73,63,75,79,94,116,123,129,164,178,188,209,204,228,228,251,269,296,309,341,353,389,401,420,449,458,510,536,529,577,597,611,631,631,653,672,701,725,726,751,776,783,787,823,828,823,840,866,850,845,833,829,799,789,800,791,783,787,763,718,716,705,659,660,656,664,658,652,625,618,594,573,540,518,490,477,447,426,408,403,391,366,352,340,336,312,291,275,284,271,251,238,238,241,224,209,194,194,187,182,182,175,171,171,165,161,159,158,151,149,147,135,132,127,121,120,115,107,102,99,94,88,82,85,78,79,78,75,73,70,67,64,64,57,56,51,54,52,50,47,46,43,42,41,42,39,39,38,35,33,29,32,27,26,29,29,24,24,23,25,23,21,18,14,15,14,12,12,11,11,8,7,7,6,6,4,4,4,3,3,2,2,2,1,2,2,2,2,2,2,3,1,1,0,0,0,1,1,0,0,0,1,1,2,2,2,2,2,2,2,2,3,3,3,3,3,2,2,2,1,1,1,2,0,0,0,0,0,0,0,0,0,0,0,0,0,0,0,0,0,0,0,0,0,0,0,0,0,0,0,0,0,0,0,0,0,0,0,0,0,0,0,0,0,0,0,0,0,0,0,0,0,0,0,0,0,0,0,0,0,0,0,0,0,0,0,0,0,0,0,0,0,0,0,0,0,0,0,0,0,0,0,0,0,0,0,0,0,0,
87,62,55,52,52,60,68,75,72,84,90,110,130,137,141,148,152,165,184,194,218,227,248,280,299,323,349,379,401,415,453,469,478,538,561,604,638,665,688,714,739,780,822,878,887,904,941,944,960,999,1006,1023,1005,1028,1027,1005,1034,1043,1045,1038,1042,1019,1015,988,966,939,905,892,839,845,840,815,816,812,788,755,754,737,698,650,651,611,579,561,536,500,489,460,445,432,399,377,360,353,337,320,308,293,270,265,247,217,209,190,180,170,161,164,162,148,138,130,130,127,113,103,94,91,79,71,61,61,57,53,46,41,38,41,38,36,36,32,29,30,29,30,30,29,27,26,26,27,26,27,25,22,25,22,21,20,20,20,21,21,18,17,17,15,14,14,15,15,14,14,12,13,11,12,11,10,7,7,7,8,8,8,8,8,7,6,6,6,5,5,6,5,3,3,3,3,3,3,3,3,3,2,2,1,1,1,1,1,1,1,1,1,1,1,1,1,1,1,0,0,0,0,0,0,0,0,0,0,0,0,0,0,0,0,0,0,0,0,0,0,0,0,0,0,0,0,0,0,0,0,0,0,0,0,0,0,0,0,0,0,0,0,0,0,0,0,0,0,0,0,0,0,0,0,0,0,0,0,0,0,0,0,0,0,0,0,0,0,0,0,0,0,0,0,0,0,0,0,0,
81,57,49,57,54,60,57,61,72,85,94,100,106,134,137,139,143,134,149,157,193,219,240,250,276,301,303,312,336,351,374,411,439,486,484,504,536,552,591,648,704,743,780,815,831,851,856,888,909,911,933,930,931,935,945,930,931,925,918,925,919,899,907,872,877,862,862,879,827,799,772,774,770,732,723,694,675,632,596,597,587,579,530,510,493,463,470,473,458,423,391,389,375,356,355,319,294,277,262,265,255,242,232,229,215,207,189,185,171,169,156,153,155,144,133,125,119,106,97,91,91,83,76,69,67,67,59,51,47,46,44,42,45,43,41,35,33,32,33,27,27,30,35,36,31,30,27,21,21,20,20,17,15,15,14,11,11,10,11,9,8,8,8,7,6,4,4,5,4,3,3,3,3,3,4,3,3,3,3,3,2,2,2,2,2,2,2,2,2,3,2,2,2,2,2,1,1,1,1,1,1,1,1,1,1,1,1,1,1,1,1,1,1,1,1,1,1,1,1,1,1,1,1,1,1,1,1,1,0,0,0,0,0,0,0,0,0,0,0,0,
86,59,47,43,48,56,57,65,67,78,84,96,105,112,136,149,158,163,175,183,203,206,232,229,249,273,305,322,352,364,393,434,473,467,504,528,540,556,589,622,647,705,711,748,750,781,806,826,839,826,844,878,879,884,872,869,878,881,892,869,861,842,819,819,805,799,794,760,751,727,711,677,686,690,690,669,666,634,648,609,596,585,586,573,549,539,493,474,481,457,442,436,401,410,389,379,362,349,321,290,282,264,253,240,238,226,212,207,198,195,182,172,171,155,150,139,148,137,130,123,119,115,104,92,88,82,81,86,79,77,71,65,57,51,52,51,49,47,41,42,41,39,35,27,26,24,25,24,22,20,20,18,16,11,12,12,13,12,12,11,11,10,9,10,10,12,11,10,10,6,5,6,7,5,4,3,3,2,2,1,1,1,1,1,1,1,2,2,1,2,2,2,2,2,2,1,1,1,1,1,1,1,1,1,1,1,1,1,1,1,1,1,1,0,0,0,0,0,0,0,0,0,0,0,0,0,0,0,0,0,0,0,0,0,
87,63,50,44,49,47,62,61,61,68,80,82,87,98,109,111,136,137,165,184,214,237,229,264,282,302,320,336,333,338,351,369,381,397,402,398,435,482,500,518,548,585,602,607,634,643,652,653,678,696,716,717,711,717,740,743,742,744,735,727,746,735,723,721,713,704,681,677,659,639,619,601,585,589,558,533,531,504,514,497,463,456,429,407,391,372,357,345,340,336,325,314,296,278,259,241,222,218,203,194,182,177,165,156,155,143,137,134,122,115,113,107,108,102,104,90,83,84,84,81,73,69,69,63,61,57,59,59,54,54,45,41,38,35,31,28,31,32,27,27,26,24,21,18,18,16,16,15,13,11,11,10,10,9,8,8,8,6,6,5,6,6,4,4,4,4,4,4,4,4,3,2,2,2,2,3,3,3,3,2,2,2,2,2,2,2,2,2,2,2,2,2,1,1,1,1,1,1,1,1,1,1,0,0,0,0,0,0,0,0,0,0,0,0,0,0,0,0,0,0,0,0,0,0,0,0,0,0,0,0,0,0,0,0,0,0,0,0,0,0,0,0,0,0,0,0,0,0,0,0,0,0,0,0,0,0,0,0,0,0,0,0,0,0,0,0,0,0,0,0,0,0,0,0,0,0,0,0,0,0,0,0,0,0,0,0,0,0,0,0,0,0,0,0,0,0,0,0,0,0,0,0,0,0,0,0,0,0,0,0,0,0,0,0,
84,57,56,60,69,67,70,70,75,76,92,100,107,112,141,151,164,177,182,182,206,227,240,275,295,305,335,365,405,416,456,485,514,542,574,590,637,659,685,686,713,742,779,796,798,795,827,820,836,848,836,808,824,837,855,875,888,891,880,867,854,832,798,776,755,731,728,698,668,644,631,599,590,559,557,534,520,529,484,459,435,420,408,408,395,381,381,363,362,344,332,303,293,263,239,234,224,214,206,196,187,183,180,165,160,148,146,133,131,118,118,110,102,100,98,92,83,78,73,78,76,73,66,69,65,65,63,69,62,61,55,55,58,53,50,49,46,45,42,39,39,38,35,32,28,29,24,22,25,23,23,21,21,17,16,16,13,12,13,15,15,15,15,13,14,13,13,11,13,10,10,11,9,7,8,8,8,7,9,9,6,6,6,6,6,6,5,4,2,2,1,1,1,1,1,1,1,1,1,1,1,1,1,1,1,1,1,1,1,1,1,1,1,1,1,1,1,1,1,1,1,1,1,1,1,1,1,1,1,0,0,0,0,0,0,0,0,0,0,0,0,0,0,0,0,0,0,0,0,0,0,0,0,0,0,0,0,0,0,0,0,0,0,0,0,0,0,0,0,0,0,0,0,0,0,0,0,0,0,0,0,0,0,0,0,0,0,0,0,0,0,0,0,0,0,0,0,0,0,0,0,0,0,0,0,0,0,0,0,
88,58,59,60,65,61,76,80,86,98,112,132,137,150,150,167,178,201,216,233,252,276,296,325,360,390,400,446,469,496,512,535,546,583,596,615,642,677,674,675,705,726,760,777,796,810,830,810,845,856,873,880,856,849,867,874,862,884,876,834,825,786,786,772,743,748,738,725,712,680,654,623,617,592,540,515,506,488,481,488,463,468,457,438,418,402,377,368,341,330,318,300,289,264,243,239,223,211,215,197,184,180,175,167,164,154,147,142,136,132,119,113,109,112,108,103,92,88,83,77,75,70,72,70,68,60,58,57,57,54,50,49,45,43,44,44,44,44,39,40,38,36,39,33,31,30,27,27,28,25,26,23,23,20,21,21,19,19,16,15,16,16,15,15,16,16,16,16,15,17,14,12,12,9,10,10,9,8,7,6,5,5,6,4,4,4,4,4,4,3,2,2,2,2,2,2,2,2,2,1,1,1,1,1,1,1,1,1,1,1,1,1,1,1,1,1,1,1,1,1,1,1,1,1,1,1,1,1,1,1,1,1,1,1,1,1,1,1,1,1,1,1,1,1,1,1,1,1,1,1,1,1,1,1,1,1,1,1,1,1,1,1,1,1,1,1,1,1,1,1,1,1,1,1,1,1,1,1,1,1,1,1,1,1,1,1,1,1,1,1,1,1,1,1,1,1,1,1,1,1,1,1,1,1,1,1,
78,51,41,38,38,40,42,44,48,51,51,65,66,76,82,78,81,92,114,126,144,144,151,167,187,202,246,261,264,276,306,319,336,355,386,434,437,489,512,555,556,562,579,614,656,707,725,737,769,792,776,768,772,782,784,746,750,738,746,726,736,713,689,689,662,656,637,633,614,584,528,527,494,477,459,421,402,393,379,371,345,336,331,310,296,287,271,254,255,242,227,227,228,223,218,210,203,198,199,188,182,169,174,164,156,154,148,150,146,145,141,137,138,140,126,126,123,121,110,106,106,99,98,95,88,87,90,88,82,77,75,70,72,69,67,63,62,61,54,56,53,51,52,44,39,38,40,39,39,40,41,37,30,31,32,32,30,31,31,28,29,29,26,28,28,23,19,17,14,16,13,14,16,17,17,17,17,16,18,18,16,15,14,11,10,10,12,11,8,8,7,7,5,3,3,3,3,2,3,3,3,3,2,2,1,1,1,1,1,1,1,1,1,0,0,0,0,1,1,1,1,1,0,0,0,0,0,0,0,0,0,0,0,0,0,0,0,0,0,0,0,0,0,0,0,0,0,0,0,0,0,0,0,0,0,0,0,0,0,0,0,0,0,0,0,0,0,0,0,0,0,0,0,0,0,0,0,0,0,0,0,0,0,0,0,0,0,0,0,0,0,0,0,0,
89,64,71,70,68,72,74,87,93,105,110,130,141,147,160,162,184,203,209,213,239,241,263,300,336,383,416,445,437,450,488,532,550,594,614,636,684,688,730,752,766,801,817,838,842,875,906,921,953,983,994,1014,1016,1009,1012,1016,1009,999,975,982,983,990,988,942,948,921,914,896,891,903,871,833,809,776,744,702,699,664,646,623,596,569,540,519,478,474,459,441,428,411,403,380,366,353,348,335,310,294,274,262,258,244,240,233,239,237,222,216,197,187,173,182,164,161,149,140,129,133,133,133,118,106,108,95,93,91,88,73,68,69,64,59,56,52,50,45,45,44,39,39,37,35,26,28,29,26,24,22,23,22,22,20,20,20,16,14,16,16,16,12,12,12,12,12,11,12,12,12,12,11,11,10,9,9,9,9,9,8,8,9,9,9,9,9,9,8,8,9,8,7,7,7,7,7,7,7,7,7,6,6,6,6,6,5,5,5,4,4,4,4,4,4,3,3,3,3,3,3,2,2,2,2,1,1,1,1,1,1,1,1,1,1,1,1,1,1,1,1,1,1,1,1,1,1,1,1,1,1,1,1,1,1,1,1,1,1,1,1,1,1,1,1,1,1,
88,69,70,67,70,79,82,91,92,95,108,121,132,134,141,158,167,182,196,216,234,266,276,298,315,349,379,411,433,450,464,485,517,538,542,542,577,604,619,671,696,667,684,705,697,679,732,732,741,742,755,775,783,782,761,762,768,773,752,728,724,712,695,664,681,677,677,658,644,649,604,577,570,544,556,538,519,504,496,469,477,463,452,431,409,410,412,394,407,393,401,375,342,339,335,311,296,280,272,265,250,245,243,216,209,209,200,193,191,185,180,169,159,151,134,135,127,112,107,104,110,101,87,74,66,65,59,55,53,48,46,43,45,42,38,36,33,33,34,35,33,32,32,30,32,28,26,25,23,20,19,19,17,19,15,16,16,16,13,11,10,9,10,8,8,7,6,4,3,3,3,2,2,3,3,4,4,4,4,4,2,4,3,2,1,0,0,0,0,0,0,0,0,0,0,0,0,0,0,0,0,0,0,0,0,0,0,0,0,0,0,0,0,0,0,0,0,0,0,0,0,0,0,0,0,0,0,0,0,0,0,0,0,0,0,0,0,0,0,0,0,0,0,0,0,
79,51,44,53,63,70,74,88,86,92,94,104,112,135,140,155,165,169,181,192,209,239,265,290,294,311,347,373,402,453,469,507,542,542,570,620,632,642,661,664,713,730,760,771,769,793,803,786,808,821,813,828,805,812,801,806,775,797,798,803,802,792,769,765,747,708,705,686,637,607,596,592,593,570,543,533,492,474,454,443,417,406,372,360,343,325,300,277,274,254,238,231,223,210,216,208,194,188,188,188,174,165,169,172,160,160,154,146,152,148,156,151,133,130,133,126,118,108,106,111,107,100,98,100,93,83,76,74,74,71,65,62,60,62,56,56,58,57,53,54,51,47,43,44,42,40,38,36,32,31,31,31,30,28,30,33,33,30,29,24,25,25,22,19,16,18,19,17,12,12,10,6,7,7,7,7,8,5,5,6,7,5,5,6,6,6,5,5,5,4,4,3,3,3,3,2,2,2,2,2,2,2,2,2,2,2,2,1,1,1,1,1,1,1,1,1,1,1,1,1,1,1,1,1,1,1,1,1,1,1,1,1,1,1,1,1,1,1,1,1,1,1,1,1,1,1,0,0,0,0,0,0,0,0,0,0,0,0,0,0,0,0,0,0,0,0,
87,59,43,43,48,49,55,61,66,67,75,79,97,110,120,112,120,119,139,161,165,183,191,209,227,231,260,262,284,294,319,323,379,392,412,414,467,483,512,546,584,590,601,634,662,676,673,706,716,726,729,729,721,741,742,746,758,728,715,721,748,727,706,703,710,708,707,718,697,673,672,662,634,584,588,580,598,579,550,539,527,522,501,492,460,444,434,414,404,379,365,356,337,305,289,271,272,254,232,226,229,204,188,184,171,164,142,141,126,118,118,113,116,114,106,98,101,95,83,82,82,74,68,58,56,52,50,40,42,40,40,36,35,32,30,30,28,27,29,27,24,22,20,18,16,16,16,16,15,13,12,11,11,10,10,9,9,9,9,8,7,8,8,7,6,6,5,4,3,3,3,2,2,2,2,2,2,2,2,2,3,3,3,2,1,1,1,0,1,1,1,1,1,1,1,1,1,1,1,1,1,1,1,1,1,1,1,1,1,1,1,0,0,0,0,0,0,0,0,0,0,0,0,0,0,0,0,0,0,0,0,0,0,0,0,0,0,0,0,0,0,0,0,0,0,0,0,0,0,0,0,0,0,0,0,0,0,0,0,
79,54,44,38,48,51,58,65,66,80,79,78,89,104,118,126,123,145,157,182,187,204,214,227,233,250,261,292,313,303,336,353,344,371,418,409,460,467,493,487,491,484,505,513,509,512,540,529,525,520,544,532,518,519,501,500,488,485,482,481,468,457,457,451,453,443,427,414,411,391,368,346,332,316,299,293,283,279,272,265,250,237,241,239,230,222,219,219,208,209,197,186,166,160,166,155,154,149,135,131,124,127,129,124,120,112,107,106,104,101,100,98,92,81,73,84,77,81,76,69,63,65,70,68,62,63,61,66,64,61,61,63,58,56,54,48,45,44,39,39,36,33,40,32,33,32,34,37,29,28,25,25,23,22,22,16,14,14,16,14,11,12,10,10,8,7,6,6,8,8,9,7,6,5,5,5,4,3,3,3,3,3,3,3,3,3,2,2,2,2,2,2,2,2,2,2,2,1,1,0,0,0,0,0,0,0,0,0,0,0,0,0,0,0,0,0,0,0,0,0,0,0,0,0,0,0,0,0,0,0,0,0,0,0,0,0,0,0,0,0,0,0,0,0,0,0,0,0,0,0,0,0,0,0,0,0,0,0,0,0,0,0,0,0,0,0,0,0,0,0,0,0,0,0,0,0,0,0,0,0,0,0,0,0,0,0,0,0,0,0,0,0,0,0,
86,65,57,57,60,73,79,86,90,91,98,111,128,135,145,147,163,193,215,236,246,253,270,290,310,343,337,368,383,423,446,466,491,508,550,585,586,626,630,647,653,664,670,665,678,691,690,706,714,696,686,673,679,684,683,691,713,693,689,696,670,660,657,662,647,642,637,627,601,586,592,586,584,565,549,534,527,521,508,483,482,471,472,441,428,399,388,386,384,376,365,343,335,311,305,283,285,274,273,263,257,240,231,233,230,217,214,205,189,178,177,178,166,153,154,148,135,124,122,113,111,112,101,94,89,94,89,90,89,86,84,81,83,80,73,68,71,63,69,65,58,53,49,49,48,44,41,37,32,30,28,27,26,24,24,26,24,20,20,20,19,16,17,16,17,16,17,16,15,15,16,13,12,11,12,11,11,11,11,11,11,9,8,8,8,8,9,8,7,5,5,5,4,4,4,4,4,4,4,2,2,2,2,2,3,2,2,2,2,2,1,1,1,1,1,1,1,1,1,1,1,1,1,1,1,1,1,1,1,1,1,1,1,1,1,1,1,1,1,1,1,1,1,1,1,1,1,1,1,1,1,1,1,0,0,0,0,0,0,0,0,0,0,0,0,0,0,0,0,0,0,0,0,0,0,0,0,0,0,0,0,0,0,0,0,0,0,0,0,0,0,0,0,0,0,0,0,0,0,0,0,0,0,0,0,0,
88,68,65,65,69,72,81,90,100,106,112,123,127,141,157,163,177,193,212,246,268,298,313,347,371,382,411,426,471,496,534,559,566,619,626,643,666,688,721,746,800,834,840,868,881,899,909,929,949,940,956,950,1008,986,1012,977,946,947,925,937,920,900,893,873,860,837,809,769,753,763,731,730,708,694,675,668,650,624,611,594,585,555,549,526,511,495,489,484,479,447,423,413,402,399,385,374,358,352,346,308,289,281,275,266,246,236,222,208,202,194,187,174,155,148,145,148,139,132,122,121,116,116,104,98,91,90,87,84,77,72,67,64,56,53,53,52,49,46,43,37,37,35,35,35,31,29,26,26,27,24,21,19,19,15,16,15,15,14,13,11,10,10,8,7,7,7,7,6,6,6,6,6,5,6,5,5,4,3,3,2,2,1,1,1,1,1,1,1,1,1,1,1,0,0,0,0,0,0,0,0,0,0,0,0,0,0,0,0,0,0,0,0,0,0,0,0,0,0,0,0,0,0,0,0,0,0,0,0,0,0,0,0,0,0,0,0,0,0,0,0,0,0,0,0,0,0,0,
84,72,62,57,62,68,68,79,85,98,113,121,115,125,142,154,160,179,206,224,239,250,269,306,306,331,339,356,398,411,429,473,508,531,555,595,619,607,633,663,667,666,698,719,717,740,761,781,781,808,827,831,847,825,821,805,794,784,786,782,756,757,732,732,734,722,672,655,635,611,610,597,603,604,583,574,564,522,502,500,494,494,484,450,449,435,428,415,418,395,377,375,370,362,339,346,334,322,318,311,303,293,305,300,278,280,270,248,246,247,246,241,226,226,213,206,201,205,192,199,186,169,164,163,153,153,146,146,134,128,109,105,105,89,87,76,76,74,68,59,58,54,53,47,41,42,40,37,38,38,34,34,31,31,31,31,29,33,30,29,28,25,22,18,16,15,14,14,15,13,12,12,13,12,11,10,10,9,8,8,8,8,7,7,6,6,6,6,6,6,6,6,6,5,4,4,4,4,3,3,2,2,2,2,2,2,2,2,2,2,2,1,1,1,1,1,1,1,1,1,1,1,1,1,1,1,1,1,1,1,1,1,1,1,1,1,0,0,0,0,0,0,0,0,0,0,0,0,0,0,0,0,0,0,0,0,0,0,0,0,0,0,0,0,0,0,0,0,0,0,0,0,0,0,0,0,0,
82,57,51,53,54,58,70,78,77,82,90,100,109,118,133,154,154,170,190,199,220,253,272,296,323,345,387,398,402,424,484,524,545,582,617,628,642,648,664,692,757,771,796,794,799,824,824,835,822,844,859,869,862,878,836,832,838,831,812,839,852,822,795,800,780,775,754,718,734,706,672,663,633,604,586,577,571,537,516,497,490,463,443,427,404,382,371,351,335,312,314,293,283,262,236,217,210,197,203,179,169,161,151,156,151,146,141,139,126,118,117,108,107,96,96,90,82,78,76,73,73,70,65,65,63,59,56,49,46,41,43,37,38,39,38,36,34,30,29,26,26,26,23,22,24,23,22,19,15,15,14,12,9,8,8,9,10,9,8,7,8,8,7,6,6,4,3,3,3,3,2,2,2,3,3,3,3,3,3,3,3,2,2,3,2,2,3,3,1,2,2,2,2,2,2,1,1,1,2,1,1,1,1,0,0,0,0,0,1,0,0,0,0,0,0,0,0,0,0,0,0,0,0,0,0,0,0,0,0,0,0,0,0,0,0,0,0,0,0,0,0,0,0,0,0,0,0,0,0,0,0,0,0,0,0,0,0,0,0,0,0,0,0,0,0,0,0,0,0,0,0,0,0,0,0,0,0,0,0,0,0,0,0,0,0,0,0,0,0,0,0,0,0,0,0,0,0,0,0,0,0,0,0,0,0,0,0,0,0,0,0,0,0,0,0,0,0,0,0,0,0,0,0,0,0,0,0,0,0,0,0,0,
100,70,61,59,56,65,71,78,81,86,106,110,111,125,138,147,158,185,213,227,255,269,280,297,335,349,392,400,429,471,512,518,546,586,610,606,630,647,675,709,723,772,787,803,828,878,893,895,903,927,931,930,920,914,901,885,881,899,913,898,886,886,847,832,811,833,827,816,798,789,765,718,714,709,701,681,640,639,593,618,603,585,561,540,530,493,492,484,440,437,431,405,382,376,360,347,342,333,329,308,294,281,270,264,256,244,247,238,224,218,210,201,192,177,169,159,139,140,136,135,121,119,120,108,104,98,90,85,78,77,73,79,75,76,70,66,62,59,49,46,46,44,40,39,35,37,38,37,39,32,34,32,36,35,29,31,28,28,30,27,27,25,24,26,21,20,20,18,17,13,13,13,12,11,9,10,9,8,7,7,7,7,8,8,8,7,8,8,7,8,8,7,6,4,4,3,3,2,2,2,2,2,2,2,1,1,1,1,1,1,1,1,1,1,1,1,1,1,1,1,1,1,1,1,1,1,1,1,1,1,1,1,1,1,1,1,1,1,1,1,1,1,1,1,1,1,1,1,1,1,1,1,1,1,1,1,1,1,1,1,1,1,1,1,1,1,1,1,1,1,1,1,1,1,1,1,1,1,1,1,1,1,1,1,1,1,1,1,1,1,1,1,1,1,
86,66,60,50,51,64,67,71,81,90,101,109,113,122,137,148,166,183,203,229,237,254,277,291,308,328,340,390,411,429,462,495,515,549,570,569,585,588,627,651,672,696,731,739,758,773,796,806,795,801,792,795,789,790,798,784,803,815,812,789,798,813,791,757,755,740,748,754,732,731,682,683,676,676,675,632,628,593,555,544,522,494,486,478,467,445,442,418,401,401,397,378,372,358,355,347,330,294,300,291,280,269,261,261,255,234,218,212,206,202,187,175,180,172,158,156,150,144,140,133,135,136,130,125,118,112,112,107,107,102,92,91,87,84,82,81,78,73,70,59,60,54,53,51,51,49,48,44,41,38,36,34,30,29,28,29,31,26,25,22,20,20,19,18,16,15,12,11,12,13,11,11,11,10,8,7,10,9,8,8,9,8,8,8,8,7,8,7,7,6,5,4,3,2,2,1,1,1,1,1,1,1,1,1,1,1,1,1,1,1,1,1,1,1,1,1,1,1,1,1,1,1,1,1,1,1,1,1,1,1,1,1,1,1,1,1,1,1,1,1,1,1,1,1,1,1,1,1,1,1,1,1,1,1,1,1,1,1,1,1,0,0,0,0,0,0,0,0,0,0,0,0,0,0,0,0,0,0,0,0,0,0,0,0,0,0,0,0,0,0,0,0,0,0,0,0,0,0,0,0,0,0,0,0,0,0,0,0,0,0,0,0,0,0,0,0,0,0,0,0,0,0,0,0,0,0,0,0,0,0,
77,56,49,51,52,55,61,69,67,77,72,77,85,95,108,111,132,155,175,182,189,196,214,231,255,270,279,289,310,326,355,378,391,398,391,441,459,474,478,512,515,535,550,564,583,591,621,642,644,653,666,676,676,668,687,688,676,670,657,627,620,623,596,592,572,564,559,557,531,523,528,505,495,479,459,444,430,417,413,396,391,391,384,369,362,348,334,320,302,285,267,263,258,252,246,228,216,213,206,198,201,201,180,163,151,155,151,139,127,120,117,109,108,90,86,85,87,75,79,77,78,71,70,62,60,53,54,50,48,42,40,39,40,44,39,37,34,35,29,24,21,21,20,20,18,18,19,17,16,17,16,13,11,10,9,9,10,10,9,9,10,9,9,8,7,7,7,7,7,5,5,4,4,5,5,5,6,6,6,7,7,6,8,7,6,6,6,6,6,5,4,4,4,4,4,4,4,4,4,4,4,4,4,4,3,4,3,3,4,5,4,4,4,4,4,2,2,2,2,2,3,3,3,3,3,3,2,2,1,1,1,0,0,0,0,0,0,0,0,0,0,0,0,0,0,0,0,0,0,0,0,0,0,0,0,0,0,0,0,0,0,0,0,0,0,0,0,0,0,0,0,0,0,0,0,0,0,0,0,0,0,0,0,0,0,0,0,0,0,0,0,0,
85,66,54,55,62,61,71,80,86,105,112,132,138,146,160,174,193,218,224,241,258,276,287,305,339,358,379,392,415,446,485,517,551,580,582,604,651,666,686,706,715,730,744,768,811,816,824,830,827,806,799,806,796,786,785,761,768,751,716,717,693,679,655,644,612,595,566,557,528,528,500,503,489,469,450,436,417,383,357,352,329,315,308,292,287,272,260,249,231,220,215,215,199,191,184,171,161,157,157,154,146,144,138,133,124,111,108,91,93,87,83,83,76,76,68,70,64,62,61,60,63,57,54,49,49,47,43,45,47,44,40,35,34,30,27,29,26,26,25,27,27,29,22,25,25,24,22,21,19,24,23,20,20,19,18,19,15,15,13,13,12,13,13,13,12,10,9,10,9,8,8,9,8,8,8,8,8,7,8,8,7,7,8,5,5,4,2,2,2,2,2,1,1,1,1,1,1,1,1,1,1,1,1,1,1,1,1,1,1,1,1,1,1,1,1,1,1,1,1,1,1,1,1,1,1,1,1,1,1,0,0,0,0,0,0,0,0,0,0,0,0,0,0,0,0,0,0,0,0,0,0,0,0,0,0,0,0,0,0,0,0,0,0,0,0,
104,68,58,54,55,62,62,61,67,73,77,83,93,104,104,121,134,142,162,178,179,187,206,227,242,263,285,331,358,362,382,394,439,436,476,488,492,538,539,556,627,610,631,640,664,677,682,704,712,727,768,767,762,747,760,794,804,804,795,782,778,778,750,732,727,716,709,691,675,643,636,614,593,576,571,567,541,527,507,510,505,489,482,492,458,440,420,395,405,393,362,343,326,331,327,306,286,278,268,262,254,234,230,207,202,192,187,170,177,172,163,154,153,132,126,122,113,105,106,91,88,86,86,87,83,66,59,63,65,63,61,58,52,46,49,47,36,35,39,38,38,40,36,36,30,26,26,24,27,26,26,20,18,15,17,17,15,16,15,14,12,11,11,11,10,10,10,9,9,9,9,9,9,9,11,9,8,8,9,9,8,5,5,4,5,5,5,5,7,6,3,3,3,3,2,2,2,2,2,2,2,2,2,2,2,1,1,0,0,0,0,0,0,0,0,0,0,0,0,0,0,0,0,0,0,0,0,0,0,0,0,0,0,0,0,0,0,0,0,0,0,0,0,0,0,0,0,0,0,0,0,0,0,0,0,0,0,0,0,
81,69,54,55,58,59,70,71,66,63,71,80,98,99,114,106,120,131,130,150,165,187,190,209,205,220,233,259,262,286,291,329,338,366,384,416,440,459,482,507,535,554,557,599,604,639,636,662,660,673,695,703,699,708,709,729,725,717,699,697,677,665,646,649,635,642,623,618,606,598,577,543,551,546,548,529,503,469,439,436,427,423,413,394,362,363,357,352,355,331,321,317,297,285,251,248,242,234,224,205,198,182,161,158,151,141,141,146,136,128,123,119,114,106,107,102,99,93,84,80,80,84,83,84,82,76,68,62,63,61,59,60,62,57,57,50,51,48,42,43,44,44,42,41,37,38,37,36,37,35,34,33,32,31,31,28,31,27,25,24,21,18,17,17,17,17,13,14,12,12,12,11,10,10,10,8,7,5,5,5,5,4,4,3,3,3,2,2,3,2,2,1,1,1,1,1,1,1,1,1,1,1,1,1,1,1,1,1,1,1,1,1,1,1,1,1,1,1,1,1,1,1,1,1,1,1,1,1,1,1,1,1,1,1,1,1,1,1,0,0,0,0,0,0,0,0,0,0,0,0,0,0,0,0,0,0,0,0,0,0,0,0,0,0,0,0,0,0,0,0,0,0,0,0,0,0,0,0,0,0,0,0,0,0,0,0,0,0,0,0,0,0,0,0,0,0,0,0,0,0,0,0,0,0,0,0,0,0,0,0,
95,73,65,61,68,68,73,72,85,92,99,110,127,131,142,160,162,197,213,227,247,262,293,301,314,335,357,381,409,402,420,444,472,491,541,567,595,606,633,657,682,695,710,740,782,795,802,793,799,822,810,814,822,817,827,804,799,785,802,779,778,766,763,734,707,692,655,639,648,637,631,620,606,578,560,559,516,495,491,494,482,455,434,414,392,368,372,368,342,319,317,311,298,288,271,264,249,239,224,214,196,186,180,178,170,158,154,152,139,125,121,109,106,98,93,86,83,87,82,77,71,71,73,66,64,67,66,66,60,63,59,54,48,37,37,32,30,29,22,19,19,19,15,14,14,14,14,13,14,11,9,11,6,5,5,6,6,6,6,4,3,3,3,2,2,2,2,2,2,2,2,2,2,1,1,1,1,1,1,1,1,1,1,1,1,1,1,1,1,1,1,1,1,1,1,1,1,1,1,1,1,1,1,1,1,1,1,1,1,1,1,1,1,1,1,1,1,0,0,0,0,0,0,0,0,0,0,0,0,0,0,0,0,0,0,0,0,0,0,0,0,0,0,0,0,0,0,0,0,0,0,0,0,0,0,0,
84,62,70,69,71,78,70,78,85,92,105,114,127,132,145,160,169,189,181,202,234,259,284,316,345,338,346,385,403,416,441,461,465,478,518,548,549,571,583,617,631,667,707,713,725,745,741,736,736,738,735,739,749,740,724,754,736,727,700,707,707,724,706,695,666,655,626,616,590,604,584,537,537,515,498,480,475,458,455,429,410,409,401,388,376,354,342,325,305,297,285,278,271,258,255,245,221,223,216,210,199,194,184,176,173,164,151,140,135,129,127,126,119,114,108,109,103,100,95,87,85,80,76,74,69,67,67,65,63,61,60,59,56,50,46,40,35,35,36,31,28,29,25,22,20,19,19,19,19,20,21,23,21,19,20,17,15,14,12,10,10,10,13,12,11,10,10,11,11,9,9,8,8,8,8,8,10,9,8,8,6,6,3,2,2,2,2,2,2,3,4,4,4,4,4,5,5,5,5,4,4,4,3,2,2,3,2,0,0,0,0,0,0,0,0,0,0,0,0,0,0,0,0,0,0,0,0,0,0,0,0,0,0,0,0,0,0,0,0,0,0,0,0,0,0,0,0,0,0,0,0,0,0,0,0,0,0,0,0,0,0,0,0,0,0,0,0,0,0,0,0,0,0,0,0,0,0,0,0,0,0,0,0,0,0,0,0,0,0,0,0,0,0,0,0,0,0,0,0,0,0,0,0,0,0,0,0,0,0,0,0,0,0,0,0,0,0,0,0,0,0,0,0,0,0,0,0,0,0,0,0,0,0,0,0,0,0,0,0,0,0,0,0,0,0,0,0,0,0,0,0,
89,63,58,56,62,70,73,80,85,84,97,120,131,144,146,164,183,190,205,248,262,280,291,303,331,342,365,384,401,426,432,452,456,452,474,479,500,520,542,542,531,551,582,593,583,583,596,606,596,587,585,606,602,598,600,600,591,587,557,567,559,545,540,533,547,539,532,537,509,494,493,495,495,476,456,459,466,461,456,430,412,399,394,390,391,370,365,352,342,343,318,316,296,274,259,244,235,213,206,205,196,189,185,171,163,152,137,139,136,140,123,118,115,111,110,112,105,94,88,90,85,77,67,65,63,61,60,56,61,56,51,51,51,52,50,45,42,39,39,38,35,32,31,32,29,26,22,18,18,17,18,14,15,14,14,13,13,13,14,11,11,10,9,8,8,7,6,5,4,4,4,4,4,4,4,4,4,4,4,3,3,3,2,2,2,2,2,2,2,2,2,2,2,2,1,1,1,1,1,1,1,1,1,1,1,1,1,1,1,1,1,1,1,1,1,1,1,1,1,1,1,1,1,1,1,1,1,1,1,1,1,1,1,1,1,1,1,1,1,1,1,1,1,1,1,1,1,1,1,1,1,1,1,1,1,1,1,1,1,1,1,0,0,0,0,0,0,0,0,0,0,0,0,0,0,0,
81,59,55,62,60,58,67,79,91,100,110,122,135,146,174,176,188,201,208,223,252,263,282,272,302,311,337,378,377,391,426,457,476,508,530,557,576,611,633,648,685,705,725,764,768,776,792,807,834,852,889,908,910,908,923,925,905,905,900,920,918,903,873,854,864,839,816,831,808,763,746,703,706,680,674,630,607,605,574,551,511,488,461,454,439,419,389,375,375,366,356,345,327,315,293,281,266,260,252,247,229,223,217,217,204,194,187,188,170,156,148,143,142,134,126,120,117,114,104,100,95,88,85,81,74,76,74,70,64,58,50,52,53,50,44,41,40,38,39,36,33,32,30,28,29,27,23,23,22,22,19,19,16,18,16,17,17,18,18,17,15,14,14,12,12,8,9,9,8,6,6,6,4,6,7,7,7,7,7,6,6,6,7,5,4,4,4,4,4,4,3,3,2,2,2,1,1,1,2,1,1,1,1,1,1,1,0,0,0,0,0,0,0,0,0,0,0,0,0,0,0,0,0,0,0,0,0,0,0,0,0,0,0,0,0,0,0,0,0,0,0,0,0,0,0,0,0,0,0,0,0,0,0,0,0,0,0,0,0,0,0,0,0,0,0,0,0,0,0,0,
89,59,58,55,55,58,65,71,74,79,84,87,106,115,133,130,149,153,167,171,185,190,211,231,246,259,269,284,315,321,363,414,418,442,465,505,534,548,558,575,600,632,668,672,692,703,736,733,750,732,716,722,712,747,754,754,763,779,786,774,765,748,748,714,699,679,669,652,614,611,602,588,590,573,567,595,566,533,522,495,472,465,463,448,421,417,379,373,356,362,352,339,330,313,297,295,283,265,260,254,249,229,228,210,196,198,188,187,173,168,166,167,150,148,148,142,139,140,136,126,124,117,106,108,98,97,87,77,79,78,74,70,66,55,59,52,51,46,46,43,40,48,43,41,42,42,42,38,34,31,28,27,26,23,23,21,19,21,19,18,19,17,15,15,15,16,15,16,15,12,12,13,11,10,9,9,9,9,9,7,8,7,5,5,6,5,6,5,6,6,6,5,4,2,3,3,2,1,1,1,1,2,2,2,3,3,3,3,2,2,2,3,2,2,2,1,1,1,1,1,1,1,1,1,1,1,1,1,1,1,1,1,1,1,1,1,1,1,1,1,1,1,1,1,1,1,1,1,1,1,1,1,1,1,1,1,1,1,1,1,1,1,
86,57,51,57,70,79,86,83,89,109,112,125,137,151,164,168,186,213,225,234,245,267,299,297,330,342,381,409,430,487,521,546,560,581,613,644,681,698,726,735,738,763,742,769,765,759,786,799,817,832,865,865,901,886,877,874,875,883,886,878,846,864,849,843,823,820,777,759,751,718,696,682,662,640,623,602,579,553,536,514,478,460,440,406,369,371,354,338,317,298,290,283,261,249,256,242,235,217,208,202,191,180,180,175,173,165,155,144,147,134,130,117,117,108,101,100,92,81,82,84,82,79,80,77,74,67,58,52,49,46,41,43,42,38,37,36,33,32,31,31,29,28,29,25,22,22,17,15,14,13,11,11,10,10,10,10,10,9,10,9,7,6,5,5,5,6,6,6,5,5,5,5,5,4,4,3,3,3,3,3,3,3,3,3,3,3,3,3,3,3,3,3,3,2,2,2,2,2,2,1,0,0,0,0,0,0,0,0,0,0,0,0,0,0,0,0,0,0,0,0,0,0,0,0,0,0,0,0,0,0,0,0,0,0,0,0,0,0,0,0,0,0,0,0,0,0,0,0,0,0,0,0,0,0,0,0,0,0,0,0,0,0,0,0,0,0,0,0,0,0,0,0,0,0,0,0,0,0,0,0,0,0,0,0,0,0,0,0,
93,56,53,53,48,50,47,49,58,62,70,71,82,81,79,84,84,87,101,109,126,128,142,149,156,183,203,223,222,247,265,271,296,298,324,341,354,374,401,412,429,439,454,490,483,507,504,514,525,533,552,564,568,582,577,606,571,598,595,559,554,558,577,597,592,580,566,542,528,533,502,513,504,493,468,453,442,447,424,420,395,375,372,356,347,338,337,318,312,287,280,275,265,264,263,255,251,248,245,230,221,211,200,195,199,183,174,166,142,138,140,132,132,125,117,114,112,110,107,105,99,89,84,89,81,77,79,73,74,71,69,60,54,53,49,46,47,48,43,41,41,36,36,37,33,28,26,24,20,21,19,18,18,19,18,18,16,15,15,14,16,14,13,12,11,11,10,10,9,7,7,6,6,7,7,7,7,6,6,6,6,5,5,5,4,4,4,4,4,4,4,4,4,4,4,4,4,3,3,3,3,3,3,3,3,3,3,3,2,2,2,2,2,2,2,2,2,1,1,1,1,1,1,1,1,1,1,1,1,1,1,1,1,1,1,1,1,1,1,1,1,1,1,1,1,1,1,1,1,1,1,1,1,1,1,1,1,1,1,1,1,1,1,1,1,1,1,1,1,1,1,1,1,1,1,1,1,1,1,1,1,1,1,1,1,1,1,1,1,1,1,1,1,1,1,1,1,1,1,1,1,1,1,1,1,1,1,1,1,1,1,1,1,1,1,
76,56,54,47,45,54,59,66,82,85,93,97,100,110,113,138,154,170,186,200,222,238,233,244,276,318,354,366,387,402,438,480,513,507,544,566,597,627,655,644,672,680,697,706,714,692,742,759,791,774,776,778,801,817,786,790,778,772,773,754,726,733,735,752,732,692,690,662,653,645,622,597,566,554,534,521,501,471,470,446,429,412,386,389,372,347,333,326,312,292,274,260,253,256,248,229,214,199,192,181,173,165,154,151,143,134,126,123,115,105,103,92,86,80,83,80,75,77,69,64,66,63,60,56,55,52,50,47,46,46,42,42,38,32,32,33,31,28,29,23,19,20,21,20,20,17,15,14,13,11,12,10,9,10,9,8,6,6,6,5,5,4,5,4,4,3,2,2,2,2,2,2,1,1,1,1,1,1,1,1,1,2,2,2,1,1,1,1,1,1,1,0,0,0,1,0,0,0,0,0,0,0,0,0,0,0,0,0,0,0,0,0,0,0,0,0,0,0,0,0,0,0,0,0,0,0,0,0,0,0,0,0,0,0,0,0,0,0,0,0,0,0,0,0,0,0,0,0,0,0,0,0,0,0,0,0,0,0,0,0,0,0,0,0,0,0,0,0,0,0,0,
92,69,66,66,68,77,76,88,90,94,113,128,141,152,168,179,204,219,227,247,286,299,329,372,397,426,466,511,540,580,599,623,662,705,733,757,799,847,892,894,926,965,975,973,1000,985,1014,1018,1033,1056,1070,1064,1052,1022,1043,1039,1021,1020,998,974,956,960,922,901,864,837,812,774,746,744,736,717,681,664,628,619,614,591,571,521,507,471,457,448,420,407,391,377,357,334,341,329,305,293,275,264,236,223,205,202,196,189,178,170,166,154,151,154,145,132,125,111,108,103,90,89,89,84,81,81,71,69,66,60,56,52,49,50,43,39,36,33,29,27,25,23,24,23,22,23,22,19,20,19,17,15,13,12,11,11,12,12,11,9,7,7,6,5,4,3,3,4,4,5,4,4,4,4,4,4,3,3,3,2,2,2,2,2,2,2,2,2,1,1,1,1,1,1,1,1,1,1,1,1,1,1,1,1,1,1,0,0,0,0,0,0,0,0,0,0,0,0,0,0,0,0,0,0,0,0,0,0,0,0,0,0,0,0,0,0,0,0,0,0,0,0,0,0,0,0,0,0,0,0,0,0,0,0,0,0,0,0,0,0,0,0,0,0,0,0,0,0,0,0,0,0,0,0,0,0,0,0,0,0,0,0,0,0,0,0,0,0,0,
91,69,63,62,66,72,75,81,92,94,117,137,141,153,162,172,184,202,220,233,251,276,298,320,350,375,418,415,446,478,513,530,551,592,626,666,670,694,721,743,763,770,792,814,833,840,847,814,821,809,794,793,796,774,783,764,743,722,715,693,687,666,642,609,586,549,525,512,495,488,466,444,434,418,418,393,372,353,347,331,310,304,295,272,269,268,263,244,231,225,208,192,183,176,169,161,158,153,146,135,123,111,107,98,102,100,95,83,85,86,87,84,79,73,62,58,52,51,49,49,47,48,41,37,37,34,31,29,31,31,31,30,29,23,24,26,24,22,20,22,20,17,13,14,17,15,15,15,14,12,11,9,8,8,7,6,4,4,4,4,3,3,2,2,2,2,2,2,2,2,0,0,0,0,0,0,0,0,0,0,0,0,0,0,0,0,0,0,0,0,0,0,0,0,0,0,0,0,0,0,0,0,0,0,0,0,0,0,0,0,0,0,0,0,0,0,0,0,0,0,0,0,0,0,0,0,0,0,0,0,0,0,0,0,0,0,0,0,0,0,0,0,0,0,0,0,0,0,0,0,0,0,0,0,0,0,0,0,0,0,0,0,0,0,0,0,0,0,0,0,0,0,0,0,0,0,0,0,0,0,0,0,0,0,0,0,0,0,0,0,0,0,0,0,0,0,0,0,0,0,0,0,0,0,0,0,0,0,0,0,0,0,0,0,0,0,0,0,0,0,0,0,0,0,0,0,0,0,0,0,0,0,0,0,0,0,0,0,0,0,
83,62,47,47,45,53,61,66,70,78,83,107,105,118,130,136,151,156,168,176,192,217,207,235,256,276,299,309,325,346,346,368,408,448,463,504,509,524,547,565,594,613,632,652,658,679,717,736,738,724,751,766,768,734,773,785,769,774,754,739,722,724,691,705,701,666,650,628,630,602,597,570,553,547,515,499,494,474,464,436,416,405,382,379,357,344,335,319,311,280,279,267,257,257,242,223,215,213,211,198,180,168,159,145,145,142,148,146,129,123,122,120,112,108,103,100,95,101,98,101,96,88,85,89,91,83,67,67,62,60,58,54,52,47,43,43,43,46,45,44,45,39,34,28,30,30,25,25,26,26,24,25,27,23,27,26,21,21,18,19,18,13,16,11,12,14,10,8,8,7,6,7,9,7,9,8,10,10,12,13,14,14,12,13,10,10,7,5,5,4,4,4,4,5,3,3,3,3,4,5,6,7,3,3,4,4,5,5,3,3,2,2,2,3,3,4,4,4,3,3,3,3,3,3,3,2,2,1,0,0,0,0,0,0,0,0,0,0,0,0,0,0,0,0,0,0,0,0,0,0,0,0,0,0,0,0,0,0,0,0,0,0,0,0,0,0,0,0,0,0,0,0,0,0,0,0,0,0,0,0,0,0,0,0,0,0,0,0,0,0,0,0,0,0,0,0,0,0,0,0,0,0,0,0,0,0,0,0,0,0,0,0,0,0,0,0,0,0,0,0,0,0,0,0,0,0,0,0,0,0,0,0,0,0,0,0,0,0,0,0,
84,52,47,39,31,34,34,39,45,52,59,69,73,83,97,93,114,125,136,148,161,183,196,227,226,238,264,287,315,329,341,379,429,438,439,478,484,499,497,523,536,585,595,599,623,636,671,702,716,721,744,752,758,761,764,738,766,782,807,783,775,773,755,754,755,774,750,716,705,680,694,650,627,605,590,555,530,519,490,480,477,469,450,452,456,451,436,416,413,385,383,375,345,340,331,321,302,309,292,294,278,271,262,245,239,230,212,212,202,197,190,180,167,158,162,148,146,143,141,129,125,110,103,94,92,86,86,84,79,74,69,71,74,74,64,61,56,60,61,56,51,51,47,46,45,45,41,36,38,38,35,32,30,27,24,19,19,18,19,15,15,16,15,15,13,13,13,9,8,7,5,5,5,5,5,4,3,3,2,3,3,3,3,3,2,2,2,2,2,2,1,1,1,1,1,1,1,1,1,1,1,1,1,1,1,1,1,1,1,1,1,1,1,1,1,1,1,1,1,0,0,0,0,0,0,0,0,0,0,0,0,0,0,0,0,0,0,0,0,0,0,0,0,0,0,0,0,0,0,0,0,0,0,0,0,0,0,0,0,0,0,0,0,0,0,0,0,0,0,0,0,0,0,0,0,0,0,0,0,0,0,0,0,0,0,0,0,0,0,0,0,0,0,0,0,0,0,0,0,0,0,0,0,0,0,0,0,0,0,0,0,0,0,0,0,0,0,0,0,0,0,0,0,0,0,0,0,0,0,0,0,0,0,0,0,0,0,0,0,0,0,0,
93,71,61,67,64,58,66,68,78,82,96,106,113,126,138,155,162,168,174,190,204,236,255,289,314,326,348,367,416,444,454,465,487,507,553,594,602,618,655,679,728,744,738,783,823,790,810,826,840,829,852,845,873,875,849,841,854,871,859,850,826,801,798,804,780,755,735,735,720,719,693,674,632,602,583,557,548,537,519,498,483,454,458,432,411,391,370,347,345,330,326,310,286,274,260,247,240,232,219,216,198,188,174,154,153,141,140,129,117,112,118,113,100,91,92,88,90,82,76,71,68,56,57,54,57,54,53,53,57,51,50,51,46,46,43,43,37,32,32,32,31,31,27,27,25,24,23,24,23,20,18,14,12,13,10,9,8,8,8,7,7,7,7,7,7,7,7,7,7,7,7,6,6,6,5,4,3,3,3,2,2,2,2,2,2,2,2,2,2,2,2,2,2,2,2,2,2,2,2,2,2,2,2,2,2,2,1,1,1,1,1,1,1,1,1,1,1,1,1,1,1,1,1,1,1,1,1,1,1,1,1,1,1,1,1,1,1,1,1,1,1,1,1,1,1,1,1,1,1,1,1,1,1,1,1,1,1,1,1,1,1,1,1,1,1,1,1,1,1,1,1,1,1,1,1,1,1,1,1,1,1,1,1,1,1,1,1,1,1,1,1,1,1,1,1,1,1,1,0,0,0,0,0,0,0,0,0,0,0,0,0,0,0,0,0,0,0,0,0,0,0,0,0,0,0,0,0,0,0,0,0,0,0,0,0,0,0,0,0,0,0,0,0,0,0,0,0,0,0,0,0,0,0,0,0,0,0,0,0,0,0,0,0,0,0,0,0,0,0,0,0,0,0,0,0,0,0,0,0,0,0,0,0,0,0,0,0,0,0,0,0,0,0,0,0,0,0,0,0,0,0,0,0,0,0,0,0,0,0,0,0,0,0,0,0,0,0,0,0,0,0,0,0,0,0,0,0,0,0,0,0,0,0,0,0,0,0,0,0,0,0,0,0,0,0,0,0,0,0,0,0,0,0,0,0,0,0,0,0,0,0,0,0,0,0,0,0,0,0,0,0,0,0,0,0,0,0,0,0,0,0,0,0,0,0,0,0,0,0,0,0,0,0,0,0,0,0,0,0,0,0,0,0,0,0,0,0,0,0,0,0,
94,68,58,59,60,69,68,73,89,98,107,112,117,127,153,171,174,190,222,245,262,261,274,288,330,363,378,406,430,444,456,489,514,562,573,588,599,648,692,722,753,748,745,761,799,800,815,837,860,892,895,898,907,938,935,918,909,868,860,842,831,801,799,748,741,723,704,709,713,682,649,641,628,592,589,569,554,543,510,487,459,446,432,421,390,382,381,362,352,340,324,312,301,278,279,267,259,238,230,228,210,206,207,189,178,164,162,152,142,144,139,124,123,117,115,107,100,102,93,88,77,74,74,69,64,60,59,58,55,54,53,55,49,44,44,38,36,35,33,31,28,27,21,22,20,20,18,17,15,13,14,14,14,14,14,13,13,13,13,13,11,11,9,10,10,8,9,10,9,8,7,6,6,6,6,5,5,5,5,4,4,4,3,2,2,2,2,1,1,1,1,1,1,1,1,1,1,1,1,1,1,1,1,1,1,1,1,1,1,1,1,1,
83,59,51,51,53,64,68,70,72,87,96,116,119,142,141,162,177,199,199,194,229,255,278,290,306,322,357,401,437,474,513,528,562,601,633,651,699,732,756,766,794,817,832,847,873,897,873,914,893,910,887,867,839,831,857,862,835,836,821,810,797,786,744,731,725,724,683,699,679,685,634,622,595,581,571,555,553,546,535,520,485,467,472,438,436,415,409,391,365,356,339,331,314,293,281,282,274,271,261,241,239,223,206,189,185,186,175,167,154,154,148,141,137,135,129,123,113,100,89,82,78,69,67,69,58,54,52,43,40,38,39,37,36,34,31,26,25,25,23,24,24,20,20,18,14,13,10,10,9,8,7,7,8,9,7,6,5,5,5,5,7,7,7,6,7,5,4,3,4,3,3,3,3,3,1,1,1,1,1,1,1,1,1,1,1,1,1,1,1,1,0,0,0,0,0,0,1,1,1,1,1,1,0,0,0,1,1,0,0,0,0,0,0,0,0,0,0,0,0,0,0,0,0,0,0,0,0,0,0,1,1,1,0,0,0,0,0,0,0,0,0,0,0,0,0,0,0,0,0,0,0,0,0,0,0,0,0,0,0,0,0,0,0,0,0,0,0,0,0,0,0,0,0,0,0,0,0,0,0,0,0,0,0,0,0,0,0,0,0,0,0,0,0,0,0,0,0,0,0,0,0,0,0,0,0,0,0,0,0,0,0,0,0,0,0,0,0,0,0,0,0,0,0,0,0,0,0,
86,65,65,68,67,66,74,75,65,79,88,96,101,120,146,159,178,182,196,202,222,238,268,279,280,326,355,353,386,410,434,453,507,519,539,565,608,634,661,701,711,736,765,775,817,835,851,867,857,863,860,897,903,911,922,882,893,866,869,857,859,842,829,795,769,765,760,752,749,743,742,707,712,690,678,664,626,604,597,560,548,554,540,556,535,520,516,504,465,460,426,418,398,394,359,343,334,330,323,302,286,271,255,235,218,201,198,181,171,170,165,158,151,142,133,132,121,121,117,111,100,92,82,75,66,64,65,63,62,56,50,48,49,45,44,45,46,44,41,39,36,33,32,29,26,27,28,23,19,18,18,17,18,17,15,17,14,13,14,13,11,11,7,6,6,6,6,6,7,5,5,4,4,4,4,4,4,4,4,4,2,2,2,2,1,1,1,1,1,1,1,1,1,1,1,1,1,1,1,1,1,1,1,1,1,1,1,1,1,1,1,1,1,1,1,1,1,1,1,1,1,1,1,1,1,1,1,1,1,1,1,1,1,1,1,2,2,1,1,1,1,1,0,0,0,0,0,0,0,0,0,0,0,0,0,0,0,0,0,0,0,0,0,0,0,0,0,0,0,0,
88,61,57,55,59,65,62,74,84,90,93,104,122,132,138,162,174,182,188,197,221,242,267,292,310,330,343,368,392,426,468,488,514,517,513,563,608,637,641,660,671,723,741,771,788,820,806,813,837,819,854,867,860,832,833,883,871,875,847,851,856,824,811,820,788,765,782,735,725,680,688,646,644,657,663,613,597,582,542,553,552,525,511,484,463,440,412,406,392,393,374,362,356,337,333,309,291,288,278,249,236,226,223,217,201,192,179,171,172,164,147,137,137,124,120,119,122,118,107,102,101,98,96,88,79,79,68,66,61,62,59,52,54,51,48,49,41,42,39,38,38,31,30,29,28,26,24,24,21,20,18,17,15,15,16,15,15,14,15,14,12,11,10,9,9,9,9,7,7,7,7,7,7,7,7,9,9,7,6,4,3,2,2,3,1,1,1,1,1,1,2,2,2,2,2,1,1,1,1,1,1,1,1,1,1,1,1,1,1,1,1,1,1,1,1,1,1,1,1,1,1,1,1,1,1,1,0,0,0,0,0,0,0,0,0,0,0,0,0,0,0,0,0,0,0,0,0,0,0,0,0,0,0,0,0,0,0,0,0,0,0,0,0,0,0,0,0,0,0,0,0,0,0,0,0,0,0,0,0,0,0,0,0,0,0,0,0,0,0,0,0,0,0,0,0,0,0,0,0,0,0,0,0,0,0,0,0,0,0,0,0,0,0,0,0,0,0,0,0,0,0,0,0,0,0,0,0,0,0,0,0,0,0,0,0,0,0,0,0,0,0,0,0,0,0,
91,68,58,57,62,68,74,89,104,106,123,125,132,139,167,173,181,199,220,225,237,260,278,299,326,359,375,397,409,429,440,486,505,569,597,625,624,660,691,703,733,744,772,782,798,808,842,868,869,914,920,905,934,925,906,871,867,861,865,891,865,881,843,812,795,791,754,708,712,684,689,668,652,637,605,590,588,552,537,535,515,512,481,484,460,452,407,389,381,390,386,372,367,341,328,320,302,273,267,258,238,235,208,199,199,187,176,162,154,155,145,135,128,116,111,106,102,103,98,89,79,80,74,71,63,62,61,58,56,49,48,43,42,44,40,39,34,33,34,33,31,25,25,25,26,25,23,22,18,20,20,20,19,16,14,15,14,14,13,11,9,9,7,6,6,5,5,5,5,5,5,4,4,4,4,4,3,3,3,3,3,3,3,3,2,2,2,2,2,2,2,2,2,2,2,2,2,2,2,2,2,2,2,2,2,2,2,2,2,2,2,1,1,1,1,0,0,0,0,0,0,0,0,0,0,0,0,0,0,0,0,0,0,0,0,0,0,0,0,0,0,0,0,0,0,0,0,0,0,0,0,0,0,0,0,0,0,0,0,0,0,0,0,0,0,0,0,0,0,0,0,0,0,0,0,0,0,0,0,0,0,0,0,0,0,0,0,0,0,0,0,0,0,0,0,0,0,0,0,0,0,0,0,0,0,0,0,0,0,0,0,0,0,0,0,0,0,0,0,0,0,0,0,0,0,0,0,0,0,0,0,0,0,0,0,0,0,0,0,0,0,0,0,0,0,0,0,0,0,0,0,0,0,0,0,0,0,0,0,0,0,0,0,0,0,0,0,0,0,0,0,0,0,0,0,0,0,0,0,0,0,0,0,0,0,0,0,0,0,0,0,0,0,0,0,0,0,0,0,0,0,0,0,0,0,0,0,0,0,0,0,0,0,0,0,0,0,0,0,0,0,0,0,0,0,0,0,0,0,0,0,0,0,0,0,0,0,0,0,0,0,0,0,0,0,0,0,0,0,0,0,0,0,0,0,0,0,0,0,0,0,0,0,0,0,0,0,0,0,0,0,0,0,0,0,
81,56,47,50,52,52,49,55,72,83,101,97,90,104,107,115,124,141,155,186,191,204,216,232,244,267,291,311,328,356,373,416,448,458,482,511,510,545,613,661,676,698,734,735,755,797,797,791,809,806,837,875,896,902,901,910,927,920,925,937,926,897,867,860,840,795,738,715,705,672,674,652,640,638,593,584,577,555,542,536,514,490,472,467,459,442,441,399,405,391,370,350,338,350,338,320,319,312,298,285,279,267,258,253,248,239,214,209,202,197,185,174,173,165,152,142,137,126,130,129,120,108,107,104,96,85,74,71,71,70,66,65,59,57,54,52,46,45,44,44,43,45,41,39,36,38,36,33,33,31,29,29,27,26,23,20,19,18,16,17,17,14,14,14,13,16,15,13,13,12,11,12,12,10,9,9,10,10,9,8,7,7,7,6,6,6,5,5,5,5,5,4,4,4,4,4,3,3,3,2,2,2,2,1,1,1,1,1,1,1,1,1,1,1,1,1,1,1,1,0,0,0,0,0,0,0,0,0,0,0,0,0,0,0,0,0,0,0,
99,70,61,61,59,64,76,76,85,93,99,104,112,127,141,149,172,186,203,232,234,250,265,298,316,333,357,376,406,417,453,479,499,505,540,581,620,656,666,684,689,735,743,789,817,818,789,784,778,784,804,799,823,795,840,832,816,828,822,817,789,773,785,774,742,739,712,668,650,657,660,626,594,599,594,565,554,566,539,522,492,497,483,466,440,408,392,384,382,368,355,330,317,313,289,274,263,231,227,222,207,197,196,190,171,166,167,151,152,146,143,126,125,115,119,108,95,90,88,84,82,78,75,74,67,61,59,55,57,53,48,48,47,47,44,45,45,40,40,39,40,37,33,30,31,29,27,26,22,21,20,20,20,16,17,16,12,13,13,14,15,15,14,13,14,12,10,10,9,8,9,8,10,8,7,7,7,8,7,8,8,6,5,4,3,3,2,2,2,3,3,3,3,3,3,3,3,3,3,3,3,3,3,4,4,4,2,1,0,0,0,0,0,0,0,0,0,0,0,0,0,0,0,0,0,0,0,0,0,0,0,0,0,1,1,1,0,0,0,0,0,0,0,0,0,0,0,0,0,0,0,0,0,0,0,0,0,0,0,0,0,0,0,0,0,0,0,0,0,0,0,0,0,0,0,0,0,0,0,0,0,0,0,0,
79,55,53,55,62,63,57,61,65,73,84,96,112,124,130,141,151,169,181,189,208,220,235,271,304,319,329,351,370,392,415,439,452,505,526,548,576,586,625,624,642,647,655,664,721,745,743,764,771,771,773,774,795,795,808,798,797,770,762,771,725,717,695,677,671,661,648,637,619,613,579,571,567,543,529,554,526,510,502,491,473,460,442,432,413,398,386,377,365,352,347,341,319,290,271,266,264,238,238,234,226,215,203,198,201,187,181,172,163,164,162,156,146,145,136,128,119,117,108,98,94,87,77,75,73,69,63,65,63,54,54,55,48,47,42,46,43,41,39,36,31,29,26,29,27,26,25,22,21,17,17,16,16,13,13,12,13,12,11,11,12,12,11,10,8,7,9,11,12,11,10,11,11,10,8,8,8,8,8,7,7,7,6,6,5,6,6,6,6,6,6,6,6,6,5,5,6,6,7,6,5,5,4,4,4,4,3,4,3,3,3,3,3,3,3,3,3,2,2,2,2,1,1,1,1,1,1,1,1,1,1,1,1,1,1,1,1,1,1,1,1,1,1,1,1,1,1,1,1,1,1,1,1,1,1,1,1,1,1,1,1,1,1,1,1,1,1,1,1,1,1,1,1,1,1,1,1,1,1,1,1,1,1,1,1,1,1,1,1,1,1,1,1,1,1,1,1,1,1,1,1,1,1,1,1,1,1,1,1,
83,57,49,46,58,60,67,78,85,106,106,111,124,141,162,180,185,195,197,224,243,252,267,306,353,384,427,426,473,532,570,611,644,641,685,718,756,780,805,852,875,868,876,870,893,888,876,899,904,888,865,863,844,813,821,815,799,793,780,772,763,708,694,683,639,626,617,610,583,568,542,537,515,521,489,472,457,440,420,414,387,370,364,363,366,340,322,309,312,309,285,263,250,244,235,228,218,207,204,198,188,175,166,161,148,145,136,131,127,122,115,112,103,100,96,88,81,78,77,76,64,63,59,52,49,45,46,41,41,36,40,37,36,38,35,34,31,28,26,27,25,25,25,25,24,22,21,22,23,21,17,17,17,15,17,15,14,11,9,9,8,7,7,5,4,4,4,4,4,4,4,4,4,4,3,2,2,2,2,2,2,2,2,2,2,2,2,2,2,1,1,1,1,1,1,1,1,0,0,0,0,0,0,0,0,0,0,0,0,0,0,0,0,0,0,0,0,0,0,0,0,0,0,0,0,0,0,0,0,0,0,0,0,0,0,0,0,0,0,0,0,0,0,0,0,0,0,0,0,0,0,0,0,0,0,0,0,0,0,0,0,0,0,0,0,0,0,0,0,0,0,0,0,0,0,0,0,0,0,0,0,0,0,0,0,0,0,0,0,0,0,0,0,0,0,0,0,0,0,0,0,0,0,0,0,0,0,0,0,0,0,0,0,0,0,0,0,0,0,0,0,0,0,0,0,0,0,0,0,0,0,0,0,0,0,0,0,0,0,0,0,0,0,0,0,0,0,0,0,0,0,0,0,0,0,0,0,0,0,0,0,0,0,
78,49,41,35,40,46,48,56,56,62,67,68,79,96,104,116,125,134,141,147,162,176,193,203,215,223,256,254,264,266,297,317,345,356,367,382,407,413,416,437,461,479,506,540,537,547,556,579,576,606,652,650,643,641,618,623,612,639,634,659,658,653,660,633,615,624,600,601,595,590,596,572,564,550,515,521,507,511,500,469,463,448,449,437,434,405,405,386,374,365,364,344,321,321,307,284,291,273,254,237,229,211,201,193,180,181,176,163,151,147,145,149,141,134,133,134,125,112,98,93,85,86,83,79,73,72,66,68,62,60,45,46,50,50,46,39,36,33,36,36,35,35,33,28,29,28,28,26,28,23,23,22,20,19,20,20,21,21,17,16,15,15,13,13,13,13,13,14,11,12,11,11,12,11,9,9,9,10,10,10,10,10,9,8,8,9,9,8,9,8,8,8,8,8,9,7,8,7,7,7,6,6,5,5,5,5,6,4,4,5,4,4,4,4,4,4,4,4,4,4,4,4,4,4,4,4,4,4,4,4,3,3,4,4,4,4,2,2,2,2,2,2,2,2,2,2,2,2,2,2,2,2,2,2,2,2,2,3,2,2,2,2,2,2,2,2,2,1,1,1,1,0,0,0,0,0,0,0,0,0,0,0,0,0,0,0,0,0,0,0,0,0,0,0,0,0,0,0,0,0,
80,60,53,58,63,67,74,78,89,103,110,124,133,154,160,181,196,212,232,264,282,309,334,341,365,390,414,459,473,507,551,580,596,630,636,665,684,720,743,771,776,804,833,842,833,838,858,872,862,862,866,865,888,867,850,843,842,810,816,781,756,749,727,716,695,668,651,620,615,578,590,567,559,553,525,520,488,493,494,473,449,422,413,404,387,374,371,338,335,328,290,261,242,249,244,229,205,195,189,180,177,161,150,136,137,135,131,120,107,96,97,91,85,81,77,67,64,65,63,60,56,56,51,53,53,48,39,42,39,39,39,33,33,29,26,25,24,22,20,17,15,15,15,13,11,10,8,7,5,4,4,4,4,4,4,4,3,3,4,4,4,3,3,2,2,1,1,1,2,1,1,1,1,0,0,0,0,0,0,0,0,0,0,0,0,0,0,0,0,0,0,0,0,0,0,0,0,0,0,0,0,0,0,0,0,0,0,0,0,0,0,0,0,0,0,0,0,0,0,0,0,0,0,0,0,0,0,0,0,0,0,0,0,0,0,0,0,0,0,0,0,0,0,0,0,0,0,0,0,0,0,0,0,0,0,0,0,0,0,0,0,0,0,0,0,0,0,0,0,0,0,0,0,0,0,0,0,0,0,0,0,0,0,0,0,0,0,0,0,0,0,0,0,0,0,0,0,0,0,0,0,0,0,0,0,0,0,0,0,0,0,0,0,
85,68,57,59,62,63,67,77,83,86,93,99,103,122,134,134,140,166,175,199,220,233,275,298,310,335,357,350,396,437,458,499,522,547,571,612,615,662,688,716,719,757,796,829,848,867,904,891,897,907,926,913,912,937,939,942,920,923,892,886,858,865,852,872,837,821,794,778,774,754,746,728,706,696,672,682,669,652,606,571,557,517,473,465,446,414,404,386,370,363,340,324,319,306,293,269,253,243,234,231,225,217,212,196,191,185,167,156,148,136,130,129,125,117,107,110,98,91,86,86,86,73,65,66,63,57,60,57,56,56,48,48,44,43,40,38,34,34,32,35,30,28,27,26,22,22,19,15,14,14,15,15,13,11,11,12,11,9,7,7,8,7,5,6,6,5,5,5,4,4,3,3,3,3,1,1,1,1,1,1,1,1,1,1,1,0,0,0,0,0,0,0,0,0,0,0,0,0,0,0,0,0,0,0,0,0,0,0,0,0,0,0,0,0,0,0,0,0,0,0,0,0,0,0,0,0,0,0,0,0,0,0,0,0,0,0,0,0,0,0,0,0,0,0,0,0,0,0,0,0,0,0,0,0,0,0,0,0,0,0,0,0,0,0,0,0,0,0,0,0,0,0,0,0,0,0,0,0,0,0,0,0,0,0,0,0,0,0,0,0,0,0,0,0,0,0,0,0,0,0,0,0,0,0,0,0,0,0,0,0,0,0,0,0,0,0,0,0,0,0,0,0,0,0,0,0,0,0,0,0,0,0,0,0,0,0,0,0,0,0,0,0,0,0,0,0,0,0,0,0,0,0,0,0,0,0,0,0,0,0,0,0,0,0,0,0,0,0,0,0,
92,53,52,51,49,59,63,83,99,99,109,123,128,136,148,160,171,179,213,231,246,290,314,313,366,374,378,414,433,439,455,485,491,523,519,540,594,620,630,636,620,657,676,695,681,660,686,685,693,673,690,675,658,663,647,645,652,652,646,631,620,611,611,603,587,579,566,560,558,562,544,526,532,530,518,509,499,472,457,441,423,406,378,368,361,343,333,329,326,299,274,273,252,232,234,216,207,198,193,178,163,161,147,137,125,114,114,107,104,105,102,94,97,92,90,82,78,72,68,62,54,49,52,47,43,38,38,36,34,34,31,34,31,31,29,27,24,21,22,24,24,22,22,19,19,15,15,14,14,15,15,12,9,8,7,6,6,7,6,6,6,6,5,5,5,4,4,3,3,3,2,2,2,2,2,2,2,2,2,2,2,2,2,2,2,2,2,2,2,1,1,1,1,1,1,1,1,0,0,0,0,0,0,0,0,0,0,0,0,0,0,0,0,0,0,0,0,0,0,0,0,0,0,0,0,0,0,0,0,0,0,0,0,0,0,0,0,0,0,0,0,0,0,0,0,0,0,0,0,0,0,0,0,0,0,0,0,0,0,0,0,0,0,0,0,0,0,0,0,0,0,0,0,0,0,0,0,0,
86,66,58,55,66,77,89,101,114,124,135,147,167,199,207,225,251,262,289,314,342,351,373,400,417,440,481,516,507,549,563,591,620,648,673,710,737,751,782,753,800,784,784,822,838,843,855,863,856,857,856,862,843,834,830,805,812,779,735,720,713,689,654,640,623,620,603,587,585,566,560,554,539,523,502,502,484,473,451,440,427,398,381,372,368,357,342,335,303,303,294,267,266,252,238,229,224,222,217,220,207,201,198,190,190,179,180,161,155,155,149,150,137,131,116,113,110,96,101,96,97,91,91,94,91,84,87,80,67,64,62,58,58,57,55,52,46,44,39,39,37,39,38,38,38,29,29,27,25,29,28,25,25,24,28,26,23,21,21,14,13,13,12,13,11,10,8,7,7,7,6,6,7,6,6,5,4,5,5,5,5,6,6,6,6,5,5,4,4,4,4,6,4,4,4,4,4,4,4,5,4,3,3,3,3,3,3,3,3,3,3,3,3,3,3,3,3,2,2,1,1,1,1,1,1,1,1,1,1,1,1,0,0,0,0,0,0,0,0,0,0,0,0,0,0,0,0,0,0,0,0,0,0,0,0,0,0,0,0,0,0,0,0,0,0,0,0,0,0,0,0,0,0,0,0,0,0,0,0,0,0,0,0,0,0,0,0,0,0,0,0,0,0,0,0,0,0,0,0,0,0,0,0,0,0,0,0,0,0,0,0,0,0,0,0,0,0,0,0,0,0,
86,64,56,52,56,69,77,75,85,86,93,108,122,137,151,159,169,207,226,245,256,276,298,333,354,383,409,430,495,508,518,543,548,559,600,614,631,653,653,682,704,743,780,756,774,761,788,798,796,806,827,827,865,856,831,819,812,796,783,784,761,771,760,746,739,701,700,679,642,642,625,608,586,582,557,553,541,525,502,480,475,462,446,422,404,389,360,354,327,312,301,286,262,264,240,234,228,224,199,179,172,165,161,155,150,141,135,117,113,110,98,95,91,82,82,82,78,74,71,69,66,66,61,54,48,48,44,43,41,42,39,37,33,32,33,31,29,29,26,26,28,26,24,24,20,20,21,21,21,19,18,20,19,19,18,18,16,16,14,13,10,10,8,8,9,7,6,6,5,3,2,2,2,2,2,3,2,2,1,0,0,0,0,0,0,0,0,0,0,0,0,0,0,0,0,0,0,0,0,0,0,0,0,0,0,0,0,0,0,0,0,0,0,0,0,0,0,0,0,0,0,0,0,0,0,0,0,0,0,0,0,0,0,0,0,0,0,0,0,0,0,0,0,0,0,0,0,0,0,0,0,0,0,0,0,0,0,0,0,0,0,0,0,0,0,0,0,0,0,0,0,0,0,0,0,0,0,0,0,0,0,0,0,0,0,0,0,0,0,0,0,0,0,0,0,0,0,0,0,0,0,0,0,0,0,0,0,0,0,0,0,0,0,0,0,0,0,0,0,0,0,0,0,0,0,0,0,0,0,0,0,0,0,0,0,0,0,0,0,0,0,0,0,0,0,0,0,0,0,0,0,0,0,
77,55,59,58,60,58,68,69,75,94,102,112,123,110,125,147,144,155,162,170,187,213,225,255,269,288,297,309,314,330,368,407,419,441,465,490,511,532,523,550,559,602,615,639,649,657,676,706,725,720,750,745,751,728,753,732,722,727,692,688,681,655,641,639,604,572,553,534,539,533,517,510,504,504,495,494,477,461,448,452,446,434,401,406,398,375,358,354,340,318,305,282,275,274,261,254,236,235,225,217,212,204,204,194,187,179,164,155,150,145,132,126,110,118,113,111,108,102,97,90,94,91,91,87,83,79,79,73,67,68,57,64,63,58,57,55,51,53,54,52,53,53,46,46,47,47,53,59,54,54,48,55,57,56,54,57,53,49,51,58,61,53,60,53,51,51,50,45,44,44,49,48,38,35,35,32,29,29,28,27,24,22,21,18,18,18,16,15,14,14,12,13,11,10,8,6,6,5,4,4,4,4,4,4,4,4,4,4,4,5,4,4,5,4,3,3,3,4,4,5,5,5,2,3,2,1,1,1,1,1,1,1,1,1,1,1,1,1,1,1,1,1,1,1,0,0,0,0,0,0,0,0,0,0,0,0,0,0,0,0,0,0,0,0,0,0,0,0,0,0,0,0,0,0,0,1,1,1,1,1,1,1,1,1,1,1,1,1,1,1,0,0,0,0,0,0,0,0,0,0,0,0,0,0,1,0,0,0,0,0,0,0,0,0,0,0,0,0,0,0,0,0,0,0,0,0,0,0,0,0,0,0,0,0,0,0,0,0,0,0,0,0,0,0,0,0,0,0,0,0,0,0,0,
89,66,62,68,62,72,83,96,111,129,129,132,161,162,185,202,210,221,233,250,268,305,318,341,361,379,391,409,440,449,460,478,499,545,563,578,593,610,629,662,687,707,712,697,701,705,733,747,741,767,788,790,794,788,754,750,709,719,703,686,653,646,637,622,613,614,599,581,562,541,532,490,474,468,462,441,429,416,413,393,370,357,355,336,333,320,286,272,263,263,254,234,231,230,209,195,181,172,173,164,154,148,135,139,131,131,123,120,118,108,104,105,102,98,91,81,74,77,73,65,61,57,51,51,55,57,54,48,47,42,37,35,33,32,28,29,25,23,23,20,18,19,20,20,21,16,16,13,13,14,14,12,12,12,12,12,10,10,8,7,7,7,7,7,7,6,6,6,7,5,5,6,6,6,6,6,5,2,2,2,2,2,2,3,3,3,3,3,3,3,4,4,4,3,3,3,2,2,2,2,1,1,1,1,1,1,1,1,1,1,1,1,1,1,1,1,1,1,1,1,1,1,1,1,1,1,1,1,1,1,1,1,1,1,1,1,1,1,1,1,1,1,1,0,0,0,0,0,0,0,0,0,0,0,0,0,0,0,0,0,0,0,0,0,0,0,0,0,0,0,0,
88,56,55,56,53,63,78,85,94,108,120,136,135,152,168,174,197,207,222,252,272,292,305,330,334,368,388,422,449,476,511,533,559,580,599,605,665,676,699,716,702,734,747,768,735,738,757,779,781,775,759,774,767,756,759,740,753,748,722,706,694,682,676,666,643,608,617,609,589,573,587,544,509,495,468,471,451,411,416,396,381,383,383,376,357,357,348,343,315,296,291,287,271,266,253,228,219,214,205,204,197,175,166,159,155,142,135,129,121,107,97,98,96,95,95,95,87,86,84,75,70,67,61,61,55,56,49,44,41,42,42,35,30,29,25,25,25,24,21,18,17,18,18,15,13,13,16,16,13,13,12,12,13,11,10,10,10,11,9,7,7,7,7,6,6,6,5,5,5,5,5,6,6,4,4,4,4,4,2,2,2,2,2,2,2,2,2,2,2,2,2,2,2,1,1,1,1,1,1,1,1,1,1,1,1,1,1,1,1,1,1,1,1,1,1,1,1,1,1,1,1,1,1,1,1,0,0,0,0,0,0,0,0,0,0,0,0,0,0,0,0,0,0,0,0,0,0,0,0,0,0,0,0,0,0,0,0,0,0,0,0,0,0,0,0,0,0,0,0,0,0,0,0,0,0,0,0,0,0,0,0,0,0,0,0,0,0,0,0,0,
89,66,58,57,62,60,72,79,79,90,89,91,104,111,115,121,140,142,172,191,217,240,261,274,294,314,326,360,364,374,443,454,486,524,539,572,599,633,676,687,719,738,739,764,769,801,799,833,847,846,873,866,868,870,877,901,897,891,853,852,826,840,849,842,837,821,789,769,749,702,683,658,638,617,607,589,562,543,511,492,475,441,408,388,378,370,353,341,331,318,309,300,298,285,279,262,263,253,244,253,237,226,221,214,208,198,197,198,184,195,187,179,180,175,165,163,160,159,167,167,173,170,163,156,150,136,129,119,114,114,110,115,113,106,105,99,98,90,88,77,78,79,74,76,79,78,72,60,59,56,54,45,43,39,37,41,40,37,33,32,33,31,31,29,26,22,22,22,23,25,24,25,23,22,25,26,26,24,21,22,22,22,20,19,17,16,14,14,14,15,14,13,13,11,11,12,11,10,10,9,9,8,8,7,7,7,6,5,5,5,5,5,5,5,5,5,5,6,7,7,7,6,6,6,6,6,6,5,4,4,4,3,2,1,1,1,1,1,1,1,1,1,1,1,1,1,1,1,1,1,1,1,1,1,1,1,1,1,1,1,1,1,1,1,1,1,1,1,1,1,1,1,1,1,1,1,1,1,1,1,1,1,1,1,1,1,1,1,1,1,1,1,1,1,1,1,1,1,1,1,1,1,1,1,1,1,1,1,1,1,1,1,1,1,1,1,1,1,1,1,1,1,1,1,1,1,1,1,1,1,1,1,1,1,1,
94,67,61,60,61,70,68,77,78,94,95,100,112,112,131,132,142,167,186,198,225,232,260,269,300,331,366,392,436,470,501,530,559,582,619,657,691,708,746,800,818,824,852,863,864,883,919,939,974,970,980,933,932,935,912,904,867,888,854,853,835,860,815,813,785,760,743,732,732,716,714,691,669,670,655,614,600,572,544,519,497,467,446,443,425,417,411,417,386,366,356,358,342,355,342,320,299,281,272,268,259,236,230,234,224,214,205,194,174,169,159,153,137,128,116,110,109,92,82,74,70,68,67,62,56,48,40,39,41,40,40,35,32,31,31,27,26,28,28,27,26,23,23,24,23,22,23,22,19,16,12,11,10,10,9,7,6,5,6,4,4,4,4,3,3,3,3,3,3,3,3,3,3,3,3,3,3,3,3,3,3,3,3,3,3,3,3,3,3,3,3,2,3,3,2,2,2,2,2,2,1,1,1,1,1,1,1,1,1,1,1,1,1,1,1,1,1,1,1,1,1,1,1,1,1,1,1,0,0,0,0,0,0,0,0,0,0,0,0,0,0,0,0,0,0,0,0,0,0,0,0,0,0,0,0,0,0,0,0,0,0,0,0,0,0,0,0,0,0,0,0,0,0,0,0,0,0,0,
78,59,53,46,43,46,47,54,55,71,85,89,95,99,106,111,112,130,142,145,171,175,185,214,220,237,247,260,273,300,327,350,375,398,429,462,494,498,510,542,549,582,581,605,604,611,614,623,638,647,630,637,628,641,633,660,684,665,681,676,662,652,641,631,614,621,608,595,603,573,545,537,535,507,500,476,486,469,450,429,413,389,374,362,345,355,354,334,328,317,310,281,288,269,259,257,245,209,206,196,189,185,186,184,166,157,153,150,142,142,136,135,136,127,118,103,108,105,95,93,83,81,76,76,71,69,63,61,57,52,50,48,46,40,37,41,37,33,30,27,25,23,21,18,14,12,11,10,10,11,9,8,8,9,8,9,8,7,10,9,8,7,6,5,5,5,5,5,4,3,3,3,3,3,3,2,2,2,1,1,2,1,1,1,0,0,0,0,0,0,0,0,0,0,0,0,0,0,0,0,0,0,0,0,0,0,0,0,0,0,0,0,0,0,0,0,0,0,0,0,0,0,0,0,0,0,0,0,0,0,0,0,0,0,0,0,0,0,0,0,0,0,0,0,0,0,0,0,0,0,0,0,0,0,0,0,0,0,0,0,0,0,0,0,0,0,
84,60,47,50,51,58,62,78,71,63,71,91,93,102,112,119,120,136,144,166,156,166,187,201,230,235,241,239,278,290,317,364,375,397,409,444,462,473,490,505,514,524,545,584,596,612,659,649,683,691,695,707,725,753,756,765,779,779,752,748,747,750,734,749,738,711,709,681,692,673,644,660,638,604,586,584,555,544,523,502,499,483,459,445,437,438,433,415,389,384,365,347,339,326,315,310,283,272,263,258,247,234,225,213,207,199,194,187,182,183,170,165,152,138,138,138,137,122,124,116,112,105,103,93,89,87,84,80,74,70,71,61,58,60,62,60,53,45,44,45,43,42,37,35,34,32,26,30,28,27,29,24,24,24,21,18,17,15,18,17,17,15,14,14,12,13,10,12,9,10,10,10,10,10,8,7,8,7,7,4,4,5,5,6,5,5,3,3,3,3,2,1,1,0,0,0,0,0,0,0,0,0,0,0,0,0,0,0,0,0,0,0,0,0,0,0,0,0,0,0,0,0,0,0,0,0,0,0,0,0,0,0,0,0,0,0,0,0,0,0,0,0,0,0,0,0,0,0,0,0,0,0,0,0,0,0,0,0,0,0,0,0,0,0,0,0,0,0,0,0,0,0,0,0,0,0,0,0,0,0,0,0,0,0,0,0,0,0,0,0,0,0,0,0,0,0,0,0,0,0,0,0,0,0,0,0,0,0,0,0,0,0,0,0,0,0,0,0,0,0,0,0,0,0,0,0,0,0,0,0,0,0,0,0,0,0,0,0,0,0,0,0,0,0,0,0,0,0,0,0,0,0,0,0,0,0,0,0,0,0,0,0,0,0,0,0,0,0,0,0,0,0,0,0,0,0,0,0,0,0,0,0,0,0,0,0,0,0,0,0,0,0,0,0,0,0,0,
90,67,61,67,61,64,70,68,82,98,108,111,116,135,132,133,158,183,193,198,223,234,255,287,292,302,340,359,387,415,428,452,474,523,546,575,595,626,666,709,756,776,786,837,842,855,862,878,902,919,928,945,954,947,938,904,894,867,852,851,848,845,821,806,773,733,702,704,670,637,618,580,550,541,511,506,487,474,456,439,410,392,391,375,359,354,337,310,306,293,277,269,260,242,213,193,193,188,188,184,183,164,147,151,144,148,128,123,116,108,100,95,89,85,81,80,79,72,71,66,57,58,53,50,51,48,49,46,42,44,43,42,39,32,27,24,24,27,25,25,24,21,20,17,15,14,13,11,11,11,9,8,6,7,7,5,7,7,7,6,5,4,4,4,4,5,5,5,5,5,5,4,4,4,4,4,4,5,5,5,5,2,2,3,3,3,2,1,1,1,1,1,1,1,1,1,1,1,1,1,2,2,1,1,1,1,1,1,1,1,1,1,1,2,2,2,2,2,2,3,3,3,3,4,4,4,6,4,4,4,4,3,2,2,2,2,2,2,2,2,1,1,1,2,2,2,2,3,2,2,2,2,2,2,3,2,2,2,2,2,3,2,2,2,2,2,2,1,1,0,0,0,0,0,0,0,0,0,0,0,0,0,0,0,0,0,0,0,0,0,0,0,0,0,0,0,0,0,0,0,0,0,0,0,0,0,0,0,0,0,0,0,0,0,0,0,0,0,0,0,0,0,0,0,0,0,0,0,0,0,0,0,0,0,0,0,0,0,0,0,0,0,0,0,0,0,0,0,0,0,0,0,0,0,0,0,0,0,0,0,0,0,0,0,0,0,0,0,0,0,0,0,0,0,0,0,0,0,0,0,0,0,0,0,0,0,0,0,0,0,0,0,0,0,0,0,0,0,0,0,
88,65,60,56,58,49,65,65,72,82,93,107,120,137,157,166,177,198,221,234,272,296,307,309,343,359,385,428,455,497,533,550,575,599,626,687,724,735,753,791,771,811,860,873,912,895,926,910,923,908,935,932,939,945,933,914,888,867,868,851,833,832,840,826,811,792,780,748,738,715,672,659,651,620,612,588,569,548,538,502,490,452,440,423,420,394,383,354,337,325,305,295,290,261,249,237,239,223,207,204,180,172,162,149,137,125,124,120,114,106,99,85,84,75,70,58,52,51,46,45,43,40,37,32,32,30,27,29,27,24,24,23,20,19,18,14,14,14,14,14,15,12,10,13,13,11,11,11,10,9,8,7,8,8,7,6,6,6,6,7,7,6,6,6,6,6,7,7,7,5,5,5,5,5,5,5,5,5,5,5,4,4,4,4,4,4,4,4,5,4,4,4,3,4,4,3,3,3,3,3,3,3,3,3,3,3,3,3,3,3,3,3,3,3,2,2,2,2,2,2,2,2,2,2,1,1,0,0,0,0,0,0,0,0,0,0,0,0,0,0,0,0,0,0,0,0,0,0,0,0,0,0,0,0,0,0,0,0,0,0,0,0,0,0,0,0,0,0,0,0,0,0,0,0,0,0,0,0,0,0,0,0,0,0,0,0,0,0,0,0,0,0,0,0,0,0,0,0,0,0,0,0,0,0,0,0,0,0,0,0,0,0,0,0,0,0,0,0,0,0,0,0,0,0,0,0,0,0,0,0,0,0,0,0,0,0,0,0,0,0,
91,68,63,62,65,75,79,76,74,95,105,123,151,160,181,198,220,221,224,248,270,278,287,303,317,346,374,379,392,396,415,448,472,514,513,538,577,602,616,633,652,681,701,720,750,729,735,731,741,731,734,731,741,750,771,754,744,741,746,726,711,707,699,695,701,655,628,611,589,572,575,582,563,566,563,553,531,537,526,498,488,473,447,445,431,421,409,406,388,371,338,329,323,325,309,293,282,273,256,245,242,240,226,221,209,198,193,183,181,173,166,158,146,134,135,125,124,112,104,97,94,87,85,77,72,64,63,57,50,47,44,41,38,36,34,32,30,29,32,28,29,28,27,25,23,22,19,20,22,19,19,18,19,18,16,14,13,15,12,11,12,11,12,10,9,8,8,8,10,10,10,11,11,10,9,10,9,8,8,7,8,7,6,5,4,5,5,5,5,4,4,4,4,4,4,4,4,4,4,4,3,3,3,3,3,3,3,3,3,3,3,3,3,3,3,3,3,3,3,3,3,3,3,3,3,3,3,3,3,3,3,3,3,3,3,3,3,3,3,3,3,3,3,3,2,2,2,2,2,2,2,2,2,2,2,2,2,2,2,2,2,2,2,2,2,1,1,1,1,1,1,1,1,1,1,1,1,1,1,1,1,1,1,1,1,1,1,1,1,1,1,1,1,1,1,1,1,1,1,1,1,1,1,1,1,1,1,1,1,1,0,0,0,0,0,0,0,0,0,0,0,0,0,0,0,0,0,
82,60,54,55,60,69,69,79,84,88,95,104,101,124,135,141,160,184,191,199,211,217,241,257,302,333,346,384,400,416,437,467,483,508,544,567,610,641,674,716,750,785,791,835,840,858,905,899,903,930,920,933,917,937,929,922,917,917,895,892,898,864,854,867,849,826,801,790,760,766,749,741,703,711,701,684,659,630,613,574,550,533,512,476,445,417,405,395,374,359,326,314,301,288,279,261,250,244,246,229,217,199,190,175,171,166,156,154,153,144,129,125,110,104,107,98,92,89,85,79,76,73,67,62,61,64,58,49,43,42,40,34,33,35,32,32,29,23,24,21,20,20,21,19,18,19,18,18,16,13,16,15,12,12,11,11,11,12,11,7,6,5,5,5,4,4,4,4,4,5,5,5,4,4,3,3,3,3,3,3,3,2,2,2,2,2,2,2,1,0,0,0,1,1,1,0,1,1,1,1,0,0,0,0,0,0,0,0,0,0,0,0,0,0,0,0,0,0,0,0,0,0,0,0,0,0,0,0,0,0,0,0,0,0,0,0,0,0,0,0,0,0,0,0,0,0,0,0,0,0,0,0,0,0,0,0,0,0,0,0,0,0,0,0,0,0,0,0,0,0,0,0,0,0,0,0,0,0,0,0,0,
77,56,48,57,56,65,72,76,81,76,86,87,101,116,113,118,137,142,145,177,211,214,224,252,265,290,315,339,357,375,405,441,472,491,514,539,573,584,608,634,664,693,697,712,728,743,767,753,793,795,788,798,790,775,798,779,801,802,826,797,757,738,712,724,695,696,682,664,650,636,621,600,588,572,556,540,522,497,490,463,466,459,435,435,423,409,387,358,325,304,283,265,257,242,224,206,185,189,170,159,154,153,142,139,126,123,121,109,100,97,84,80,75,69,64,62,65,65,57,53,53,54,52,45,40,38,38,33,30,30,27,26,24,23,21,18,17,17,13,13,14,13,8,8,8,7,8,8,8,9,9,10,10,8,7,7,6,6,5,6,6,7,7,6,5,5,5,7,7,6,6,6,5,5,5,5,5,5,5,4,4,4,4,4,4,4,5,5,4,4,4,4,4,4,4,2,2,2,2,2,2,2,2,2,2,2,2,2,2,2,2,1,1,1,1,1,1,1,1,1,1,1,1,1,1,1,1,1,1,1,1,1,1,1,1,1,1,0,0,0,0,0,0,0,0,0,0,0,0,0,0,0,0,0,0,0,0,0,0,0,0,0,0,0,0,0,0,0,0,0,0,0,0,0,0,0,0,0,0,0,0,0,0,0,0,0,0,0,0,0,0,0,0,0,0,0,0,0,0,0,0,0,0,0,0,0,0,0,0,0,0,0,0,0,0,0,0,0,0,0,0,0,0,0,0,0,0,0,0,0,0,0,0,
93,69,64,57,59,57,65,60,68,79,87,95,109,110,116,110,124,126,142,161,169,190,211,217,235,258,298,309,356,393,405,451,457,500,531,559,592,613,646,649,679,692,769,774,802,801,842,861,880,922,898,910,897,916,870,854,826,854,864,844,844,837,828,850,817,824,788,762,733,735,715,706,689,671,638,635,615,594,588,582,568,550,500,490,461,445,412,399,376,354,341,315,304,284,278,274,248,234,224,220,208,195,186,185,176,152,146,142,128,128,120,108,105,93,87,86,79,77,75,75,65,61,62,66,57,55,51,49,46,43,41,35,37,37,34,31,24,23,22,21,21,19,16,15,13,11,13,12,12,14,14,13,13,13,13,13,11,10,9,11,11,7,7,7,7,6,6,7,6,6,7,6,7,7,8,6,5,5,5,5,5,5,5,5,5,4,3,3,4,5,4,3,3,4,3,3,3,3,4,4,3,3,3,4,4,4,3,3,3,3,3,1,1,1,0,0,0,0,0,0,0,0,0,0,0,0,0,0,0,0,0,0,0,0,0,0,0,0,0,0,0,0,0,0,0,0,0,0,0,0,0,0,0,0,0,0,0,0,0,0,0,0,0,0,0,0,0,0,0,0,0,0,0,0,0,0,0,0,0,0,0,0,0,0,0,0,0,0,0,0,0,0,0,0,0,0,0,0,0,0,0,0,0,0,0,0,0,
84,60,56,59,59,66,73,89,80,81,85,93,108,108,121,128,135,145,157,175,189,196,222,236,258,259,290,330,371,378,366,392,430,468,493,492,525,562,590,619,638,682,714,747,730,761,778,807,826,839,855,863,872,887,900,899,882,903,950,962,958,947,936,923,908,906,885,865,847,808,770,748,732,715,704,698,685,666,666,636,616,571,554,551,510,490,481,472,460,448,408,393,376,364,338,341,317,311,296,278,250,244,233,223,211,201,204,193,180,162,154,143,133,131,124,108,98,100,97,93,91,83,74,76,70,70,69,64,64,62,55,49,53,48,46,41,41,44,41,38,37,38,36,37,37,40,34,28,27,23,22,23,23,20,23,24,22,21,20,19,15,16,15,17,16,13,10,10,8,8,7,6,5,5,5,3,3,3,3,3,3,3,3,3,2,2,2,3,2,2,1,1,1,1,1,1,1,1,1,1,1,1,1,1,1,0,0,0,0,0,0,0,0,0,0,0,0,0,0,0,0,0,0,0,0,0,0,0,0,0,
92,69,63,59,65,66,75,89,89,97,114,115,111,116,124,145,161,181,209,222,240,249,265,308,312,359,383,390,425,447,479,497,533,565,585,606,662,703,752,771,795,802,812,850,867,896,906,918,956,959,953,955,963,955,953,949,948,944,922,903,894,870,859,831,853,843,839,822,819,807,809,785,771,730,726,718,701,656,648,615,601,566,552,527,522,510,492,464,451,425,420,400,386,368,366,362,350,343,336,312,305,288,275,253,249,238,220,211,200,202,179,169,159,156,150,145,133,125,120,119,118,114,113,111,106,96,92,83,81,77,69,65,65,63,58,52,53,48,43,43,42,40,35,39,35,35,35,33,34,32,30,29,30,25,21,22,21,19,20,19,16,16,16,15,14,12,12,12,11,11,10,10,9,8,6,6,7,5,5,5,5,5,5,5,5,5,5,5,5,5,5,6,6,5,5,4,4,4,4,4,4,4,4,4,4,4,4,4,4,4,3,3,3,3,3,3,3,3,3,3,3,3,3,3,3,3,3,3,3,3,3,3,3,3,3,3,3,2,2,2,2,2,2,2,2,2,2,1,1,1,1,1,1,1,1,1,1,1,1,1,1,1,1,1,1,1,1,1,1,1,1,1,1,1,1,1,1,1,1,1,1,1,1,1,1,1,1,1,1,1,1,1,1,
81,52,47,49,50,53,66,65,74,85,90,98,110,112,141,152,163,179,204,207,220,255,275,296,325,353,359,390,407,428,452,467,503,526,550,585,592,630,664,687,719,744,728,780,800,814,817,844,850,876,886,848,851,827,847,871,853,842,839,810,805,815,778,761,729,736,736,728,697,689,657,621,631,631,603,591,581,565,534,534,520,523,491,487,481,458,444,431,407,391,374,369,346,339,341,325,292,294,300,278,266,248,245,243,231,220,224,217,204,200,183,177,170,158,150,149,145,142,145,144,142,137,130,121,121,115,119,114,114,109,94,86,90,89,94,89,79,77,71,71,72,71,59,58,57,55,55,57,52,50,48,44,39,39,39,43,41,40,36,35,30,31,36,34,29,28,28,26,23,24,24,23,23,24,22,20,20,18,20,18,16,15,14,12,11,10,10,12,12,14,13,12,11,10,9,9,9,10,10,9,12,10,8,6,6,6,6,6,6,4,3,2,2,1,1,1,2,2,1,1,1,1,1,1,1,1,1,1,1,1,1,1,2,1,0,0,0,0,0,0,0,0,0,0,0,0,0,0,0,0,0,0,0,0,0,0,0,0,0,0,0,0,0,0,0,0,0,0,0,
81,65,58,65,59,63,60,66,76,81,87,101,118,130,142,143,158,185,209,215,243,269,290,312,304,330,350,382,406,436,461,486,519,535,563,599,625,654,696,675,686,697,698,707,710,717,738,767,771,797,820,811,800,803,801,806,797,800,802,815,794,782,764,734,748,750,731,686,674,671,646,637,610,577,564,562,572,563,529,525,501,478,462,447,419,403,398,374,353,358,346,326,325,312,300,286,283,262,253,254,238,229,215,207,204,190,177,163,157,153,132,131,137,129,133,128,121,109,101,93,80,70,67,60,53,53,49,54,49,45,42,41,40,38,35,29,26,28,24,22,23,23,20,20,22,19,16,17,19,18,17,17,17,16,15,14,14,12,12,13,13,9,9,8,8,8,6,7,9,7,6,6,5,5,4,4,4,4,4,4,2,2,2,2,2,1,0,0,0,0,0,0,0,0,0,0,0,0,0,0,0,0,0,0,0,0,0,0,0,0,0,0,0,0,0,0,0,0,0,0,0,0,0,0,0,0,0,0,0,0,0,0,0,0,0,0,0,0,0,0,0,0,0,0,0,0,0,0,0,0,0,0,0,0,0,0,0,0,0,0,0,0,0,0,0,0,0,0,0,0,0,0,0,0,0,0,0,0,0,0,0,0,0,0,0,0,0,0,0,0,0,0,0,0,0,0,0,0,0,0,0,0,0,0,0,0,0,0,0,0,0,0,0,0,0,0,0,0,0,0,0,0,0,0,0,0,0,0,0,0,0,0,0,0,0,0,0,0,0,0,0,0,0,0,0,0,0,0,0,0,0,0,0,0,0,0,0,0,0,0,0,0,0,0,0,0,0,0,0,0,0,0,0,0,0,0,0,0,0,0,0,0,0,
82,68,67,64,66,82,87,86,88,96,101,113,131,140,154,165,180,209,236,251,287,284,303,341,347,368,405,437,458,481,510,502,548,583,610,637,649,669,692,715,726,754,779,787,823,829,843,817,815,796,816,848,857,838,842,855,842,829,848,847,825,813,782,792,771,749,738,724,708,677,645,638,638,630,605,570,579,552,539,519,514,486,462,446,425,414,407,378,359,352,338,336,312,285,276,265,260,252,236,230,217,201,188,177,166,157,146,145,135,114,111,103,98,96,92,91,86,86,86,80,75,68,73,71,63,57,53,52,52,52,47,45,39,40,38,37,35,32,29,25,25,22,24,24,20,21,17,16,15,14,13,12,13,13,11,10,9,9,8,8,8,6,5,5,5,6,5,5,6,5,5,4,4,4,3,3,4,4,3,3,3,2,2,2,2,2,2,2,2,2,2,2,2,2,2,1,1,1,1,1,1,1,0,0,0,0,0,0,0,0,0,0,0,0,0,0,0,0,0,0,0,0,0,0,0,0,0,0,0,0,0,0,0,0,0,0,0,0,0,0,0,0,0,0,0,0,0,0,0,0,0,0,0,0,0,0,0,0,0,0,0,0,0,0,0,0,0,0,0,0,0,0,0,0,0,0,0,0,0,0,0,0,0,0,0,0,0,0,0,0,0,0,0,0,0,0,0,0,0,0,0,0,0,0,0,0,0,0,0,0,0,0,0,0,0,0,0,0,0,0,0,0,0,0,0,0,0,0,0,0,0,0,0,0,0,0,0,0,0,0,0,0,0,0,0,0,0,0,0,0,0,0,0,0,0,0,0,0,0,0,0,0,0,0,0,0,0,0,0,0,
88,60,52,48,54,52,59,67,69,74,74,83,93,95,108,115,123,137,151,167,170,184,205,220,246,254,265,277,308,318,331,330,360,382,391,398,435,454,465,488,508,524,546,570,584,597,638,641,645,673,659,670,677,681,701,703,705,699,739,715,734,733,721,709,682,654,656,671,665,660,624,605,611,590,589,579,561,537,509,476,458,459,455,459,450,435,424,417,398,381,376,357,349,324,290,280,271,271,251,248,239,222,206,202,195,192,185,170,163,158,153,147,130,119,118,113,106,104,107,104,102,99,96,88,83,80,77,72,71,68,64,60,56,56,52,52,46,42,40,38,35,37,36,35,31,27,29,24,22,20,20,18,16,16,15,14,13,11,12,10,10,12,12,12,9,7,8,7,6,6,6,6,6,6,6,6,6,6,5,7,7,6,4,5,5,5,4,2,2,2,2,3,3,3,2,1,1,1,1,1,1,1,1,1,1,1,1,1,1,1,1,1,0,0,0,0,0,0,0,0,0,0,0,0,0,0,0,0,0,0,0,0,0,0,0,0,0,0,0,0,0,0,0,0,0,0,0,0,0,0,0,0,0,0,0,0,0,0,0,0,0,0,0,0,0,0,0,0,0,0,0,0,0,0,0,0,0,0,0,0,0,0,0,
81,55,56,59,62,76,67,77,74,77,90,99,113,118,133,140,144,150,157,173,189,205,221,214,259,262,271,287,314,332,342,368,411,433,449,482,493,502,535,529,537,554,591,616,629,662,693,699,714,724,711,695,685,703,728,752,758,766,733,704,688,676,672,683,685,638,628,647,644,628,613,598,562,552,528,516,515,512,487,477,461,438,424,432,398,381,355,345,341,324,318,315,326,308,302,282,274,269,260,256,231,227,215,200,194,184,176,169,168,165,162,160,155,150,140,141,133,119,118,117,116,114,106,108,104,92,88,83,85,86,78,83,73,74,66,60,56,48,44,43,43,37,34,33,32,33,33,30,28,30,28,26,28,22,20,21,22,21,19,17,14,17,16,13,11,8,9,7,8,10,8,7,8,7,7,6,6,6,6,7,8,6,6,6,5,5,4,5,5,5,5,4,5,5,5,6,6,5,4,4,4,6,5,4,2,2,2,2,3,3,3,3,3,3,3,3,3,3,3,3,4,4,3,2,2,2,1,1,1,2,2,2,2,2,2,2,2,2,2,2,2,2,2,1,1,1,1,1,1,0,0,0,0,0,0,0,0,0,0,0,0,0,0,0,0,0,0,0,0,0,0,0,0,0,0,0,0,0,0,0,0,0,0,0,0,0,0,0,0,0,0,0,0,0,0,0,0,0,0,0,0,0,0,0,0,0,0,0,0,0,0,0,0,0,0,0,0,0,0,0,0,0,0,0,
83,62,56,61,61,62,48,55,70,71,82,89,101,121,134,139,159,183,189,204,233,255,263,309,327,362,383,413,418,443,469,487,515,551,587,622,664,695,721,749,764,805,818,853,871,874,879,904,950,950,949,958,929,971,944,980,979,942,954,962,959,925,928,924,884,881,880,861,870,847,828,800,754,757,727,716,684,677,660,636,615,600,586,559,548,529,490,480,458,448,423,396,379,359,333,327,319,301,276,282,268,260,246,232,216,201,196,174,170,157,155,141,144,143,132,123,119,105,110,108,91,91,86,83,80,76,66,63,60,60,57,58,56,53,50,49,48,44,40,36,37,33,30,26,24,23,19,17,15,15,15,13,11,12,12,11,11,10,10,10,8,9,9,9,8,8,8,7,7,5,5,5,5,4,4,4,4,5,5,6,6,6,5,5,5,5,5,4,4,4,4,4,4,3,3,3,3,3,3,4,3,3,3,2,2,2,2,2,2,2,2,2,2,2,2,2,2,2,2,2,2,2,2,2,2,2,2,2,2,1,1,1,1,1,1,1,1,1,1,1,1,1,1,1,1,1,1,1,1,1,1,1,1,1,1,1,1,1,1,1,1,1,1,1,1,1,1,1,1,1,1,1,1,1,1,1,1,1,1,1,1,1,1,1,1,1,
93,66,58,52,63,70,75,96,98,99,110,117,125,137,141,158,184,182,197,205,241,247,262,285,314,325,356,367,396,426,465,485,534,558,566,611,657,674,695,724,743,759,777,785,800,811,822,815,827,835,847,843,834,814,782,781,774,768,746,723,728,747,723,723,700,687,666,670,652,641,624,605,593,569,560,508,510,478,472,453,424,419,408,403,369,359,358,347,339,329,315,303,293,281,280,252,253,245,238,237,242,229,214,204,201,189,175,177,163,162,159,145,145,135,132,122,113,103,104,103,103,100,90,84,78,79,74,68,69,67,60,57,58,53,45,42,45,43,38,38,37,34,32,29,29,27,27,24,22,18,19,16,13,12,10,9,8,9,8,7,6,6,6,5,5,5,5,5,3,3,3,3,2,2,2,2,2,2,2,2,2,2,2,2,2,1,1,0,0,0,0,0,0,0,0,0,0,0,0,0,0,0,0,0,0,0,0,0,0,0,0,0,0,0,0,0,0,0,0,0,0,0,0,0,0,0,0,0,0,0,0,0,0,0,0,0,0,0,0,0,0,0,0,0,0,0,0,0,0,0,0,0,0,0,0,0,0,0,0,0,0,
84,58,46,47,54,57,65,64,70,70,82,91,97,111,131,149,163,169,188,197,216,230,250,258,267,300,323,333,351,376,409,437,463,499,497,529,561,577,612,650,684,705,725,723,728,760,754,778,802,814,804,778,765,814,812,807,835,800,789,785,804,806,773,759,752,773,786,757,768,728,704,695,674,655,660,655,638,624,598,591,592,572,548,522,528,513,511,502,472,449,435,431,428,394,371,371,364,353,344,332,323,319,299,286,277,271,270,262,242,225,226,209,207,201,193,192,167,171,165,153,146,138,126,123,116,113,106,102,99,93,83,81,78,82,76,76,69,63,63,56,53,52,54,52,53,51,49,43,41,39,39,33,31,27,25,23,21,18,18,16,17,16,14,14,13,12,11,10,9,8,7,8,7,7,6,6,5,6,7,8,7,7,7,8,8,7,5,6,5,4,4,2,2,2,2,3,2,1,1,1,2,2,1,1,1,0,0,0,0,0,0,0,0,0,0,0,0,0,0,0,0,0,0,0,0,0,0,0,0,0,0,0,0,0,0,0,0,0,0,0,0,0,0,0,0,0,0,0,0,0,0,0,0,0,0,0,0,0,0,0,0,0,0,0,0,0,0,0,0,0,0,0,0,0,0,0,0,0,0,0,0,0,0,0,0,0,0,0,0,0,0,0,0,0,0,0,0,0,0,0,0,0,0,0,0,0,0,0,0,0,0,0,0,0,0,0,0,0,0,0,0,0,0,0,0,0,0,0,0,0,0,0,0,0,0,0,0,0,0,0,0,0,0,0,0,0,0,0,0,0,0,0,0,0,0,0,0,0,0,0,0,0,0,0,0,0,0,0,0,
98,69,60,60,58,66,73,84,91,94,91,111,133,139,159,161,171,177,198,207,218,236,267,269,295,303,334,360,366,410,422,451,483,515,532,565,589,607,630,663,706,735,746,780,780,777,794,811,798,793,794,807,778,769,761,755,765,750,750,724,709,700,686,666,642,625,621,596,598,569,552,536,510,491,478,467,446,430,415,395,390,383,384,377,356,327,313,310,306,296,279,264,262,248,241,232,217,209,208,198,193,172,160,168,158,144,139,135,129,130,118,110,104,98,96,94,89,86,84,80,73,76,69,64,66,65,64,61,55,57,53,55,53,52,48,47,42,43,43,41,36,31,31,26,28,25,25,23,24,21,18,21,17,19,18,19,18,20,18,18,16,18,20,18,14,11,10,11,11,11,12,11,8,7,6,4,4,4,4,4,4,4,3,3,3,3,3,1,2,2,1,0,0,0,0,0,0,0,0,0,0,0,0,0,0,0,0,0,0,0,0,0,0,0,0,0,0,0,0,0,0,0,0,0,0,0,0,0,0,0,0,0,0,0,0,0,0,0,0,0,0,0,0,0,0,0,0,0,0,0,0,0,0,0,0,0,0,0,0,0,0,0,0,0,0,0,0,0,0,0,0,0,0,0,0,0,0,0,0,0,0,0,0,0,0,0,0,0,0,0,0,0,0,0,0,0,0,0,0,0,0,
87,56,53,50,57,58,51,54,65,73,77,81,82,95,103,109,123,132,153,170,180,193,213,240,256,282,320,349,367,380,425,469,481,528,556,575,597,607,632,660,681,682,709,714,729,756,741,776,770,760,778,787,798,804,786,773,768,761,742,758,768,767,745,740,703,688,690,683,658,656,656,635,603,599,589,581,574,578,563,530,510,494,465,469,453,446,432,410,416,400,397,391,371,356,344,340,342,328,324,294,287,280,273,248,243,227,227,217,202,191,179,167,160,155,145,136,136,137,127,116,122,113,102,92,85,84,74,71,71,64,60,57,57,52,52,52,52,48,41,38,33,33,30,28,26,27,28,22,22,24,21,18,18,19,19,16,18,16,17,15,13,14,13,13,13,15,14,13,12,11,11,10,9,8,7,7,7,7,7,6,7,7,7,7,7,7,6,6,6,5,5,5,5,5,5,5,5,5,5,4,4,4,4,4,4,3,3,3,3,3,3,2,2,2,2,2,2,2,2,2,1,1,1,1,1,1,1,1,1,1,1,1,1,1,1,1,1,1,1,1,1,1,1,1,1,1,1,1,1,1,1,1,0,0,0,0,0,0,0,0,0,0,0,0,0,0,0,0,0,0,0,0,0,0,0,0,0,0,0,0,0,0,0,0,0,0,0,0,0,0,0,0,0,0,0,0,0,0,0,0,0,
86,66,56,55,58,73,74,75,88,89,97,103,123,145,165,177,193,212,238,236,266,302,289,335,347,353,393,404,436,482,504,540,550,585,622,664,673,706,732,749,752,757,797,822,841,836,860,881,895,910,915,940,933,955,915,892,886,911,884,882,876,891,885,875,861,835,803,771,754,753,726,706,702,697,666,645,632,623,574,566,552,536,502,477,461,445,442,419,398,376,364,354,326,302,278,262,257,256,248,238,217,208,206,196,191,184,185,175,164,160,155,148,141,131,112,107,109,101,99,102,94,81,77,70,66,62,56,52,52,47,47,41,37,38,38,40,37,39,38,40,41,36,36,32,32,31,30,29,27,25,23,18,18,17,17,15,13,13,13,13,12,12,12,12,12,12,10,10,9,5,4,5,5,5,5,5,5,5,5,5,5,5,5,5,5,5,5,4,4,4,4,3,3,3,3,3,3,3,3,3,3,3,3,2,2,2,2,1,1,1,1,1,1,1,1,1,1,1,1,1,1,1,1,1,1,1,1,1,1,1,1,1,1,1,0,0,0,0,0,0,0,0,0,0,0,0,0,0,0,0,
94,71,59,56,57,53,59,75,87,81,97,114,121,120,140,151,168,185,211,221,238,262,294,307,338,364,411,412,449,492,505,546,576,602,611,658,690,699,743,777,793,818,833,845,840,833,860,859,878,852,887,889,880,871,859,860,828,843,822,803,788,778,768,764,732,698,664,646,633,596,588,551,542,526,495,457,447,422,396,383,379,362,356,343,312,303,292,277,262,261,251,242,232,230,216,207,200,183,177,177,176,169,165,157,142,134,133,118,112,104,98,93,88,89,81,77,65,62,58,56,54,54,45,43,43,39,39,34,34,32,28,29,25,24,24,24,24,22,24,22,24,22,19,18,19,18,17,15,16,16,17,16,15,14,12,12,10,8,8,8,6,6,5,5,6,5,5,6,5,4,4,5,5,7,6,5,6,6,5,3,4,3,4,5,4,3,2,0,0,0,0,0,0,0,0,0,0,0,0,0,0,0,0,0,0,0,0,0,0,0,0,0,0,0,0,0,0,0,0,0,0,0,0,0,0,0,0,0,0,0,0,0,0,0,0,0,0,0,0,0,0,0,0,0,0,0,0,0,0,0,0,0,0,0,0,0,0,0,0,0,0,0,0,0,0,0,0,0,0,0,0,0,0,0,0,0,0,0,0,0,0,0,0,0,0,0,0,0,0,0,0,0,0,0,0,0,0,0,0,0,0,0,0,0,0,0,0,0,0,0,0,0,0,0,0,0,0,0,0,0,0,0,0,0,0,0,0,0,0,0,0,0,0,0,0,0,0,
87,54,55,45,52,53,59,68,72,77,79,78,88,101,121,131,139,143,145,146,154,180,212,220,249,258,284,310,328,353,374,399,442,461,482,519,536,565,570,593,583,593,613,647,610,624,658,663,650,652,665,650,656,660,675,706,707,703,717,728,734,703,674,707,675,682,655,689,693,689,703,700,660,672,659,649,671,635,618,599,574,562,554,534,519,501,465,472,465,474,465,436,430,420,394,383,374,380,352,347,342,336,332,339,319,298,294,281,271,263,261,246,217,218,193,195,181,175,170,156,140,140,138,128,130,130,120,113,107,101,98,87,88,87,73,76,72,67,62,57,52,49,45,43,38,40,35,30,31,26,29,28,26,26,26,22,21,20,22,18,17,17,18,17,18,16,15,15,16,15,15,15,15,14,13,9,8,8,9,9,8,10,8,8,8,8,6,6,5,5,6,6,6,6,6,5,4,3,3,3,1,1,1,1,1,1,1,1,1,1,1,1,1,1,1,1,1,1,0,0,0,0,0,0,0,0,0,0,0,0,0,0,0,0,0,0,0,0,0,0,0,0,0,0,0,0,0,0,0,0,0,0,0,0,0,0,0,0,0,0,0,0,0,0,0,0,0,0,0,0,0,0,0,0,0,0,0,0,0,0,0,0,0,0,0,0,0,0,0,0,0,0,0,0,0,0,0,0,0,0,0,0,0,0,0,0,0,0,0,0,0,0,0,0,0,0,0,0,0,0,0,0,0,0,
84,57,47,47,54,56,65,69,75,81,89,97,107,110,123,135,154,163,168,191,204,250,268,290,295,318,364,373,388,414,447,478,487,511,533,580,583,582,580,625,631,669,696,702,706,735,733,759,797,813,819,824,828,813,832,861,845,827,860,823,806,786,793,789,756,748,733,736,715,702,673,658,645,615,615,600,585,573,570,546,526,510,500,482,480,466,444,413,410,383,379,356,355,350,341,329,309,302,286,259,250,244,227,216,205,193,181,187,187,177,167,151,149,139,129,115,104,103,111,108,103,106,97,89,91,90,85,78,76,71,71,73,65,62,57,53,58,55,54,52,46,45,44,42,39,37,34,33,31,30,29,28,28,19,15,15,14,13,14,12,11,10,10,10,8,7,7,5,5,6,6,9,9,8,6,6,6,7,7,7,8,8,8,7,7,8,7,6,6,5,5,5,4,4,3,4,4,4,4,5,4,5,5,4,2,2,2,2,2,3,3,3,2,1,1,1,1,1,1,1,1,1,1,1,1,1,1,1,1,1,1,1,1,1,1,1,1,1,1,1,1,1,1,1,1,1,1,1,1,1,1,1,1,1,1,1,1,1,1,1,1,1,1,1,1,1,1,1,1,1,1,1,1,1,1,1,1,
85,63,50,59,60,64,72,79,94,96,96,113,127,137,160,177,205,203,209,236,237,263,283,298,346,356,401,421,440,487,519,541,576,590,620,621,642,658,720,727,740,772,787,829,841,873,876,861,861,855,878,874,882,888,886,869,858,849,837,837,819,795,773,742,728,693,670,656,631,621,628,620,595,546,540,531,529,521,506,493,494,486,477,448,456,434,408,402,373,365,334,314,297,279,270,272,259,248,229,225,225,219,196,186,186,176,175,172,160,155,155,148,144,131,130,124,122,112,100,103,98,102,93,90,83,84,82,80,76,70,68,61,59,55,53,49,46,48,47,44,42,41,42,40,40,37,35,33,35,30,28,27,25,23,20,19,17,17,15,16,16,14,13,11,10,9,7,7,6,6,6,6,6,6,6,6,6,5,5,5,5,5,5,6,6,6,5,5,4,4,4,5,5,5,4,4,4,4,4,4,4,4,4,4,4,5,5,3,4,4,4,3,3,3,3,2,1,0,0,0,0,0,0,0,1,1,1,2,2,2,2,2,2,2,1,1,1,1,1,2,2,2,2,2,1,1,1,1,1,1,1,2,2,2,3,1,0,0,0,0,0,0,0,0,0,0,0,0,0,0,0,0,0,0,0,0,0,0,0,0,0,0,0,0,0,0,0,0,0,0,0,0,0,0,0,0,0,0,0,0,0,0,0,0,0,0,0,0,0,0,0,0,0,
95,71,66,69,73,84,95,91,97,117,116,126,135,157,171,178,210,218,234,243,249,275,289,327,344,370,396,414,444,479,501,544,555,596,623,625,663,695,753,771,780,814,829,870,893,898,918,915,940,928,913,934,946,941,950,938,942,954,951,960,929,944,907,892,875,864,849,815,755,727,708,703,687,660,628,609,588,574,556,545,531,498,465,470,459,431,409,400,382,372,344,340,324,306,290,282,274,267,258,241,235,215,199,194,190,177,164,159,147,144,139,139,138,124,113,107,98,95,85,80,79,80,72,65,59,53,50,47,47,49,45,43,43,45,41,38,38,36,30,27,27,26,24,20,20,19,21,19,19,17,16,17,15,11,10,8,8,7,8,7,6,6,6,6,7,7,5,5,4,2,2,2,2,2,2,2,2,2,2,2,3,3,2,2,1,1,1,1,1,1,1,1,1,1,1,1,1,1,1,1,1,1,1,1,1,1,1,1,1,0,0,0,0,0,0,0,0,0,0,0,0,0,0,0,0,0,0,0,0,0,0,0,0,0,0,0,0,0,0,0,0,0,0,0,0,
99,72,67,67,66,68,91,93,88,95,115,134,143,137,148,164,183,210,213,207,216,231,255,269,311,343,359,376,384,424,431,483,480,496,549,559,613,638,626,654,662,695,717,752,769,797,814,817,831,851,864,872,880,862,895,930,910,890,906,856,835,818,797,780,763,736,723,733,706,683,675,650,628,606,568,553,559,524,496,475,445,434,425,406,398,387,369,362,346,332,316,312,299,280,284,267,249,240,223,213,211,207,198,178,166,162,152,149,145,137,126,126,125,120,122,114,112,108,93,82,77,73,70,64,64,59,57,56,54,55,51,45,40,38,37,34,33,34,33,29,26,26,23,27,25,21,21,20,20,21,19,19,18,14,13,13,15,14,13,14,14,15,15,14,14,14,15,14,12,11,11,10,10,10,8,8,6,6,6,5,5,5,5,5,6,4,4,4,5,4,4,3,3,3,3,2,1,1,3,3,3,2,2,1,1,1,1,1,1,1,1,1,1,1,1,1,1,1,1,1,1,1,1,1,1,1,1,1,1,1,1,1,1,1,1,1,1,1,1,1,1,1,1,1,1,1,1,1,1,1,1,1,1,1,1,1,1,1,1,1,1,1,1,1,1,1,1,1,1,1,1,1,1,1,1,0,0,0,0,0,0,0,0,0,0,
83,61,51,43,46,50,63,67,68,77,80,92,104,118,122,133,139,136,150,157,176,195,213,247,253,285,296,324,341,372,395,403,428,444,480,477,527,543,550,560,601,596,602,632,623,634,652,670,679,683,676,686,684,708,708,721,717,711,705,715,707,703,685,672,619,629,622,606,597,591,573,539,527,529,510,497,497,487,469,448,445,437,435,415,390,381,380,366,360,344,322,305,278,262,250,249,232,219,197,196,193,185,180,175,162,159,145,139,123,118,111,105,94,89,87,78,68,64,59,54,50,51,49,52,49,44,43,43,42,38,37,29,27,26,22,21,22,16,13,12,12,11,10,8,8,7,7,7,9,8,7,6,6,4,5,5,5,5,5,4,4,4,5,6,6,5,6,5,4,3,2,2,2,2,2,2,2,2,2,2,2,2,1,1,1,1,1,1,1,1,1,1,0,0,0,0,0,0,0,0,0,0,0,0,0,0,0,0,0,0,0,0,0,0,0,0,0,0,0,0,0,0,0,0,0,0,0,0,0,0,0,0,0,0,0,0,0,0,0,0,0,0,0,0,0,0,
