"","SimulationNumber","InfectedNode","DayInfected","Community","TrialStatus","DayEnrolled"
"1",25,2980,66,31,0,56
"2",25,3033,80,31,0,56
"3",25,2968,82,31,0,56
"4",25,3013,85,31,0,56
"5",25,227,86,3,0,56
"6",25,3040,86,31,0,56
"7",25,2959,89,31,0,56
"8",25,3008,89,31,NA,NA
"9",25,3036,89,31,NA,NA
"10",25,596,90,6,NA,NA
"11",25,2984,90,31,NA,NA
"12",25,3043,90,31,0,56
"13",25,3045,90,31,0,56
"14",25,239,92,3,0,56
"15",25,3020,92,31,NA,NA
"16",25,207,93,3,0,56
"17",25,2970,94,31,0,56
"18",25,2996,94,31,NA,NA
"19",25,292,95,3,NA,NA
"20",25,2961,95,31,NA,NA
"21",25,2964,95,31,NA,NA
"22",25,3002,95,31,NA,NA
"23",25,3015,95,31,NA,NA
"24",25,3017,95,31,NA,NA
"25",25,3056,95,31,0,56
"26",25,3059,95,31,NA,NA
"27",25,212,96,3,0,56
"28",25,3006,96,31,0,56
"29",25,3012,96,31,0,56
"30",25,3058,96,31,NA,NA
"31",25,2969,97,31,NA,NA
"32",25,2998,97,31,0,56
"33",25,3037,97,31,NA,NA
"34",25,245,98,3,0,56
"35",25,3016,98,31,0,56
"36",25,3035,98,31,NA,NA
"37",25,225,99,3,NA,NA
"38",25,3001,99,31,NA,NA
"39",25,3053,99,31,NA,NA
"40",25,266,100,3,NA,NA
"41",25,541,100,6,1,56
"42",25,1129,100,12,NA,NA
"43",25,2977,100,31,NA,NA
"44",25,2979,100,31,0,56
"45",25,3003,100,31,0,56
"46",25,3028,100,31,0,56
"47",25,2962,101,31,0,56
"48",25,3007,101,31,0,56
"49",25,3024,101,31,NA,NA
"50",25,3025,101,31,0,56
"51",25,3027,101,31,0,56
"52",25,3046,101,31,0,56
"53",25,228,102,3,0,56
"54",25,304,102,3,0,56
"55",25,311,102,3,NA,NA
"56",25,3005,102,31,NA,NA
"57",25,3047,102,31,NA,NA
"58",25,299,103,3,NA,NA
"59",25,322,103,3,NA,NA
"60",25,3030,103,31,0,56
"61",25,3041,103,31,0,56
"62",25,3050,103,31,0,56
"63",25,3060,103,31,NA,NA
"64",25,3057,104,31,0,56
"65",25,294,105,3,0,56
"66",25,2967,105,31,0,56
"67",25,2978,105,31,NA,NA
"68",25,2981,105,31,NA,NA
"69",25,2982,105,31,0,56
"70",25,2983,105,31,NA,NA
"71",25,554,106,6,1,56
"72",25,2963,106,31,0,56
"73",25,2972,106,31,0,56
"74",25,2974,106,31,NA,NA
"75",25,2991,106,31,NA,NA
"76",25,3000,106,31,0,56
"77",25,3034,106,31,NA,NA
"78",25,3042,106,31,0,56
"79",25,254,107,3,NA,NA
"80",25,579,107,6,NA,NA
"81",25,2975,107,31,0,56
"82",25,3019,107,31,0,56
"83",25,291,108,3,0,56
"84",25,2960,108,31,NA,NA
"85",25,2985,108,31,NA,NA
"86",25,3039,108,31,0,56
"87",25,3048,108,31,0,56
"88",25,3051,108,31,0,56
"89",25,3055,108,31,NA,NA
"90",25,215,109,3,0,56
"91",25,236,109,3,NA,NA
"92",25,260,109,3,0,56
"93",25,267,109,3,NA,NA
"94",25,277,109,3,NA,NA
"95",25,2976,109,31,NA,NA
"96",25,2986,109,31,NA,NA
"97",25,3052,109,31,NA,NA
"98",25,213,110,3,NA,NA
"99",25,271,110,3,0,56
"100",25,2957,110,31,NA,NA
"101",25,3004,110,31,0,56
"102",25,3009,110,31,NA,NA
"103",25,3022,110,31,NA,NA
"104",25,244,111,3,NA,NA
"105",25,262,111,3,0,56
"106",25,2987,111,31,NA,NA
"107",25,209,112,3,NA,NA
"108",25,272,112,3,0,56
"109",25,278,112,3,NA,NA
"110",25,305,112,3,NA,NA
"111",25,307,112,3,0,56
"112",25,1111,112,12,0,56
"113",25,2973,112,31,NA,NA
"114",25,3018,112,31,1,56
"115",25,3023,112,31,NA,NA
"116",25,3038,112,31,NA,NA
"117",25,264,113,3,NA,NA
"118",25,297,113,3,NA,NA
"119",25,614,113,6,NA,NA
"120",25,2992,113,31,1,56
"121",25,2994,113,31,1,56
"122",25,2999,113,31,1,56
"123",25,3054,113,31,1,56
"124",25,218,114,3,0,56
"125",25,270,114,3,NA,NA
"126",25,2990,114,31,NA,NA
"127",25,3014,114,31,NA,NA
"128",25,3049,114,31,1,56
"129",25,253,115,3,NA,NA
"130",25,255,115,3,NA,NA
"131",25,552,115,6,NA,NA
"132",25,560,115,6,NA,NA
"133",25,1053,115,11,NA,NA
"134",25,2997,115,31,NA,NA
"135",25,3044,115,31,1,56
"136",25,219,116,3,0,56
"137",25,246,116,3,NA,NA
"138",25,248,116,3,NA,NA
"139",25,259,116,3,0,56
"140",25,287,116,3,0,56
"141",25,289,116,3,0,56
"142",25,315,116,3,NA,NA
"143",25,591,116,6,1,56
"144",25,221,117,3,NA,NA
"145",25,283,117,3,NA,NA
"146",25,556,117,6,NA,NA
"147",25,2966,117,31,NA,NA
"148",25,220,118,3,0,56
"149",25,237,118,3,0,56
"150",25,595,118,6,NA,NA
"151",25,2989,118,31,NA,NA
"152",25,3011,118,31,NA,NA
"153",25,206,119,3,0,56
"154",25,234,119,3,0,56
"155",25,288,119,3,0,56
"156",25,317,119,3,NA,NA
"157",25,321,119,3,NA,NA
"158",25,323,119,3,0,56
"159",25,547,119,6,NA,NA
"160",25,1138,119,12,NA,NA
"161",25,2958,119,31,NA,NA
"162",25,2995,119,31,NA,NA
"163",25,211,120,3,0,56
"164",25,216,120,3,0,56
"165",25,232,120,3,0,56
"166",25,247,120,3,0,56
"167",25,286,120,3,0,56
"168",25,542,120,6,NA,NA
"169",25,2965,120,31,1,56
"170",25,3026,120,31,NA,NA
"171",25,217,121,3,NA,NA
"172",25,231,121,3,0,56
"173",25,250,121,3,NA,NA
"174",25,309,121,3,NA,NA
"175",25,312,121,3,NA,NA
"176",25,599,121,6,NA,NA
"177",25,243,122,3,NA,NA
"178",25,249,122,3,0,56
"179",25,281,122,3,NA,NA
"180",25,303,122,3,0,56
"181",25,306,122,3,NA,NA
"182",25,308,122,3,0,56
"183",25,316,122,3,0,56
"184",25,320,122,3,0,56
"185",25,543,122,6,NA,NA
"186",25,615,122,6,1,56
"187",25,1000,122,11,NA,NA
"188",25,224,123,3,0,56
"189",25,274,123,3,NA,NA
"190",25,276,123,3,NA,NA
"191",25,319,123,3,NA,NA
"192",25,569,123,6,NA,NA
"193",25,204,124,3,NA,NA
"194",25,252,124,3,0,56
"195",25,265,124,3,NA,NA
"196",25,310,124,3,NA,NA
"197",25,302,125,3,0,56
"198",25,618,125,6,1,56
"199",25,1150,125,12,0,56
"200",25,251,126,3,0,56
"201",25,300,126,3,NA,NA
"202",25,540,126,6,NA,NA
"203",25,546,126,6,NA,NA
"204",25,210,127,3,NA,NA
"205",25,222,127,3,NA,NA
"206",25,257,127,3,NA,NA
"207",25,575,127,6,NA,NA
"208",25,1086,127,11,NA,NA
"209",25,1164,127,12,NA,NA
"210",25,3010,127,31,NA,NA
"211",25,230,128,3,NA,NA
"212",25,263,128,3,0,56
"213",25,273,128,3,0,56
"214",25,280,128,3,0,56
"215",25,282,128,3,0,56
"216",25,295,128,3,0,56
"217",25,296,128,3,0,56
"218",25,2993,128,31,1,56
"219",25,208,129,3,0,56
"220",25,238,129,3,NA,NA
"221",25,602,129,6,NA,NA
"222",25,241,130,3,0,56
"223",25,261,130,3,0,56
"224",25,314,130,3,0,56
"225",25,535,130,6,1,56
"226",25,550,130,6,1,56
"227",25,1015,130,11,0,56
"228",25,223,131,3,0,56
"229",25,226,131,3,0,56
"230",25,258,131,3,NA,NA
"231",25,539,131,6,NA,NA
"232",25,585,131,6,1,56
"233",25,1024,131,11,0,56
"234",25,1114,131,12,NA,NA
"235",25,2988,131,31,1,56
"236",25,205,132,3,NA,NA
"237",25,284,132,3,NA,NA
"238",25,558,132,6,1,56
"239",25,573,132,6,1,56
"240",25,580,132,6,1,56
"241",25,586,132,6,NA,NA
"242",25,594,132,6,NA,NA
"243",25,597,132,6,1,56
"244",25,600,132,6,1,56
"245",25,606,132,6,NA,NA
"246",25,1118,132,12,NA,NA
"247",25,235,133,3,NA,NA
"248",25,582,133,6,1,56
"249",25,1004,133,11,0,56
"250",25,1108,133,12,NA,NA
"251",25,1127,133,12,NA,NA
"252",25,612,134,6,NA,NA
"253",25,1112,134,12,NA,NA
"254",25,233,135,3,NA,NA
"255",25,256,135,3,0,56
"256",25,313,135,3,NA,NA
"257",25,537,135,6,NA,NA
"258",25,598,135,6,NA,NA
"259",25,3678,135,38,NA,NA
"260",25,565,136,6,1,56
"261",25,1097,136,12,NA,NA
"262",25,2971,136,31,NA,NA
"263",25,240,137,3,NA,NA
"264",25,318,137,3,0,56
"265",25,1039,137,11,0,56
"266",25,1144,137,12,0,56
"267",25,1171,137,12,NA,NA
"268",25,279,138,3,0,56
"269",25,301,138,3,0,56
"270",25,536,138,6,NA,NA
"271",25,571,138,6,1,56
"272",25,574,138,6,NA,NA
"273",25,577,138,6,1,56
"274",25,572,139,6,NA,NA
"275",25,1018,139,11,0,56
"276",25,1087,139,11,NA,NA
"277",25,1104,139,12,0,56
"278",25,293,140,3,0,56
"279",25,534,140,6,NA,NA
"280",25,566,140,6,1,56
"281",25,568,140,6,1,56
"282",25,1091,140,11,0,56
"283",25,3759,140,38,NA,NA
"284",25,3762,140,38,NA,NA
"285",25,269,141,3,NA,NA
"286",25,610,141,6,NA,NA
"287",25,617,141,6,NA,NA
"288",25,997,141,11,NA,NA
"289",25,1124,141,12,NA,NA
"290",25,584,142,6,1,56
"291",25,589,142,6,NA,NA
"292",25,1121,142,12,NA,NA
"293",25,1126,142,12,NA,NA
"294",25,229,143,3,NA,NA
"295",25,268,143,3,NA,NA
"296",25,1050,143,11,0,56
"297",25,1151,143,12,0,56
"298",25,588,144,6,1,56
"299",25,603,144,6,1,56
"300",25,1021,144,11,0,56
"301",25,1113,144,12,0,56
"302",25,1172,144,12,0,56
"303",25,529,145,6,1,56
"304",25,1034,145,11,NA,NA
"305",25,1094,145,12,0,56
"306",25,592,146,6,NA,NA
"307",25,1083,146,11,NA,NA
"308",25,1107,146,12,0,56
"309",25,1130,146,12,NA,NA
"310",25,1135,146,12,0,56
"311",25,3711,146,38,1,56
"312",25,531,147,6,NA,NA
"313",25,564,147,6,NA,NA
"314",25,604,147,6,NA,NA
"315",25,993,147,11,0,56
"316",25,1096,147,12,NA,NA
"317",25,1105,147,12,NA,NA
"318",25,1117,147,12,NA,NA
"319",25,1056,148,11,NA,NA
"320",25,1070,148,11,NA,NA
"321",25,1128,148,12,0,56
"322",25,1134,148,12,NA,NA
"323",25,1147,148,12,NA,NA
"324",25,1149,148,12,0,56
"325",25,549,149,6,1,56
"326",25,587,149,6,1,56
"327",25,622,149,6,1,56
"328",25,1074,149,11,0,56
"329",25,1158,149,12,NA,NA
"330",25,1098,150,12,0,56
"331",25,3682,150,38,NA,NA
"332",25,3768,150,38,NA,NA
"333",25,1001,151,11,0,56
"334",25,1062,151,11,NA,NA
"335",25,1103,151,12,0,56
"336",25,562,152,6,NA,NA
"337",25,593,152,6,1,56
"338",25,1046,152,11,0,56
"339",25,1137,152,12,0,56
"340",25,1153,152,12,0,56
"341",25,1159,152,12,0,56
"342",25,1166,152,12,0,56
"343",25,3718,152,38,1,56
"344",25,242,153,3,NA,NA
"345",25,561,153,6,1,56
"346",25,578,153,6,1,56
"347",25,1033,153,11,0,56
"348",25,1064,153,11,NA,NA
"349",25,1077,153,11,0,56
"350",25,1175,153,12,0,56
"351",25,611,154,6,1,56
"352",25,992,154,11,NA,NA
"353",25,1020,154,11,NA,NA
"354",25,1032,154,11,0,56
"355",25,1168,154,12,NA,NA
"356",25,551,155,6,1,56
"357",25,590,155,6,1,56
"358",25,987,155,11,NA,NA
"359",25,1016,155,11,NA,NA
"360",25,1030,155,11,0,56
"361",25,1078,155,11,NA,NA
"362",25,2081,155,22,0,56
"363",25,601,156,6,NA,NA
"364",25,1167,156,12,0,56
"365",25,1173,156,12,0,56
"366",25,576,157,6,1,56
"367",25,1038,157,11,0,56
"368",25,1071,157,11,NA,NA
"369",25,1120,157,12,0,56
"370",25,1122,157,12,NA,NA
"371",25,3724,157,38,NA,NA
"372",25,1073,158,11,0,56
"373",25,1099,158,12,NA,NA
"374",25,3675,158,38,1,56
"375",25,3713,158,38,1,56
"376",25,3716,158,38,1,56
"377",25,3757,158,38,NA,NA
"378",25,619,159,6,NA,NA
"379",25,1006,159,11,0,56
"380",25,1067,159,11,NA,NA
"381",25,1101,159,12,0,56
"382",25,1143,159,12,NA,NA
"383",25,1148,159,12,0,56
"384",25,1154,159,12,NA,NA
"385",25,1169,159,12,0,56
"386",25,3712,159,38,NA,NA
"387",25,999,160,11,0,56
"388",25,1005,160,11,0,56
"389",25,1025,160,11,NA,NA
"390",25,1043,160,11,NA,NA
"391",25,1061,160,11,NA,NA
"392",25,1109,160,12,NA,NA
"393",25,1155,160,12,NA,NA
"394",25,996,161,11,0,56
"395",25,1060,161,11,NA,NA
"396",25,1176,161,12,NA,NA
"397",25,545,162,6,1,56
"398",25,990,162,11,0,56
"399",25,3708,162,38,1,56
"400",25,530,163,6,1,56
"401",25,607,163,6,NA,NA
"402",25,1014,163,11,NA,NA
"403",25,1031,163,11,NA,NA
"404",25,1040,163,11,0,56
"405",25,1047,163,11,0,56
"406",25,2153,163,22,0,56
"407",25,988,164,11,0,56
"408",25,1012,164,11,0,56
"409",25,1102,164,12,0,56
"410",25,1106,164,12,NA,NA
"411",25,3535,164,36,0,56
"412",25,3694,164,38,NA,NA
"413",25,563,165,6,1,56
"414",25,986,165,11,NA,NA
"415",25,1003,165,11,0,56
"416",25,1079,165,11,NA,NA
"417",25,1082,165,11,NA,NA
"418",25,1100,165,12,0,56
"419",25,1119,165,12,NA,NA
"420",25,1145,165,12,0,56
"421",25,2170,165,22,NA,NA
"422",25,3683,165,38,NA,NA
"423",25,3729,165,38,NA,NA
"424",25,553,166,6,NA,NA
"425",25,1035,166,11,NA,NA
"426",25,1036,166,11,NA,NA
"427",25,1049,166,11,NA,NA
"428",25,1054,166,11,NA,NA
"429",25,1088,166,11,NA,NA
"430",25,1139,166,12,NA,NA
"431",25,3703,166,38,NA,NA
"432",25,3758,166,38,1,56
"433",25,1026,167,11,NA,NA
"434",25,1133,167,12,NA,NA
"435",25,1136,167,12,NA,NA
"436",25,1141,167,12,0,56
"437",25,2159,167,22,NA,NA
"438",25,1009,168,11,0,56
"439",25,1019,168,11,NA,NA
"440",25,1048,168,11,NA,NA
"441",25,1055,168,11,0,56
"442",25,1065,168,11,0,56
"443",25,3723,168,38,NA,NA
"444",25,985,169,11,0,56
"445",25,1008,169,11,0,56
"446",25,1013,169,11,0,56
"447",25,1072,169,11,NA,NA
"448",25,1093,169,11,NA,NA
"449",25,1142,169,12,NA,NA
"450",25,1160,169,12,NA,NA
"451",25,1037,170,11,0,56
"452",25,1059,170,11,NA,NA
"453",25,1140,170,12,0,56
"454",25,1157,170,12,NA,NA
"455",25,1162,170,12,0,56
"456",25,2084,170,22,1,56
"457",25,2093,170,22,NA,NA
"458",25,2096,170,22,NA,NA
"459",25,1010,171,11,NA,NA
"460",25,1042,171,11,0,56
"461",25,1075,171,11,NA,NA
"462",25,1090,171,11,0,56
"463",25,1174,171,12,NA,NA
"464",25,3463,171,36,0,56
"465",25,3571,171,37,0,56
"466",25,3767,171,38,NA,NA
"467",25,621,172,6,1,56
"468",25,1002,172,11,0,56
"469",25,1044,172,11,0,56
"470",25,1058,172,11,0,56
"471",25,1066,172,11,0,56
"472",25,1095,172,12,0,56
"473",25,3743,172,38,NA,NA
"474",25,613,173,6,1,56
"475",25,1007,173,11,NA,NA
"476",25,1115,173,12,0,56
"477",25,1156,173,12,0,56
"478",25,1165,173,12,0,56
"479",25,1028,174,11,NA,NA
"480",25,1045,174,11,NA,NA
"481",25,1051,174,11,0,56
"482",25,1052,174,11,NA,NA
"483",25,1085,174,11,0,56
"484",25,2091,174,22,1,56
"485",25,2121,174,22,1,56
"486",25,2128,174,22,1,56
"487",25,2173,174,22,1,56
"488",25,3721,174,38,NA,NA
"489",25,1011,175,11,0,56
"490",25,1027,175,11,0,56
"491",25,1152,175,12,0,56
"492",25,2111,175,22,1,56
"493",25,2136,175,22,1,56
"494",25,3484,175,36,0,56
"495",25,3719,175,38,NA,NA
"496",25,991,176,11,NA,NA
"497",25,994,176,11,0,56
"498",25,1022,176,11,0,56
"499",25,1029,176,11,NA,NA
"500",25,1076,176,11,NA,NA
"501",25,1131,176,12,NA,NA
"502",25,2082,176,22,NA,NA
"503",25,2132,176,22,NA,NA
"504",25,3456,176,36,NA,NA
"505",25,3476,176,36,NA,NA
"506",25,1017,177,11,0,56
"507",25,2090,177,22,NA,NA
"508",25,3461,177,36,NA,NA
"509",25,3527,177,36,NA,NA
"510",25,3538,177,36,0,56
"511",25,3679,177,38,1,56
"512",25,3689,177,38,NA,NA
"513",25,3693,177,38,NA,NA
"514",25,3753,177,38,NA,NA
"515",25,1069,178,11,NA,NA
"516",25,3652,178,37,NA,NA
"517",25,3748,178,38,1,56
"518",25,1084,179,11,0,56
"519",25,2137,179,22,NA,NA
"520",25,1041,180,11,NA,NA
"521",25,1081,180,11,0,56
"522",25,1092,180,11,NA,NA
"523",25,1161,180,12,0,56
"524",25,2103,180,22,NA,NA
"525",25,2106,180,22,NA,NA
"526",25,3497,180,36,0,56
"527",25,3543,180,36,NA,NA
"528",25,3735,180,38,1,56
"529",25,1068,181,11,0,56
"530",25,2075,181,22,NA,NA
"531",25,2105,181,22,NA,NA
"532",25,2123,181,22,1,56
"533",25,2143,181,22,NA,NA
"534",25,3487,181,36,NA,NA
"535",25,3741,181,38,NA,NA
"536",25,3746,181,38,NA,NA
"537",25,555,182,6,1,56
"538",25,998,182,11,NA,NA
"539",25,2139,182,22,NA,NA
"540",25,3544,182,36,0,56
"541",25,3618,182,37,0,56
"542",25,3722,182,38,1,56
"543",25,3731,182,38,NA,NA
"544",25,567,183,6,NA,NA
"545",25,989,183,11,0,56
"546",25,1023,183,11,NA,NA
"547",25,1063,183,11,0,56
"548",25,2083,183,22,NA,NA
"549",25,2160,183,22,NA,NA
"550",25,3509,183,36,NA,NA
"551",25,3673,183,38,1,56
"552",25,995,184,11,NA,NA
"553",25,1163,184,12,0,56
"554",25,2129,184,22,NA,NA
"555",25,2162,184,22,NA,NA
"556",25,3475,184,36,NA,NA
"557",25,3480,184,36,NA,NA
"558",25,3518,184,36,0,56
"559",25,3548,184,36,0,56
"560",25,1057,185,11,0,56
"561",25,1116,185,12,0,56
"562",25,1132,185,12,0,56
"563",25,3495,185,36,NA,NA
"564",25,3500,185,36,NA,NA
"565",25,3529,185,36,NA,NA
"566",25,3696,185,38,NA,NA
"567",25,3744,185,38,NA,NA
"568",25,1146,186,12,NA,NA
"569",25,2098,186,22,NA,NA
"570",25,3440,186,36,0,56
"571",25,3451,186,36,0,56
"572",25,3473,186,36,NA,NA
"573",25,3474,186,36,0,56
"574",25,3523,186,36,NA,NA
"575",25,3552,186,36,0,56
"576",25,3462,187,36,0,56
"577",25,3464,187,36,NA,NA
"578",25,3486,187,36,0,56
"579",25,3490,187,36,0,56
"580",25,3492,187,36,0,56
"581",25,3519,187,36,NA,NA
"582",25,3550,187,36,NA,NA
"583",25,2068,188,22,1,56
"584",25,2080,188,22,NA,NA
"585",25,2097,188,22,NA,NA
"586",25,3468,188,36,NA,NA
"587",25,3705,188,38,1,56
"588",25,1125,189,12,0,56
"589",25,3441,189,36,NA,NA
"590",25,3453,189,36,NA,NA
"591",25,3485,189,36,0,56
"592",25,3501,189,36,0,56
"593",25,3515,189,36,NA,NA
"594",25,3554,189,36,0,56
"595",25,3646,189,37,0,56
"596",25,3674,189,38,NA,NA
"597",25,3739,189,38,1,56
"598",25,3752,189,38,1,56
"599",25,2066,190,22,NA,NA
"600",25,2118,190,22,NA,NA
"601",25,3460,190,36,NA,NA
"602",25,3491,190,36,0,56
"603",25,3504,190,36,NA,NA
"604",25,3511,190,36,NA,NA
"605",25,3522,190,36,NA,NA
"606",25,3532,190,36,0,56
"607",25,3540,190,36,0,56
"608",25,3644,190,37,0,56
"609",25,3660,190,37,NA,NA
"610",25,3745,190,38,1,56
"611",25,2071,191,22,NA,NA
"612",25,2127,191,22,1,56
"613",25,3449,191,36,0,56
"614",25,3467,191,36,NA,NA
"615",25,3483,191,36,0,56
"616",25,3510,191,36,NA,NA
"617",25,3536,191,36,0,56
"618",25,3541,191,36,0,56
"619",25,3754,191,38,NA,NA
"620",25,2078,192,22,1,56
"621",25,2101,192,22,1,56
"622",25,3445,192,36,NA,NA
"623",25,3446,192,36,0,56
"624",25,3478,192,36,NA,NA
"625",25,3494,192,36,NA,NA
"626",25,3507,192,36,0,56
"627",25,3508,192,36,0,56
"628",25,3520,192,36,NA,NA
"629",25,3526,192,36,NA,NA
"630",25,2141,193,22,NA,NA
"631",25,2149,193,22,NA,NA
"632",25,3465,193,36,0,56
"633",25,3489,193,36,NA,NA
"634",25,3537,193,36,NA,NA
"635",25,3546,193,36,0,56
"636",25,1110,194,12,NA,NA
"637",25,2070,194,22,1,56
"638",25,2125,194,22,1,56
"639",25,3444,194,36,0,56
"640",25,3447,194,36,0,56
"641",25,3466,194,36,NA,NA
"642",25,3524,194,36,NA,NA
"643",25,3525,194,36,0,56
"644",25,3531,194,36,NA,NA
"645",25,3594,194,37,NA,NA
"646",25,2074,195,22,NA,NA
"647",25,2156,195,22,1,56
"648",25,3443,195,36,0,56
"649",25,3472,195,36,0,56
"650",25,3477,195,36,NA,NA
"651",25,3493,195,36,0,56
"652",25,3545,195,36,NA,NA
"653",25,3551,195,36,NA,NA
"654",25,3553,195,36,NA,NA
"655",25,3555,195,37,0,56
"656",25,3559,195,37,NA,NA
"657",25,3638,195,37,0,56
"658",25,2062,196,22,1,56
"659",25,2161,196,22,NA,NA
"660",25,3439,196,36,NA,NA
"661",25,3482,196,36,0,56
"662",25,3502,196,36,0,56
"663",25,3514,196,36,0,56
"664",25,3517,196,36,NA,NA
"665",25,3530,196,36,NA,NA
"666",25,3749,196,38,1,56
"667",25,1395,197,15,1,56
"668",25,3470,197,36,0,56
"669",25,3481,197,36,0,56
"670",25,3488,197,36,NA,NA
"671",25,3496,197,36,0,56
"672",25,3506,197,36,NA,NA
"673",25,3534,197,36,0,56
"674",25,3542,197,36,NA,NA
"675",25,3590,197,37,NA,NA
"676",25,3657,197,37,0,56
"677",25,3736,197,38,NA,NA
"678",25,2152,198,22,NA,NA
"679",25,2155,198,22,1,56
"680",25,3457,198,36,0,56
"681",25,3512,198,36,NA,NA
"682",25,3521,198,36,NA,NA
"683",25,3647,198,37,0,56
"684",25,3664,198,37,0,56
"685",25,3677,198,38,1,56
"686",25,3755,198,38,1,56
"687",25,3761,198,38,1,56
"688",25,2120,199,22,NA,NA
"689",25,3442,199,36,0,56
"690",25,3452,199,36,NA,NA
"691",25,3516,199,36,0,56
"692",25,3709,199,38,1,56
"693",25,1615,200,17,1,56
"694",25,2077,200,22,NA,NA
"695",25,2089,200,22,1,56
"696",25,2133,200,22,NA,NA
"697",25,3448,200,36,0,56
"698",25,3454,200,36,NA,NA
"699",25,3471,200,36,NA,NA
"700",25,3549,200,36,NA,NA
"701",25,3588,200,37,NA,NA
"702",25,3680,200,38,NA,NA
"703",25,2099,201,22,NA,NA
"704",25,2100,201,22,1,56
"705",25,2165,201,22,1,56
"706",25,2171,201,22,NA,NA
"707",25,3573,201,37,NA,NA
"708",25,3725,201,38,1,56
"709",25,2092,202,22,NA,NA
"710",25,2148,202,22,1,56
"711",25,3513,202,36,NA,NA
"712",25,3547,202,36,NA,NA
"713",25,3584,202,37,0,56
"714",25,3627,202,37,NA,NA
"715",25,3659,202,37,NA,NA
"716",25,3706,202,38,NA,NA
"717",25,2065,203,22,1,56
"718",25,2072,203,22,NA,NA
"719",25,3459,203,36,0,56
"720",25,3499,203,36,0,56
"721",25,3528,203,36,0,56
"722",25,3621,203,37,0,56
"723",25,1514,204,16,NA,NA
"724",25,2169,204,22,NA,NA
"725",25,2736,204,28,NA,NA
"726",25,3455,204,36,0,56
"727",25,3479,204,36,0,56
"728",25,3503,204,36,0,56
"729",25,3637,204,37,NA,NA
"730",25,3681,204,38,1,56
"731",25,3710,204,38,NA,NA
"732",25,1417,205,15,NA,NA
"733",25,1614,205,17,1,56
"734",25,2102,205,22,NA,NA
"735",25,2122,205,22,1,56
"736",25,2146,205,22,1,56
"737",25,3569,205,37,0,56
"738",25,3669,205,37,0,56
"739",25,2079,206,22,NA,NA
"740",25,2108,206,22,NA,NA
"741",25,2126,206,22,NA,NA
"742",25,3581,206,37,0,56
"743",25,3617,206,37,NA,NA
"744",25,3760,206,38,NA,NA
"745",25,2095,207,22,NA,NA
"746",25,2150,207,22,1,56
"747",25,3498,207,36,0,56
"748",25,3642,207,37,0,56
"749",25,3656,207,37,0,56
"750",25,3742,207,38,1,56
"751",25,1886,208,20,NA,NA
"752",25,3505,208,36,0,56
"753",25,3577,208,37,0,56
"754",25,3609,208,37,NA,NA
"755",25,3623,208,37,NA,NA
"756",25,1448,209,15,NA,NA
"757",25,1608,209,17,NA,NA
"758",25,2094,209,22,NA,NA
"759",25,2147,209,22,NA,NA
"760",25,3574,209,37,NA,NA
"761",25,3575,209,37,0,56
"762",25,3616,209,37,0,56
"763",25,3640,209,37,NA,NA
"764",25,3649,209,37,0,56
"765",25,3655,209,37,NA,NA
"766",25,3730,209,38,NA,NA
"767",25,1435,210,15,1,56
"768",25,1589,210,17,1,56
"769",25,2104,210,22,1,56
"770",25,3539,210,36,0,56
"771",25,3558,210,37,NA,NA
"772",25,3570,210,37,NA,NA
"773",25,3596,210,37,NA,NA
"774",25,1413,211,15,NA,NA
"775",25,2750,211,28,1,56
"776",25,3578,211,37,NA,NA
"777",25,3579,211,37,NA,NA
"778",25,3593,211,37,NA,NA
"779",25,3670,211,37,0,56
"780",25,3717,211,38,1,56
"781",25,1424,212,15,NA,NA
"782",25,1562,212,17,NA,NA
"783",25,1646,212,17,NA,NA
"784",25,2114,212,22,1,56
"785",25,3469,212,36,0,56
"786",25,3612,212,37,NA,NA
"787",25,3636,212,37,0,56
"788",25,525,213,5,NA,NA
"789",25,1626,213,17,NA,NA
"790",25,2116,213,22,NA,NA
"791",25,2135,213,22,1,56
"792",25,3628,213,37,0,56
"793",25,3630,213,37,NA,NA
"794",25,1398,214,15,NA,NA
"795",25,1492,214,16,NA,NA
"796",25,2067,214,22,NA,NA
"797",25,2085,214,22,1,56
"798",25,2142,214,22,1,56
"799",25,2705,214,28,NA,NA
"800",25,3458,214,36,NA,NA
"801",25,3556,214,37,0,56
"802",25,3626,214,37,NA,NA
"803",25,3635,214,37,NA,NA
"804",25,3645,214,37,NA,NA
"805",25,3662,214,37,NA,NA
"806",25,3671,214,38,1,56
"807",25,3695,214,38,NA,NA
"808",25,1557,215,17,1,56
"809",25,1569,215,17,NA,NA
"810",25,2088,215,22,NA,NA
"811",25,3566,215,37,NA,NA
"812",25,3591,215,37,NA,NA
"813",25,3603,215,37,0,56
"814",25,3608,215,37,NA,NA
"815",25,3629,215,37,0,56
"816",25,3639,215,37,NA,NA
"817",25,3666,215,37,NA,NA
"818",25,3738,215,38,NA,NA
"819",25,1447,216,15,1,56
"820",25,1550,216,17,1,56
"821",25,1559,216,17,1,56
"822",25,1568,216,17,NA,NA
"823",25,1645,216,17,NA,NA
"824",25,2503,216,26,NA,NA
"825",25,3564,216,37,NA,NA
"826",25,3576,216,37,0,56
"827",25,3585,216,37,0,56
"828",25,3604,216,37,0,56
"829",25,3614,216,37,0,56
"830",25,3622,216,37,NA,NA
"831",25,3641,216,37,NA,NA
"832",25,1376,217,15,1,56
"833",25,1582,217,17,NA,NA
"834",25,1635,217,17,NA,NA
"835",25,2064,217,22,1,56
"836",25,2073,217,22,1,56
"837",25,2086,217,22,NA,NA
"838",25,2109,217,22,1,56
"839",25,2134,217,22,1,56
"840",25,3572,217,37,0,56
"841",25,3582,217,37,NA,NA
"842",25,3602,217,37,0,56
"843",25,3607,217,37,0,56
"844",25,3619,217,37,NA,NA
"845",25,3650,217,37,0,56
"846",25,3663,217,37,0,56
"847",25,3665,217,37,NA,NA
"848",25,1415,218,15,NA,NA
"849",25,1460,218,16,NA,NA
"850",25,1606,218,17,1,56
"851",25,1611,218,17,NA,NA
"852",25,1657,218,17,1,56
"853",25,2140,218,22,1,56
"854",25,2164,218,22,NA,NA
"855",25,3450,218,36,NA,NA
"856",25,3568,218,37,NA,NA
"857",25,3589,218,37,0,56
"858",25,3595,218,37,0,56
"859",25,3620,218,37,NA,NA
"860",25,3734,218,38,NA,NA
"861",25,865,219,9,NA,NA
"862",25,1400,219,15,NA,NA
"863",25,1434,219,15,NA,NA
"864",25,1566,219,17,NA,NA
"865",25,1628,219,17,1,56
"866",25,2758,219,28,NA,NA
"867",25,3606,219,37,0,56
"868",25,3658,219,37,NA,NA
"869",25,3668,219,37,0,56
"870",25,423,220,5,0,56
"871",25,1412,220,15,1,56
"872",25,1437,220,15,1,56
"873",25,1595,220,17,NA,NA
"874",25,1629,220,17,NA,NA
"875",25,2124,220,22,1,56
"876",25,3634,220,37,0,56
"877",25,3704,220,38,1,56
"878",25,1596,221,17,NA,NA
"879",25,1647,221,17,1,56
"880",25,2117,221,22,1,56
"881",25,3613,221,37,0,56
"882",25,3643,221,37,0,56
"883",25,1377,222,15,NA,NA
"884",25,1386,222,15,1,56
"885",25,1420,222,15,NA,NA
"886",25,1436,222,15,NA,NA
"887",25,1478,222,16,1,56
"888",25,1572,222,17,NA,NA
"889",25,1652,222,17,NA,NA
"890",25,1658,222,17,NA,NA
"891",25,2110,222,22,NA,NA
"892",25,2166,222,22,NA,NA
"893",25,3580,222,37,0,56
"894",25,3631,222,37,0,56
"895",25,3686,222,38,NA,NA
"896",25,505,223,5,0,56
"897",25,1416,223,15,NA,NA
"898",25,1648,223,17,NA,NA
"899",25,2168,223,22,1,56
"900",25,3557,223,37,NA,NA
"901",25,3615,223,37,NA,NA
"902",25,3633,223,37,NA,NA
"903",25,1431,224,15,NA,NA
"904",25,1574,224,17,1,56
"905",25,1636,224,17,NA,NA
"906",25,1642,224,17,NA,NA
"907",25,2490,224,26,NA,NA
"908",25,3560,224,37,NA,NA
"909",25,3605,224,37,1,56
"910",25,3625,224,37,NA,NA
"911",25,3667,224,37,1,56
"912",25,869,225,9,0,56
"913",25,1521,225,16,NA,NA
"914",25,1591,225,17,NA,NA
"915",25,1650,225,17,NA,NA
"916",25,2759,225,28,NA,NA
"917",25,3562,225,37,1,56
"918",25,3563,225,37,1,56
"919",25,3592,225,37,1,56
"920",25,3632,225,37,NA,NA
"921",25,3648,225,37,1,56
"922",25,458,226,5,0,56
"923",25,489,226,5,NA,NA
"924",25,881,226,9,NA,NA
"925",25,1311,226,14,NA,NA
"926",25,1450,226,15,NA,NA
"927",25,1633,226,17,NA,NA
"928",25,2076,226,22,1,56
"929",25,2167,226,22,1,56
"930",25,3600,226,37,NA,NA
"931",25,3747,226,38,1,56
"932",25,847,227,9,0,56
"933",25,1396,227,15,1,56
"934",25,1397,227,15,1,56
"935",25,1427,227,15,NA,NA
"936",25,1555,227,17,NA,NA
"937",25,1561,227,17,1,56
"938",25,1563,227,17,NA,NA
"939",25,1571,227,17,1,56
"940",25,1598,227,17,NA,NA
"941",25,2700,227,28,NA,NA
"942",25,3599,227,37,1,56
"943",25,3653,227,37,NA,NA
"944",25,1203,228,13,NA,NA
"945",25,1399,228,15,NA,NA
"946",25,1579,228,17,NA,NA
"947",25,1627,228,17,NA,NA
"948",25,1655,228,17,NA,NA
"949",25,2546,228,26,0,56
"950",25,3610,228,37,1,56
"951",25,454,229,5,0,56
"952",25,455,229,5,0,56
"953",25,468,229,5,0,56
"954",25,503,229,5,0,56
"955",25,1391,229,15,NA,NA
"956",25,1392,229,15,NA,NA
"957",25,1438,229,15,1,56
"958",25,1554,229,17,NA,NA
"959",25,1556,229,17,1,56
"960",25,1612,229,17,NA,NA
"961",25,1623,229,17,NA,NA
"962",25,2172,229,22,NA,NA
"963",25,2486,229,26,0,56
"964",25,743,230,8,1,56
"965",25,815,230,9,0,56
"966",25,837,230,9,NA,NA
"967",25,1432,230,15,NA,NA
"968",25,1472,230,16,NA,NA
"969",25,1560,230,17,NA,NA
"970",25,1578,230,17,NA,NA
"971",25,1586,230,17,NA,NA
"972",25,1621,230,17,1,56
"973",25,1644,230,17,NA,NA
"974",25,1649,230,17,NA,NA
"975",25,2163,230,22,1,56
"976",25,2492,230,26,0,56
"977",25,2516,230,26,0,56
"978",25,2718,230,28,1,56
"979",25,3565,230,37,1,56
"980",25,3601,230,37,NA,NA
"981",25,513,231,5,0,56
"982",25,894,231,9,0,56
"983",25,1384,231,15,1,56
"984",25,1390,231,15,NA,NA
"985",25,1442,231,15,1,56
"986",25,1632,231,17,1,56
"987",25,1640,231,17,1,56
"988",25,2496,231,26,0,56
"989",25,2703,231,28,1,56
"990",25,1441,232,15,1,56
"991",25,1624,232,17,NA,NA
"992",25,1630,232,17,1,56
"993",25,2525,232,26,NA,NA
"994",25,3561,232,37,NA,NA
"995",25,421,233,5,0,56
"996",25,422,233,5,NA,NA
"997",25,435,233,5,NA,NA
"998",25,488,233,5,0,56
"999",25,816,233,9,0,56
"1000",25,854,233,9,NA,NA
"1001",25,855,233,9,0,56
"1002",25,1429,233,15,NA,NA
"1003",25,1455,233,15,NA,NA
"1004",25,1508,233,16,NA,NA
"1005",25,1587,233,17,1,56
"1006",25,1639,233,17,1,56
"1007",25,1656,233,17,NA,NA
"1008",25,3598,233,37,NA,NA
"1009",25,474,234,5,NA,NA
"1010",25,508,234,5,0,56
"1011",25,517,234,5,NA,NA
"1012",25,852,234,9,NA,NA
"1013",25,873,234,9,0,56
"1014",25,1252,234,13,NA,NA
"1015",25,1317,234,14,NA,NA
"1016",25,1585,234,17,NA,NA
"1017",25,1637,234,17,1,56
"1018",25,2475,234,26,NA,NA
"1019",25,2518,234,26,NA,NA
"1020",25,2528,234,26,0,56
"1021",25,2572,234,26,0,56
"1022",25,2675,234,27,0,56
"1023",25,2709,234,28,NA,NA
"1024",25,2737,234,28,1,56
"1025",25,3624,234,37,NA,NA
"1026",25,427,235,5,NA,NA
"1027",25,446,235,5,0,56
"1028",25,467,235,5,NA,NA
"1029",25,499,235,5,NA,NA
"1030",25,527,235,5,NA,NA
"1031",25,528,235,5,0,56
"1032",25,732,235,8,NA,NA
"1033",25,862,235,9,0,56
"1034",25,888,235,9,0,56
"1035",25,1445,235,15,NA,NA
"1036",25,1597,235,17,NA,NA
"1037",25,1618,235,17,1,56
"1038",25,2478,235,26,NA,NA
"1039",25,2722,235,28,1,56
"1040",25,3611,235,37,NA,NA
"1041",25,3651,235,37,NA,NA
"1042",25,437,236,5,NA,NA
"1043",25,448,236,5,NA,NA
"1044",25,483,236,5,0,56
"1045",25,884,236,9,0,56
"1046",25,1577,236,17,NA,NA
"1047",25,1583,236,17,NA,NA
"1048",25,1593,236,17,1,56
"1049",25,1607,236,17,NA,NA
"1050",25,1609,236,17,1,56
"1051",25,2157,236,22,NA,NA
"1052",25,2531,236,26,0,56
"1053",25,2706,236,28,NA,NA
"1054",25,3567,236,37,NA,NA
"1055",25,472,237,5,0,56
"1056",25,520,237,5,NA,NA
"1057",25,874,237,9,NA,NA
"1058",25,1498,237,16,NA,NA
"1059",25,1590,237,17,1,56
"1060",25,1602,237,17,NA,NA
"1061",25,1654,237,17,1,56
"1062",25,2474,237,26,NA,NA
"1063",25,2479,237,26,0,56
"1064",25,426,238,5,NA,NA
"1065",25,428,238,5,NA,NA
"1066",25,456,238,5,NA,NA
"1067",25,486,238,5,0,56
"1068",25,497,238,5,0,56
"1069",25,515,238,5,NA,NA
"1070",25,845,238,9,NA,NA
"1071",25,893,238,9,NA,NA
"1072",25,1321,238,14,1,56
"1073",25,1375,238,15,NA,NA
"1074",25,1453,238,15,NA,NA
"1075",25,2512,238,26,0,56
"1076",25,2742,238,28,NA,NA
"1077",25,2764,238,28,NA,NA
"1078",25,3583,238,37,1,56
"1079",25,3661,238,37,NA,NA
"1080",25,3672,238,38,NA,NA
"1081",25,3726,238,38,1,56
"1082",25,482,239,5,0,56
"1083",25,496,239,5,NA,NA
"1084",25,519,239,5,NA,NA
"1085",25,522,239,5,NA,NA
"1086",25,787,239,8,1,56
"1087",25,1216,239,13,1,56
"1088",25,1402,239,15,1,56
"1089",25,1461,239,16,1,56
"1090",25,1463,239,16,NA,NA
"1091",25,1558,239,17,1,56
"1092",25,1565,239,17,1,56
"1093",25,1575,239,17,NA,NA
"1094",25,1592,239,17,1,56
"1095",25,1599,239,17,NA,NA
"1096",25,1616,239,17,NA,NA
"1097",25,2746,239,28,1,56
"1098",25,452,240,5,NA,NA
"1099",25,463,240,5,NA,NA
"1100",25,478,240,5,NA,NA
"1101",25,490,240,5,NA,NA
"1102",25,510,240,5,NA,NA
"1103",25,512,240,5,0,56
"1104",25,1343,240,14,1,56
"1105",25,1379,240,15,1,56
"1106",25,1603,240,17,1,56
"1107",25,1634,240,17,1,56
"1108",25,2154,240,22,1,56
"1109",25,2487,240,26,0,56
"1110",25,2491,240,26,NA,NA
"1111",25,2530,240,26,NA,NA
"1112",25,2533,240,26,0,56
"1113",25,2555,240,26,0,56
"1114",25,2696,240,28,1,56
"1115",25,2720,240,28,NA,NA
"1116",25,2729,240,28,NA,NA
"1117",25,2760,240,28,NA,NA
"1118",25,415,241,5,0,56
"1119",25,450,241,5,NA,NA
"1120",25,481,241,5,0,56
"1121",25,485,241,5,NA,NA
"1122",25,502,241,5,0,56
"1123",25,833,241,9,NA,NA
"1124",25,834,241,9,0,56
"1125",25,838,241,9,0,56
"1126",25,1419,241,15,NA,NA
"1127",25,1426,241,15,1,56
"1128",25,1428,241,15,1,56
"1129",25,1495,241,16,NA,NA
"1130",25,1580,241,17,NA,NA
"1131",25,1622,241,17,1,56
"1132",25,2570,241,26,NA,NA
"1133",25,445,242,5,NA,NA
"1134",25,471,242,5,NA,NA
"1135",25,476,242,5,0,56
"1136",25,477,242,5,NA,NA
"1137",25,511,242,5,NA,NA
"1138",25,514,242,5,0,56
"1139",25,521,242,5,0,56
"1140",25,823,242,9,0,56
"1141",25,860,242,9,NA,NA
"1142",25,1281,242,14,NA,NA
"1143",25,1318,242,14,NA,NA
"1144",25,1483,242,16,NA,NA
"1145",25,1631,242,17,1,56
"1146",25,2483,242,26,NA,NA
"1147",25,2552,242,26,NA,NA
"1148",25,2564,242,26,NA,NA
"1149",25,460,243,5,NA,NA
"1150",25,501,243,5,NA,NA
"1151",25,828,243,9,NA,NA
"1152",25,831,243,9,NA,NA
"1153",25,1617,243,17,1,56
"1154",25,2498,243,26,0,56
"1155",25,2522,243,26,0,56
"1156",25,2529,243,26,0,56
"1157",25,2707,243,28,NA,NA
"1158",25,2724,243,28,1,56
"1159",25,3587,243,37,1,56
"1160",25,414,244,5,0,56
"1161",25,420,244,5,NA,NA
"1162",25,424,244,5,0,56
"1163",25,432,244,5,NA,NA
"1164",25,465,244,5,NA,NA
"1165",25,491,244,5,0,56
"1166",25,500,244,5,0,56
"1167",25,504,244,5,NA,NA
"1168",25,518,244,5,0,56
"1169",25,764,244,8,NA,NA
"1170",25,849,244,9,NA,NA
"1171",25,851,244,9,0,56
"1172",25,853,244,9,0,56
"1173",25,868,244,9,0,56
"1174",25,1409,244,15,NA,NA
"1175",25,2480,244,26,NA,NA
"1176",25,2497,244,26,NA,NA
"1177",25,2526,244,26,0,56
"1178",25,2666,244,27,NA,NA
"1179",25,2717,244,28,1,56
"1180",25,2762,244,28,NA,NA
"1181",25,3958,244,40,1,56
"1182",25,416,245,5,0,56
"1183",25,418,245,5,0,56
"1184",25,439,245,5,0,56
"1185",25,447,245,5,NA,NA
"1186",25,484,245,5,NA,NA
"1187",25,493,245,5,NA,NA
"1188",25,877,245,9,NA,NA
"1189",25,1421,245,15,1,56
"1190",25,1540,245,16,NA,NA
"1191",25,1552,245,17,NA,NA
"1192",25,1625,245,17,NA,NA
"1193",25,2519,245,26,0,56
"1194",25,2544,245,26,NA,NA
"1195",25,2566,245,26,NA,NA
"1196",25,2571,245,26,0,56
"1197",25,2669,245,27,0,56
"1198",25,2692,245,28,NA,NA
"1199",25,2770,245,28,NA,NA
"1200",25,417,246,5,0,56
"1201",25,480,246,5,0,56
"1202",25,498,246,5,0,56
"1203",25,825,246,9,NA,NA
"1204",25,857,246,9,0,56
"1205",25,871,246,9,NA,NA
"1206",25,1280,246,14,1,56
"1207",25,1410,246,15,NA,NA
"1208",25,1465,246,16,1,56
"1209",25,1469,246,16,NA,NA
"1210",25,1504,246,16,1,56
"1211",25,1543,246,16,NA,NA
"1212",25,1553,246,17,1,56
"1213",25,1653,246,17,1,56
"1214",25,2553,246,26,NA,NA
"1215",25,3692,246,38,NA,NA
"1216",25,464,247,5,0,56
"1217",25,470,247,5,0,56
"1218",25,492,247,5,NA,NA
"1219",25,879,247,9,0,56
"1220",25,1446,247,15,NA,NA
"1221",25,2493,247,26,NA,NA
"1222",25,2514,247,26,0,56
"1223",25,2521,247,26,0,56
"1224",25,2548,247,26,NA,NA
"1225",25,2695,247,28,1,56
"1226",25,2751,247,28,NA,NA
"1227",25,3733,247,38,1,56
"1228",25,431,248,5,NA,NA
"1229",25,443,248,5,0,56
"1230",25,506,248,5,0,56
"1231",25,509,248,5,0,56
"1232",25,516,248,5,NA,NA
"1233",25,819,248,9,0,56
"1234",25,861,248,9,0,56
"1235",25,1382,248,15,NA,NA
"1236",25,1389,248,15,1,56
"1237",25,1449,248,15,NA,NA
"1238",25,1456,248,15,1,56
"1239",25,1573,248,17,1,56
"1240",25,2495,248,26,NA,NA
"1241",25,2549,248,26,NA,NA
"1242",25,2551,248,26,NA,NA
"1243",25,413,249,5,0,56
"1244",25,442,249,5,0,56
"1245",25,453,249,5,0,56
"1246",25,461,249,5,0,56
"1247",25,462,249,5,NA,NA
"1248",25,469,249,5,0,56
"1249",25,473,249,5,NA,NA
"1250",25,840,249,9,NA,NA
"1251",25,859,249,9,0,56
"1252",25,1404,249,15,1,56
"1253",25,2476,249,26,NA,NA
"1254",25,2563,249,26,0,56
"1255",25,436,250,5,NA,NA
"1256",25,777,250,8,NA,NA
"1257",25,848,250,9,0,56
"1258",25,886,250,9,0,56
"1259",25,890,250,9,NA,NA
"1260",25,898,250,9,NA,NA
"1261",25,1331,250,14,NA,NA
"1262",25,1433,250,15,NA,NA
"1263",25,1510,250,16,NA,NA
"1264",25,1529,250,16,NA,NA
"1265",25,1567,250,17,1,56
"1266",25,2723,250,28,1,56
"1267",25,2756,250,28,NA,NA
"1268",25,430,251,5,0,56
"1269",25,444,251,5,0,56
"1270",25,523,251,5,0,56
"1271",25,810,251,8,NA,NA
"1272",25,827,251,9,NA,NA
"1273",25,878,251,9,0,56
"1274",25,892,251,9,0,56
"1275",25,1517,251,16,1,56
"1276",25,1518,251,16,NA,NA
"1277",25,1522,251,16,NA,NA
"1278",25,1576,251,17,1,56
"1279",25,2485,251,26,0,56
"1280",25,2504,251,26,NA,NA
"1281",25,2542,251,26,0,56
"1282",25,2550,251,26,0,56
"1283",25,2558,251,26,NA,NA
"1284",25,2568,251,26,0,56
"1285",25,2691,251,28,NA,NA
"1286",25,2726,251,28,NA,NA
"1287",25,438,252,5,NA,NA
"1288",25,440,252,5,0,56
"1289",25,441,252,5,NA,NA
"1290",25,487,252,5,NA,NA
"1291",25,507,252,5,NA,NA
"1292",25,526,252,5,0,56
"1293",25,731,252,8,1,56
"1294",25,822,252,9,NA,NA
"1295",25,1291,252,14,NA,NA
"1296",25,1380,252,15,NA,NA
"1297",25,2482,252,26,NA,NA
"1298",25,2500,252,26,NA,NA
"1299",25,2510,252,26,0,56
"1300",25,2527,252,26,0,56
"1301",25,2535,252,26,NA,NA
"1302",25,2538,252,26,0,56
"1303",25,2740,252,28,NA,NA
"1304",25,419,253,5,0,56
"1305",25,429,253,5,NA,NA
"1306",25,459,253,5,NA,NA
"1307",25,494,253,5,NA,NA
"1308",25,829,253,9,NA,NA
"1309",25,883,253,9,NA,NA
"1310",25,889,253,9,NA,NA
"1311",25,1385,253,15,1,56
"1312",25,1494,253,16,1,56
"1313",25,1526,253,16,NA,NA
"1314",25,2502,253,26,NA,NA
"1315",25,2562,253,26,NA,NA
"1316",25,2660,253,27,0,56
"1317",25,2714,253,28,NA,NA
"1318",25,433,254,5,NA,NA
"1319",25,495,254,5,0,56
"1320",25,751,254,8,NA,NA
"1321",25,754,254,8,1,56
"1322",25,765,254,8,NA,NA
"1323",25,789,254,8,NA,NA
"1324",25,805,254,8,NA,NA
"1325",25,817,254,9,NA,NA
"1326",25,887,254,9,1,56
"1327",25,1338,254,14,NA,NA
"1328",25,1353,254,14,NA,NA
"1329",25,1532,254,16,1,56
"1330",25,1533,254,16,1,56
"1331",25,2515,254,26,0,56
"1332",25,2524,254,26,0,56
"1333",25,2557,254,26,0,56
"1334",25,2698,254,28,NA,NA
"1335",25,841,255,9,NA,NA
"1336",25,867,255,9,1,56
"1337",25,1333,255,14,NA,NA
"1338",25,1394,255,15,NA,NA
"1339",25,2501,255,26,0,56
"1340",25,2513,255,26,NA,NA
"1341",25,2517,255,26,0,56
"1342",25,2545,255,26,NA,NA
"1343",25,2754,255,28,NA,NA
"1344",25,2773,255,28,1,56
"1345",25,425,256,5,0,56
"1346",25,451,256,5,0,56
"1347",25,1336,256,14,NA,NA
"1348",25,1344,256,14,NA,NA
"1349",25,1496,256,16,1,56
"1350",25,1551,256,17,1,56
"1351",25,1610,256,17,1,56
"1352",25,2489,256,26,0,56
"1353",25,2561,256,26,0,56
"1354",25,2641,256,27,NA,NA
"1355",25,2725,256,28,1,56
"1356",25,3676,256,38,1,56
"1357",25,475,257,5,0,56
"1358",25,821,257,9,1,56
"1359",25,824,257,9,NA,NA
"1360",25,832,257,9,NA,NA
"1361",25,1260,257,14,NA,NA
"1362",25,1274,257,14,NA,NA
"1363",25,1381,257,15,1,56
"1364",25,1462,257,16,1,56
"1365",25,1488,257,16,1,56
"1366",25,1491,257,16,1,56
"1367",25,1651,257,17,1,56
"1368",25,2532,257,26,NA,NA
"1369",25,2554,257,26,NA,NA
"1370",25,434,258,5,NA,NA
"1371",25,457,258,5,0,56
"1372",25,716,258,8,NA,NA
"1373",25,826,258,9,1,56
"1374",25,895,258,9,NA,NA
"1375",25,897,258,9,1,56
"1376",25,899,258,9,NA,NA
"1377",25,2473,258,26,NA,NA
"1378",25,2484,258,26,0,56
"1379",25,2499,258,26,NA,NA
"1380",25,2508,258,26,0,56
"1381",25,2520,258,26,NA,NA
"1382",25,2560,258,26,0,56
"1383",25,2567,258,26,NA,NA
"1384",25,2605,258,27,0,56
"1385",25,3691,258,38,1,56
"1386",25,524,259,5,NA,NA
"1387",25,724,259,8,NA,NA
"1388",25,804,259,8,NA,NA
"1389",25,864,259,9,1,56
"1390",25,1297,259,14,NA,NA
"1391",25,1332,259,14,1,56
"1392",25,1482,259,16,NA,NA
"1393",25,1525,259,16,1,56
"1394",25,1604,259,17,1,56
"1395",25,2509,259,26,NA,NA
"1396",25,2534,259,26,NA,NA
"1397",25,2565,259,26,NA,NA
"1398",25,2569,259,26,0,56
"1399",25,2731,259,28,1,56
"1400",25,2734,259,28,NA,NA
"1401",25,2743,259,28,NA,NA
"1402",25,2777,259,28,1,56
"1403",25,839,260,9,NA,NA
"1404",25,858,260,9,NA,NA
"1405",25,863,260,9,NA,NA
"1406",25,1299,260,14,NA,NA
"1407",25,1366,260,14,1,56
"1408",25,1372,260,14,NA,NA
"1409",25,1401,260,15,1,56
"1410",25,1499,260,16,1,56
"1411",25,2537,260,26,0,56
"1412",25,2539,260,26,0,56
"1413",25,2753,260,28,1,56
"1414",25,2774,260,28,NA,NA
"1415",25,3700,260,38,NA,NA
"1416",25,3970,260,40,NA,NA
"1417",25,797,261,8,1,56
"1418",25,820,261,9,1,56
"1419",25,830,261,9,NA,NA
"1420",25,900,261,9,NA,NA
"1421",25,1369,261,14,NA,NA
"1422",25,2543,261,26,0,56
"1423",25,2559,261,26,NA,NA
"1424",25,2574,261,26,0,56
"1425",25,2757,261,28,NA,NA
"1426",25,2767,261,28,NA,NA
"1427",25,772,262,8,1,56
"1428",25,791,262,8,NA,NA
"1429",25,870,262,9,NA,NA
"1430",25,1305,262,14,NA,NA
"1431",25,1313,262,14,1,56
"1432",25,1339,262,14,NA,NA
"1433",25,1371,262,14,NA,NA
"1434",25,1454,262,15,1,56
"1435",25,2477,262,26,0,56
"1436",25,2488,262,26,0,56
"1437",25,2523,262,26,0,56
"1438",25,2576,262,26,NA,NA
"1439",25,2614,262,27,0,56
"1440",25,2765,262,28,NA,NA
"1441",25,735,263,8,1,56
"1442",25,786,263,8,1,56
"1443",25,872,263,9,1,56
"1444",25,1295,263,14,NA,NA
"1445",25,1500,263,16,NA,NA
"1446",25,1539,263,16,NA,NA
"1447",25,2507,263,26,NA,NA
"1448",25,2541,263,26,NA,NA
"1449",25,2635,263,27,0,56
"1450",25,2694,263,28,1,56
"1451",25,738,264,8,NA,NA
"1452",25,761,264,8,NA,NA
"1453",25,774,264,8,NA,NA
"1454",25,806,264,8,NA,NA
"1455",25,1267,264,14,NA,NA
"1456",25,1292,264,14,1,56
"1457",25,1294,264,14,1,56
"1458",25,1300,264,14,1,56
"1459",25,1309,264,14,NA,NA
"1460",25,2511,264,26,NA,NA
"1461",25,2653,264,27,NA,NA
"1462",25,2658,264,27,0,56
"1463",25,2945,264,30,0,56
"1464",25,756,265,8,NA,NA
"1465",25,835,265,9,NA,NA
"1466",25,876,265,9,NA,NA
"1467",25,1324,265,14,1,56
"1468",25,1327,265,14,1,56
"1469",25,1570,265,17,1,56
"1470",25,2506,265,26,NA,NA
"1471",25,2738,265,28,1,56
"1472",25,2747,265,28,NA,NA
"1473",25,715,266,8,NA,NA
"1474",25,728,266,8,NA,NA
"1475",25,793,266,8,1,56
"1476",25,1269,266,14,NA,NA
"1477",25,1275,266,14,1,56
"1478",25,1282,266,14,NA,NA
"1479",25,1320,266,14,NA,NA
"1480",25,1322,266,14,NA,NA
"1481",25,1349,266,14,NA,NA
"1482",25,1459,266,16,NA,NA
"1483",25,2581,266,27,0,56
"1484",25,2603,266,27,0,56
"1485",25,2620,266,27,NA,NA
"1486",25,466,267,5,NA,NA
"1487",25,762,267,8,1,56
"1488",25,1341,267,14,NA,NA
"1489",25,1519,267,16,NA,NA
"1490",25,2505,267,26,NA,NA
"1491",25,2540,267,26,NA,NA
"1492",25,2681,267,27,0,56
"1493",25,2768,267,28,1,56
"1494",25,3916,267,40,NA,NA
"1495",25,726,268,8,1,56
"1496",25,866,268,9,1,56
"1497",25,1263,268,14,1,56
"1498",25,1507,268,16,1,56
"1499",25,1516,268,16,NA,NA
"1500",25,1972,268,20,NA,NA
"1501",25,2599,268,27,0,56
"1502",25,719,269,8,NA,NA
"1503",25,737,269,8,NA,NA
"1504",25,778,269,8,NA,NA
"1505",25,836,269,9,1,56
"1506",25,1285,269,14,1,56
"1507",25,1288,269,14,1,56
"1508",25,1307,269,14,1,56
"1509",25,1476,269,16,NA,NA
"1510",25,1659,269,17,1,56
"1511",25,2494,269,26,0,56
"1512",25,2536,269,26,NA,NA
"1513",25,2556,269,26,0,56
"1514",25,2601,269,27,NA,NA
"1515",25,2704,269,28,NA,NA
"1516",25,2710,269,28,NA,NA
"1517",25,775,270,8,NA,NA
"1518",25,891,270,9,1,56
"1519",25,1271,270,14,1,56
"1520",25,1278,270,14,NA,NA
"1521",25,1287,270,14,NA,NA
"1522",25,1302,270,14,1,56
"1523",25,1312,270,14,NA,NA
"1524",25,1367,270,14,NA,NA
"1525",25,1470,270,16,NA,NA
"1526",25,1515,270,16,1,56
"1527",25,2651,270,27,0,56
"1528",25,729,271,8,1,56
"1529",25,733,271,8,1,56
"1530",25,779,271,8,NA,NA
"1531",25,792,271,8,NA,NA
"1532",25,800,271,8,1,56
"1533",25,807,271,8,NA,NA
"1534",25,875,271,9,1,56
"1535",25,1265,271,14,NA,NA
"1536",25,1314,271,14,1,56
"1537",25,1323,271,14,NA,NA
"1538",25,1329,271,14,1,56
"1539",25,2573,271,26,0,56
"1540",25,2577,271,27,0,56
"1541",25,2727,271,28,NA,NA
"1542",25,2733,271,28,1,56
"1543",25,3955,271,40,1,56
"1544",25,3971,271,40,NA,NA
"1545",25,720,272,8,1,56
"1546",25,1308,272,14,1,56
"1547",25,1328,272,14,NA,NA
"1548",25,1352,272,14,1,56
"1549",25,1360,272,14,1,56
"1550",25,1528,272,16,NA,NA
"1551",25,1962,272,20,NA,NA
"1552",25,2647,272,27,NA,NA
"1553",25,749,273,8,NA,NA
"1554",25,760,273,8,NA,NA
"1555",25,811,273,8,NA,NA
"1556",25,1262,273,14,NA,NA
"1557",25,1301,273,14,1,56
"1558",25,1326,273,14,1,56
"1559",25,1337,273,14,NA,NA
"1560",25,1471,273,16,NA,NA
"1561",25,1534,273,16,NA,NA
"1562",25,2585,273,27,NA,NA
"1563",25,2607,273,27,NA,NA
"1564",25,2621,273,27,NA,NA
"1565",25,2639,273,27,NA,NA
"1566",25,2655,273,27,0,56
"1567",25,2665,273,27,0,56
"1568",25,2686,273,27,NA,NA
"1569",25,2693,273,28,1,56
"1570",25,2771,273,28,1,56
"1571",25,3931,273,40,NA,NA
"1572",25,767,274,8,NA,NA
"1573",25,768,274,8,1,56
"1574",25,1276,274,14,1,56
"1575",25,1284,274,14,NA,NA
"1576",25,1335,274,14,NA,NA
"1577",25,1342,274,14,NA,NA
"1578",25,1474,274,16,NA,NA
"1579",25,1537,274,16,1,56
"1580",25,3854,274,39,NA,NA
"1581",25,3899,274,40,1,56
"1582",25,3912,274,40,NA,NA
"1583",25,1266,275,14,1,56
"1584",25,1270,275,14,1,56
"1585",25,1303,275,14,NA,NA
"1586",25,1310,275,14,1,56
"1587",25,1355,275,14,1,56
"1588",25,1362,275,14,NA,NA
"1589",25,1479,275,16,1,56
"1590",25,1921,275,20,1,56
"1591",25,1943,275,20,1,56
"1592",25,2590,275,27,NA,NA
"1593",25,2611,275,27,NA,NA
"1594",25,2646,275,27,0,56
"1595",25,3070,275,32,1,56
"1596",25,812,276,8,1,56
"1597",25,818,276,9,NA,NA
"1598",25,1346,276,14,1,56
"1599",25,2615,276,27,0,56
"1600",25,2663,276,27,NA,NA
"1601",25,2687,276,27,NA,NA
"1602",25,2702,276,28,NA,NA
"1603",25,2739,276,28,1,56
"1604",25,2766,276,28,1,56
"1605",25,3938,276,40,NA,NA
"1606",25,1264,277,14,NA,NA
"1607",25,2596,277,27,NA,NA
"1608",25,2606,277,27,NA,NA
"1609",25,2618,277,27,NA,NA
"1610",25,2633,277,27,NA,NA
"1611",25,3876,277,40,1,56
"1612",25,746,278,8,NA,NA
"1613",25,759,278,8,1,56
"1614",25,1293,278,14,NA,NA
"1615",25,1298,278,14,NA,NA
"1616",25,1304,278,14,NA,NA
"1617",25,1330,278,14,1,56
"1618",25,1345,278,14,NA,NA
"1619",25,1348,278,14,1,56
"1620",25,1354,278,14,1,56
"1621",25,1545,278,16,NA,NA
"1622",25,2589,278,27,NA,NA
"1623",25,2634,278,27,0,56
"1624",25,2644,278,27,NA,NA
"1625",25,2645,278,27,0,56
"1626",25,2673,278,27,NA,NA
"1627",25,2749,278,28,1,56
"1628",25,2775,278,28,NA,NA
"1629",25,3856,278,39,NA,NA
"1630",25,3879,278,40,NA,NA
"1631",25,3946,278,40,NA,NA
"1632",25,740,279,8,1,56
"1633",25,741,279,8,NA,NA
"1634",25,757,279,8,NA,NA
"1635",25,809,279,8,NA,NA
"1636",25,880,279,9,1,56
"1637",25,1277,279,14,NA,NA
"1638",25,1283,279,14,1,56
"1639",25,1466,279,16,1,56
"1640",25,1513,279,16,NA,NA
"1641",25,1542,279,16,1,56
"1642",25,2623,279,27,NA,NA
"1643",25,2656,279,27,NA,NA
"1644",25,2662,279,27,0,56
"1645",25,3898,279,40,NA,NA
"1646",25,3973,279,40,NA,NA
"1647",25,788,280,8,NA,NA
"1648",25,846,280,9,NA,NA
"1649",25,1286,280,14,1,56
"1650",25,1340,280,14,1,56
"1651",25,1365,280,14,1,56
"1652",25,1874,280,20,NA,NA
"1653",25,2678,280,27,1,56
"1654",25,2684,280,27,NA,NA
"1655",25,3136,280,32,NA,NA
"1656",25,3906,280,40,1,56
"1657",25,3954,280,40,1,56
"1658",25,769,281,8,NA,NA
"1659",25,1351,281,14,1,56
"1660",25,1926,281,20,1,56
"1661",25,2587,281,27,1,56
"1662",25,2595,281,27,NA,NA
"1663",25,2631,281,27,1,56
"1664",25,2911,281,30,1,56
"1665",25,3076,281,32,NA,NA
"1666",25,3928,281,40,NA,NA
"1667",25,755,282,8,NA,NA
"1668",25,776,282,8,1,56
"1669",25,1268,282,14,NA,NA
"1670",25,1306,282,14,NA,NA
"1671",25,1497,282,16,NA,NA
"1672",25,1915,282,20,NA,NA
"1673",25,2598,282,27,1,56
"1674",25,2602,282,27,NA,NA
"1675",25,2608,282,27,1,56
"1676",25,2649,282,27,NA,NA
"1677",25,2679,282,27,NA,NA
"1678",25,2719,282,28,NA,NA
"1679",25,3929,282,40,NA,NA
"1680",25,3962,282,40,NA,NA
"1681",25,1289,283,14,NA,NA
"1682",25,2580,283,27,1,56
"1683",25,2622,283,27,1,56
"1684",25,2630,283,27,NA,NA
"1685",25,2688,283,27,NA,NA
"1686",25,3068,283,32,NA,NA
"1687",25,3132,283,32,NA,NA
"1688",25,3874,283,40,NA,NA
"1689",25,3889,283,40,NA,NA
"1690",25,12,284,1,1,56
"1691",25,790,284,8,NA,NA
"1692",25,2593,284,27,NA,NA
"1693",25,2627,284,27,NA,NA
"1694",25,2697,284,28,1,56
"1695",25,3920,284,40,NA,NA
"1696",25,794,285,8,1,56
"1697",25,1347,285,14,1,56
"1698",25,1506,285,16,NA,NA
"1699",25,1933,285,20,NA,NA
"1700",25,2586,285,27,1,56
"1701",25,2659,285,27,NA,NA
"1702",25,2683,285,27,1,56
"1703",25,3869,285,40,NA,NA
"1704",25,803,286,8,1,56
"1705",25,1316,286,14,NA,NA
"1706",25,1358,286,14,1,56
"1707",25,2597,286,27,NA,NA
"1708",25,2648,286,27,1,56
"1709",25,2685,286,27,NA,NA
"1710",25,3953,286,40,1,56
"1711",25,722,287,8,NA,NA
"1712",25,727,287,8,1,56
"1713",25,1315,287,14,NA,NA
"1714",25,1546,287,16,1,56
"1715",25,2600,287,27,NA,NA
"1716",25,2624,287,27,NA,NA
"1717",25,2637,287,27,NA,NA
"1718",25,2640,287,27,1,56
"1719",25,2643,287,27,1,56
"1720",25,2672,287,27,1,56
"1721",25,2677,287,27,1,56
"1722",25,3880,287,40,NA,NA
"1723",25,3882,287,40,NA,NA
"1724",25,3930,287,40,1,56
"1725",25,3960,287,40,NA,NA
"1726",25,795,288,8,NA,NA
"1727",25,1334,288,14,NA,NA
"1728",25,1940,288,20,NA,NA
"1729",25,2604,288,27,NA,NA
"1730",25,2652,288,27,NA,NA
"1731",25,2676,288,27,1,56
"1732",25,3140,288,32,NA,NA
"1733",25,3852,288,39,NA,NA
"1734",25,3910,288,40,NA,NA
"1735",25,3913,288,40,1,56
"1736",25,3966,288,40,NA,NA
"1737",25,1356,289,14,1,56
"1738",25,1520,289,16,NA,NA
"1739",25,1976,289,20,NA,NA
"1740",25,2578,289,27,NA,NA
"1741",25,2594,289,27,NA,NA
"1742",25,2616,289,27,NA,NA
"1743",25,2670,289,27,1,56
"1744",25,2931,289,30,NA,NA
"1745",25,3900,289,40,1,56
"1746",25,3903,289,40,1,56
"1747",25,3918,289,40,NA,NA
"1748",25,3967,289,40,NA,NA
"1749",25,1272,290,14,NA,NA
"1750",25,1373,290,14,NA,NA
"1751",25,2579,290,27,NA,NA
"1752",25,2613,290,27,NA,NA
"1753",25,2617,290,27,1,56
"1754",25,2664,290,27,1,56
"1755",25,3075,290,32,NA,NA
"1756",25,3868,290,40,1,56
"1757",25,3890,290,40,NA,NA
"1758",25,3921,290,40,NA,NA
"1759",25,725,291,8,1,56
"1760",25,1325,291,14,1,56
"1761",25,1357,291,14,1,56
"1762",25,1530,291,16,1,56
"1763",25,1936,291,20,NA,NA
"1764",25,2638,291,27,NA,NA
"1765",25,2667,291,27,1,56
"1766",25,2708,291,28,1,56
"1767",25,2871,291,30,1,56
"1768",25,2943,291,30,1,56
"1769",25,3101,291,32,NA,NA
"1770",25,3799,291,39,NA,NA
"1771",25,3884,291,40,NA,NA
"1772",25,3892,291,40,NA,NA
"1773",25,3932,291,40,NA,NA
"1774",25,22,292,1,NA,NA
"1775",25,77,292,1,NA,NA
"1776",25,103,292,1,NA,NA
"1777",25,2584,292,27,NA,NA
"1778",25,2592,292,27,NA,NA
"1779",25,2609,292,27,NA,NA
"1780",25,3865,292,40,1,56
"1781",25,3902,292,40,NA,NA
"1782",25,3925,292,40,1,56
"1783",25,3951,292,40,1,56
"1784",25,59,293,1,1,56
"1785",25,1359,293,14,1,56
"1786",25,1364,293,14,1,56
"1787",25,1916,293,20,1,56
"1788",25,1928,293,20,1,56
"1789",25,1974,293,20,NA,NA
"1790",25,2629,293,27,NA,NA
"1791",25,3138,293,32,1,56
"1792",25,3143,293,32,1,56
"1793",25,3891,293,40,NA,NA
"1794",25,798,294,8,NA,NA
"1795",25,813,294,8,1,56
"1796",25,1319,294,14,1,56
"1797",25,1538,294,16,NA,NA
"1798",25,3123,294,32,NA,NA
"1799",25,3133,294,32,NA,NA
"1800",25,3885,294,40,1,56
"1801",25,61,295,1,1,56
"1802",25,1370,295,14,1,56
"1803",25,2612,295,27,1,56
"1804",25,2632,295,27,NA,NA
"1805",25,2671,295,27,1,56
"1806",25,3806,295,39,NA,NA
"1807",25,3870,295,40,NA,NA
"1808",25,3917,295,40,1,56
"1809",25,3924,295,40,NA,NA
"1810",25,3927,295,40,NA,NA
"1811",25,3957,295,40,NA,NA
"1812",25,14,296,1,NA,NA
"1813",25,1480,296,16,1,56
"1814",25,1523,296,16,NA,NA
"1815",25,1527,296,16,NA,NA
"1816",25,1885,296,20,1,56
"1817",25,1957,296,20,NA,NA
"1818",25,2650,296,27,1,56
"1819",25,2661,296,27,1,56
"1820",25,3937,296,40,NA,NA
"1821",25,3948,296,40,NA,NA
"1822",25,3959,296,40,NA,NA
"1823",25,42,297,1,NA,NA
"1824",25,771,297,8,NA,NA
"1825",25,1950,297,20,NA,NA
"1826",25,2642,297,27,NA,NA
"1827",25,3131,297,32,NA,NA
"1828",25,3855,297,39,NA,NA
"1829",25,3963,297,40,NA,NA
"1830",25,758,298,8,NA,NA
"1831",25,1273,298,14,1,56
"1832",25,1475,298,16,1,56
"1833",25,1487,298,16,NA,NA
"1834",25,1893,298,20,NA,NA
"1835",25,1935,298,20,1,56
"1836",25,3835,298,39,NA,NA
"1837",25,3915,298,40,1,56
"1838",25,3944,298,40,NA,NA
"1839",25,2654,299,27,NA,NA
"1840",25,2895,299,30,1,56
"1841",25,2908,299,30,NA,NA
"1842",25,2936,299,30,1,56
"1843",25,3121,299,32,NA,NA
"1844",25,3823,299,39,1,56
"1845",25,3853,299,39,NA,NA
"1846",25,1875,300,20,NA,NA
"1847",25,1969,300,20,1,56
"1848",25,2001,300,21,NA,NA
"1849",25,2923,300,30,NA,NA
"1850",25,3095,300,32,NA,NA
"1851",25,3818,300,39,1,56
"1852",25,3926,300,40,1,56
"1853",25,3935,300,40,NA,NA
"1854",25,3936,300,40,1,56
"1855",25,3968,300,40,NA,NA
"1856",25,17,301,1,NA,NA
"1857",25,27,301,1,NA,NA
"1858",25,71,301,1,NA,NA
"1859",25,97,301,1,NA,NA
"1860",25,104,301,1,NA,NA
"1861",25,1457,301,16,1,56
"1862",25,1485,301,16,1,56
"1863",25,1953,301,20,NA,NA
"1864",25,2588,301,27,1,56
"1865",25,2690,301,27,1,56
"1866",25,3150,301,32,NA,NA
"1867",25,3875,301,40,NA,NA
"1868",25,3877,301,40,1,56
"1869",25,47,302,1,NA,NA
"1870",25,1955,302,20,NA,NA
"1871",25,3099,302,32,NA,NA
"1872",25,3109,302,32,NA,NA
"1873",25,3157,302,32,NA,NA
"1874",25,3862,302,40,1,56
"1875",25,3886,302,40,1,56
"1876",25,3888,302,40,1,56
"1877",25,3893,302,40,NA,NA
"1878",25,6,303,1,NA,NA
"1879",25,19,303,1,1,56
"1880",25,1912,303,20,1,56
"1881",25,1929,303,20,NA,NA
"1882",25,1941,303,20,NA,NA
"1883",25,2674,303,27,NA,NA
"1884",25,3796,303,39,NA,NA
"1885",25,3824,303,39,NA,NA
"1886",25,1261,304,14,1,56
"1887",25,1279,304,14,1,56
"1888",25,1290,304,14,1,56
"1889",25,1898,304,20,NA,NA
"1890",25,2591,304,27,NA,NA
"1891",25,3160,304,32,1,56
"1892",25,3804,304,39,NA,NA
"1893",25,3909,304,40,NA,NA
"1894",25,2,305,1,1,56
"1895",25,107,305,1,NA,NA
"1896",25,1544,305,16,NA,NA
"1897",25,1924,305,20,1,56
"1898",25,2689,305,27,1,56
"1899",25,3137,305,32,NA,NA
"1900",25,3945,305,40,1,56
"1901",25,88,306,1,NA,NA
"1902",25,784,306,8,NA,NA
"1903",25,1503,306,16,1,56
"1904",25,1970,306,20,1,56
"1905",25,2872,306,30,NA,NA
"1906",25,2902,306,30,NA,NA
"1907",25,3091,306,32,NA,NA
"1908",25,3907,306,40,1,56
"1909",25,3933,306,40,NA,NA
"1910",25,3977,306,40,NA,NA
"1911",25,26,307,1,NA,NA
"1912",25,56,307,1,NA,NA
"1913",25,781,307,8,NA,NA
"1914",25,1880,307,20,1,56
"1915",25,1895,307,20,NA,NA
"1916",25,1934,307,20,NA,NA
"1917",25,2906,307,30,NA,NA
"1918",25,2926,307,30,NA,NA
"1919",25,3090,307,32,1,56
"1920",25,3774,307,39,NA,NA
"1921",25,3787,307,39,NA,NA
"1922",25,3947,307,40,NA,NA
"1923",25,3952,307,40,1,56
"1924",25,1948,308,20,NA,NA
"1925",25,2619,308,27,1,56
"1926",25,2953,308,30,NA,NA
"1927",25,3064,308,32,1,56
"1928",25,3078,308,32,NA,NA
"1929",25,3114,308,32,1,56
"1930",25,3125,308,32,1,56
"1931",25,3144,308,32,NA,NA
"1932",25,3864,308,40,NA,NA
"1933",25,3866,308,40,1,56
"1934",25,33,309,1,1,56
"1935",25,58,309,1,NA,NA
"1936",25,98,309,1,1,56
"1937",25,1964,309,20,NA,NA
"1938",25,3089,309,32,1,56
"1939",25,3118,309,32,NA,NA
"1940",25,3819,309,39,1,56
"1941",25,3837,309,39,1,56
"1942",25,3872,309,40,1,56
"1943",25,86,310,1,1,56
"1944",25,2899,310,30,1,56
"1945",25,3071,310,32,1,56
"1946",25,3943,310,40,NA,NA
"1947",25,25,311,1,NA,NA
"1948",25,39,311,1,NA,NA
"1949",25,62,311,1,1,56
"1950",25,1997,311,21,1,56
"1951",25,3061,311,32,NA,NA
"1952",25,3077,311,32,1,56
"1953",25,3111,311,32,1,56
"1954",25,3130,311,32,1,56
"1955",25,3146,311,32,NA,NA
"1956",25,3158,311,32,1,56
"1957",25,3802,311,39,1,56
"1958",25,3820,311,39,NA,NA
"1959",25,3878,311,40,1,56
"1960",25,4,312,1,NA,NA
"1961",25,69,312,1,NA,NA
"1962",25,96,312,1,1,56
"1963",25,1524,312,16,1,56
"1964",25,1547,312,16,NA,NA
"1965",25,1938,312,20,1,56
"1966",25,2023,312,21,1,56
"1967",25,3778,312,39,1,56
"1968",25,3940,312,40,1,56
"1969",25,35,313,1,NA,NA
"1970",25,93,313,1,1,56
"1971",25,744,313,8,1,56
"1972",25,1887,313,20,NA,NA
"1973",25,1899,313,20,1,56
"1974",25,2888,313,30,NA,NA
"1975",25,3067,313,32,1,56
"1976",25,3093,313,32,NA,NA
"1977",25,3817,313,39,NA,NA
"1978",25,3836,313,39,NA,NA
"1979",25,3845,313,39,1,56
"1980",25,3922,313,40,1,56
"1981",25,74,314,1,NA,NA
"1982",25,106,314,1,1,56
"1983",25,1505,314,16,1,56
"1984",25,1897,314,20,NA,NA
"1985",25,2024,314,21,NA,NA
"1986",25,2875,314,30,NA,NA
"1987",25,2927,314,30,1,56
"1988",25,2940,314,30,1,56
"1989",25,2942,314,30,NA,NA
"1990",25,3073,314,32,1,56
"1991",25,3887,314,40,NA,NA
"1992",25,3905,314,40,NA,NA
"1993",25,3961,314,40,1,56
"1994",25,9,315,1,NA,NA
"1995",25,92,315,1,1,56
"1996",25,1917,315,20,NA,NA
"1997",25,1923,315,20,1,56
"1998",25,1975,315,20,NA,NA
"1999",25,2017,315,21,1,56
"2000",25,3080,315,32,NA,NA
"2001",25,3088,315,32,NA,NA
"2002",25,3102,315,32,NA,NA
"2003",25,3129,315,32,1,56
"2004",25,3135,315,32,NA,NA
"2005",25,3772,315,39,NA,NA
"2006",25,3793,315,39,NA,NA
"2007",25,3828,315,39,NA,NA
"2008",25,3974,315,40,NA,NA
"2009",25,82,316,1,1,56
"2010",25,2011,316,21,NA,NA
"2011",25,2924,316,30,1,56
"2012",25,3085,316,32,NA,NA
"2013",25,3142,316,32,1,56
"2014",25,3156,316,32,1,56
"2015",25,3779,316,39,NA,NA
"2016",25,3785,316,39,NA,NA
"2017",25,3805,316,39,1,56
"2018",25,60,317,1,1,56
"2019",25,80,317,1,NA,NA
"2020",25,90,317,1,1,56
"2021",25,100,317,1,1,56
"2022",25,105,317,1,NA,NA
"2023",25,1464,317,16,NA,NA
"2024",25,1473,317,16,NA,NA
"2025",25,1920,317,20,1,56
"2026",25,1960,317,20,NA,NA
"2027",25,3083,317,32,NA,NA
"2028",25,3941,317,40,1,56
"2029",25,3965,317,40,NA,NA
"2030",25,937,318,10,NA,NA
"2031",25,1467,318,16,1,56
"2032",25,1888,318,20,1,56
"2033",25,1911,318,20,1,56
"2034",25,1931,318,20,NA,NA
"2035",25,1946,318,20,NA,NA
"2036",25,1952,318,20,NA,NA
"2037",25,2061,318,21,1,56
"2038",25,2900,318,30,NA,NA
"2039",25,3069,318,32,NA,NA
"2040",25,3939,318,40,NA,NA
"2041",25,83,319,1,1,56
"2042",25,87,319,1,NA,NA
"2043",25,108,319,1,NA,NA
"2044",25,1947,319,20,NA,NA
"2045",25,3065,319,32,NA,NA
"2046",25,3098,319,32,NA,NA
"2047",25,3149,319,32,NA,NA
"2048",25,3776,319,39,NA,NA
"2049",25,3789,319,39,1,56
"2050",25,65,320,1,NA,NA
"2051",25,95,320,1,NA,NA
"2052",25,111,320,1,1,56
"2053",25,1922,320,20,NA,NA
"2054",25,1927,320,20,1,56
"2055",25,1945,320,20,NA,NA
"2056",25,1966,320,20,NA,NA
"2057",25,1968,320,20,NA,NA
"2058",25,2636,320,27,1,56
"2059",25,2910,320,30,NA,NA
"2060",25,2955,320,30,1,56
"2061",25,3081,320,32,NA,NA
"2062",25,3105,320,32,1,56
"2063",25,3126,320,32,1,56
"2064",25,3807,320,39,NA,NA
"2065",25,3833,320,39,NA,NA
"2066",25,3914,320,40,1,56
"2067",25,67,321,1,NA,NA
"2068",25,68,321,1,1,56
"2069",25,70,321,1,NA,NA
"2070",25,1906,321,20,NA,NA
"2071",25,2047,321,21,NA,NA
"2072",25,2882,321,30,NA,NA
"2073",25,3092,321,32,NA,NA
"2074",25,3814,321,39,1,56
"2075",25,53,322,1,NA,NA
"2076",25,75,322,1,NA,NA
"2077",25,739,322,8,1,56
"2078",25,2894,322,30,NA,NA
"2079",25,3110,322,32,1,56
"2080",25,3769,322,39,1,56
"2081",25,3788,322,39,1,56
"2082",25,3844,322,39,NA,NA
"2083",25,3849,322,39,NA,NA
"2084",25,72,323,1,1,56
"2085",25,99,323,1,1,56
"2086",25,1909,323,20,1,56
"2087",25,1967,323,20,NA,NA
"2088",25,2904,323,30,NA,NA
"2089",25,3894,323,40,NA,NA
"2090",25,3949,323,40,NA,NA
"2091",25,3969,323,40,NA,NA
"2092",25,46,324,1,NA,NA
"2093",25,49,324,1,1,56
"2094",25,57,324,1,NA,NA
"2095",25,76,324,1,1,56
"2096",25,1925,324,20,1,56
"2097",25,2008,324,21,NA,NA
"2098",25,3822,324,39,NA,NA
"2099",25,3860,324,39,1,56
"2100",25,79,325,1,1,56
"2101",25,1998,325,21,NA,NA
"2102",25,2868,325,30,NA,NA
"2103",25,2947,325,30,NA,NA
"2104",25,2951,325,30,NA,NA
"2105",25,3074,325,32,NA,NA
"2106",25,3147,325,32,1,56
"2107",25,5,326,1,NA,NA
"2108",25,24,326,1,NA,NA
"2109",25,110,326,1,1,56
"2110",25,1883,326,20,1,56
"2111",25,1919,326,20,1,56
"2112",25,1937,326,20,NA,NA
"2113",25,1958,326,20,1,56
"2114",25,2890,326,30,1,56
"2115",25,2918,326,30,NA,NA
"2116",25,2933,326,30,1,56
"2117",25,3084,326,32,NA,NA
"2118",25,3097,326,32,NA,NA
"2119",25,3161,326,32,1,56
"2120",25,10,327,1,NA,NA
"2121",25,1963,327,20,NA,NA
"2122",25,2007,327,21,NA,NA
"2123",25,2044,327,21,NA,NA
"2124",25,3107,327,32,NA,NA
"2125",25,3851,327,39,NA,NA
"2126",25,3923,327,40,1,56
"2127",25,20,328,1,1,56
"2128",25,45,328,1,NA,NA
"2129",25,1511,328,16,1,56
"2130",25,2003,328,21,1,56
"2131",25,2917,328,30,1,56
"2132",25,2944,328,30,1,56
"2133",25,2956,328,30,NA,NA
"2134",25,3773,328,39,NA,NA
"2135",25,3795,328,39,NA,NA
"2136",25,3975,328,40,1,56
"2137",25,18,329,1,1,56
"2138",25,63,329,1,NA,NA
"2139",25,89,329,1,NA,NA
"2140",25,91,329,1,1,56
"2141",25,102,329,1,NA,NA
"2142",25,1949,329,20,NA,NA
"2143",25,2002,329,21,NA,NA
"2144",25,2043,329,21,NA,NA
"2145",25,2892,329,30,NA,NA
"2146",25,3066,329,32,NA,NA
"2147",25,3119,329,32,NA,NA
"2148",25,3792,329,39,NA,NA
"2149",25,3825,329,39,NA,NA
"2150",25,3826,329,39,1,56
"2151",25,3858,329,39,NA,NA
"2152",25,84,330,1,1,56
"2153",25,747,330,8,NA,NA
"2154",25,1932,330,20,NA,NA
"2155",25,1987,330,21,1,56
"2156",25,2938,330,30,NA,NA
"2157",25,3079,330,32,NA,NA
"2158",25,3086,330,32,1,56
"2159",25,3783,330,39,NA,NA
"2160",25,3,331,1,1,56
"2161",25,32,331,1,NA,NA
"2162",25,54,331,1,NA,NA
"2163",25,66,331,1,1,56
"2164",25,748,331,8,1,56
"2165",25,763,331,8,1,56
"2166",25,1971,331,20,NA,NA
"2167",25,2050,331,21,1,56
"2168",25,2880,331,30,NA,NA
"2169",25,2901,331,30,NA,NA
"2170",25,3062,331,32,1,56
"2171",25,3112,331,32,1,56
"2172",25,3155,331,32,1,56
"2173",25,3809,331,39,1,56
"2174",25,3904,331,40,1,56
"2175",25,13,332,1,NA,NA
"2176",25,112,332,1,NA,NA
"2177",25,1951,332,20,1,56
"2178",25,1956,332,20,1,56
"2179",25,2004,332,21,NA,NA
"2180",25,2867,332,30,NA,NA
"2181",25,2909,332,30,NA,NA
"2182",25,3106,332,32,NA,NA
"2183",25,3134,332,32,NA,NA
"2184",25,3148,332,32,1,56
"2185",25,3857,332,39,1,56
"2186",25,34,333,1,1,56
"2187",25,1881,333,20,1,56
"2188",25,1980,333,21,1,56
"2189",25,3063,333,32,1,56
"2190",25,3777,333,39,1,56
"2191",25,3810,333,39,1,56
"2192",25,1908,334,20,1,56
"2193",25,1930,334,20,NA,NA
"2194",25,1978,334,21,1,56
"2195",25,2013,334,21,1,56
"2196",25,2873,334,30,NA,NA
"2197",25,2932,334,30,1,56
"2198",25,2935,334,30,1,56
"2199",25,55,335,1,1,56
"2200",25,1894,335,20,1,56
"2201",25,1904,335,20,1,56
"2202",25,2037,335,21,1,56
"2203",25,2866,335,30,1,56
"2204",25,2952,335,30,NA,NA
"2205",25,3072,335,32,NA,NA
"2206",25,3096,335,32,NA,NA
"2207",25,3151,335,32,NA,NA
"2208",25,3154,335,32,1,56
"2209",25,3784,335,39,1,56
"2210",25,3838,335,39,1,56
"2211",25,3848,335,39,1,56
"2212",25,3881,335,40,1,56
"2213",25,31,336,1,NA,NA
"2214",25,40,336,1,1,56
"2215",25,1892,336,20,1,56
"2216",25,1999,336,21,NA,NA
"2217",25,2049,336,21,NA,NA
"2218",25,2878,336,30,NA,NA
"2219",25,2915,336,30,1,56
"2220",25,2929,336,30,1,56
"2221",25,2950,336,30,NA,NA
"2222",25,2954,336,30,NA,NA
"2223",25,3103,336,32,1,56
"2224",25,3159,336,32,1,56
"2225",25,3771,336,39,NA,NA
"2226",25,3781,336,39,1,56
"2227",25,3815,336,39,1,56
"2228",25,3964,336,40,1,56
"2229",25,101,337,1,1,56
"2230",25,1986,337,21,NA,NA
"2231",25,2040,337,21,NA,NA
"2232",25,2883,337,30,1,56
"2233",25,2893,337,30,NA,NA
"2234",25,3113,337,32,1,56
"2235",25,3145,337,32,1,56
"2236",25,15,338,1,1,56
"2237",25,1979,338,21,NA,NA
"2238",25,2058,338,21,NA,NA
"2239",25,2869,338,30,NA,NA
"2240",25,2876,338,30,NA,NA
"2241",25,3803,338,39,1,56
"2242",25,3846,338,39,NA,NA
"2243",25,773,339,8,NA,NA
"2244",25,1890,339,20,1,56
"2245",25,1900,339,20,1,56
"2246",25,1977,339,20,NA,NA
"2247",25,2012,339,21,1,56
"2248",25,2036,339,21,NA,NA
"2249",25,2898,339,30,1,56
"2250",25,3798,339,39,NA,NA
"2251",25,51,340,1,1,56
"2252",25,1991,340,21,1,56
"2253",25,1996,340,21,NA,NA
"2254",25,2057,340,21,1,56
"2255",25,2925,340,30,1,56
"2256",25,85,341,1,NA,NA
"2257",25,1992,341,21,1,56
"2258",25,2015,341,21,NA,NA
"2259",25,2034,341,21,NA,NA
"2260",25,2891,341,30,1,56
"2261",25,2897,341,30,NA,NA
"2262",25,2941,341,30,NA,NA
"2263",25,3786,341,39,1,56
"2264",25,3813,341,39,1,56
"2265",25,1905,342,20,1,56
"2266",25,1907,342,20,1,56
"2267",25,2939,342,30,1,56
"2268",25,38,343,1,1,56
"2269",25,2928,343,30,1,56
"2270",25,3790,343,39,NA,NA
"2271",25,3811,343,39,NA,NA
"2272",25,3122,344,32,1,56
"2273",25,3834,344,39,NA,NA
"2274",25,1985,345,21,NA,NA
"2275",25,1988,345,21,NA,NA
"2276",25,2046,345,21,1,56
"2277",25,3808,345,39,NA,NA
"2278",25,3850,345,39,1,56
"2279",25,1981,346,21,1,56
"2280",25,2018,346,21,NA,NA
"2281",25,2021,346,21,NA,NA
"2282",25,3842,346,39,NA,NA
"2283",25,11,347,1,1,56
"2284",25,2000,347,21,1,56
"2285",25,2874,347,30,NA,NA
"2286",25,2907,347,30,1,56
"2287",25,2946,347,30,1,56
"2288",25,1,348,1,1,56
"2289",25,2010,348,21,NA,NA
"2290",25,2022,348,21,NA,NA
"2291",25,2032,348,21,NA,NA
"2292",25,2041,348,21,NA,NA
"2293",25,723,349,8,1,56
"2294",25,2029,349,21,1,56
"2295",25,2030,349,21,NA,NA
"2296",25,2056,349,21,1,56
"2297",25,2879,349,30,NA,NA
"2298",25,3812,349,39,NA,NA
"2299",25,1994,351,21,NA,NA
"2300",25,94,352,1,1,56
"2301",25,2027,352,21,NA,NA
"2302",25,2042,352,21,NA,NA
"2303",25,3087,352,32,NA,NA
"2304",25,1866,353,19,NA,NA
"2305",25,1961,353,20,NA,NA
"2306",25,1973,353,20,1,56
"2307",25,3108,353,32,1,56
"2308",25,3770,353,39,1,56
"2309",25,1903,354,20,NA,NA
"2310",25,1983,354,21,NA,NA
"2311",25,2005,354,21,NA,NA
"2312",25,2052,354,21,1,56
"2313",25,2055,354,21,1,56
"2314",25,3791,354,39,1,56
"2315",25,3827,354,39,1,56
"2316",25,1993,355,21,1,56
"2317",25,2020,355,21,1,56
"2318",25,2038,355,21,1,56
"2319",25,2053,355,21,1,56
"2320",25,2877,355,30,1,56
"2321",25,1902,356,20,1,56
"2322",25,2045,357,21,1,56
"2323",25,2912,357,30,NA,NA
"2324",25,2934,357,30,NA,NA
"2325",25,2948,357,30,1,56
"2326",25,3829,357,39,1,56
"2327",25,2006,358,21,NA,NA
"2328",25,3775,359,39,1,56
"2329",25,3859,359,39,1,56
"2330",25,2019,360,21,NA,NA
"2331",25,2896,360,30,NA,NA
"2332",25,1989,361,21,NA,NA
"2333",25,2916,362,30,NA,NA
"2334",25,1982,363,21,1,56
"2335",25,2026,363,21,1,56
"2336",25,2016,364,21,1,56
