93,71,53,45,51,51,51,51,58,61,68,74,80,82,86,88,104,105,102,105,103,117,123,131,125,122,125,122,115,110,99,106,99,93,86,88,84,73,70,64,65,56,58,59,61,68,72,71,62,61,57,56,55,51,59,56,51,56,50,50,51,47,41,46,50,43,43,44,46,44,41,39,37,35,38,38,37,34,32,29,27,31,28,28,28,28,27,30,28,25,23,24,22,26,20,19,21,20,20,20,19,18,16,15,13,15,12,15,16,16,16,17,16,15,13,11,12,14,13,15,11,7,7,7,7,6,5,6,5,4,4,5,4,4,6,3,3,2,2,2,2,3,3,3,3,5,5,6,5,4,4,3,3,3,4,4,4,4,4,3,3,3,3,5,4,4,4,3,4,3,3,3,4,4,4,3,3,3,3,3,2,2,2,2,2,2,2,2,2,2,2,2,2,2,2,2,2,2,2,4,4,3,3,3,2,2,3,2,2,2,2,2,2,2,2,2,2,2,2,2,1,1,2,2,2,2,2,2,1,1,0,0,0,0,0,0,0,0,0,0,0,0,0,1,1,0,0,0,0,0,0,0,0,0,0,0,0,0,0,0,0,0,0,0,
87,57,58,63,59,79,83,84,83,92,97,98,100,110,122,133,125,138,161,171,178,175,181,197,192,182,167,151,150,150,153,152,145,135,130,141,135,130,122,129,134,127,124,124,125,121,120,120,117,113,112,119,123,113,113,117,108,100,93,89,86,82,77,76,67,64,58,63,63,67,70,70,64,63,63,55,58,59,63,63,60,56,50,47,54,47,48,43,47,46,44,42,38,36,37,33,35,35,34,31,32,30,28,29,30,25,20,19,21,15,15,16,15,19,20,19,17,17,17,14,11,13,14,14,14,12,12,14,16,12,11,10,11,10,8,10,9,9,7,5,3,3,3,2,3,5,2,1,1,1,1,2,2,2,2,2,1,1,1,1,1,1,1,1,1,1,1,1,2,2,2,3,2,2,2,1,1,2,2,2,1,1,1,1,1,1,1,1,1,1,1,1,1,1,1,0,0,0,0,0,0,0,0,0,0,0,0,0,0,0,0,0,0,0,0,0,0,0,0,0,0,0,0,0,0,0,0,0,0,0,0,0,0,0,0,0,0,0,0,0,0,0,0,0,0,0,
82,64,49,47,51,50,49,47,42,51,51,62,64,67,68,76,79,79,82,95,100,113,111,107,111,111,114,109,101,95,96,97,97,82,84,88,89,87,88,84,82,81,79,77,69,70,75,68,74,73,64,59,59,55,48,48,48,53,48,43,45,44,41,44,45,45,46,47,48,41,36,37,38,37,35,35,34,37,37,37,35,33,30,27,26,28,24,24,26,26,26,25,25,25,24,20,18,16,15,16,13,11,10,13,11,10,13,10,7,7,8,8,8,5,6,6,7,6,7,8,9,11,9,11,15,13,12,14,12,13,14,12,13,16,14,16,15,16,15,14,14,14,13,11,11,11,9,7,8,7,9,9,10,9,7,8,8,9,8,8,8,10,9,10,9,6,9,8,8,9,10,10,10,12,12,10,11,12,11,10,8,10,8,10,11,8,6,6,7,6,7,5,5,4,5,5,5,5,5,5,5,5,5,4,5,5,3,3,1,1,1,1,1,0,0,0,0,0,0,0,0,0,0,0,0,0,0,0,0,0,0,0,0,0,0,0,0,0,0,0,0,0,0,0,0,0,0,0,0,0,
88,69,57,48,54,60,60,62,68,73,75,76,86,90,86,86,91,88,108,121,127,135,133,133,134,135,137,136,130,126,118,120,123,120,113,108,107,115,112,100,87,94,92,84,83,77,81,77,80,76,69,68,64,65,60,58,54,56,63,64,61,51,58,56,60,60,58,59,57,57,56,57,49,47,47,42,41,43,38,39,35,35,33,37,43,38,41,40,40,44,40,38,39,40,39,34,35,31,34,34,37,32,25,25,25,23,22,19,14,12,11,14,14,13,14,13,14,15,13,12,12,11,11,12,11,12,9,9,10,10,12,12,12,14,13,13,14,13,12,11,13,9,8,9,6,6,5,5,5,6,5,6,6,8,7,8,9,9,6,5,4,3,3,3,3,3,3,3,4,4,5,4,4,5,5,5,5,5,5,5,5,6,6,6,5,3,3,3,3,3,4,5,6,5,7,6,5,5,6,7,7,7,5,4,4,6,5,4,5,5,3,3,4,5,6,6,5,5,5,4,4,3,1,1,1,1,1,1,1,2,2,3,3,3,4,3,2,2,1,1,2,2,2,2,3,4,2,2,3,3,3,4,3,3,3,2,1,1,1,1,1,2,3,2,2,2,1,2,2,2,2,2,3,4,2,2,1,1,1,1,1,1,1,2,1,1,1,1,1,0,0,1,0,0,0,1,1,
108,77,66,67,65,66,72,77,75,82,87,94,103,108,106,123,132,138,146,144,153,165,179,171,165,161,161,170,161,163,157,147,148,134,131,134,128,121,122,120,117,114,108,102,97,100,104,95,95,95,87,84,84,79,79,77,77,73,75,73,67,65,67,68,64,66,60,58,58,58,61,61,57,55,47,47,51,44,45,42,45,43,42,38,31,33,35,32,33,34,36,39,36,34,38,39,43,40,38,39,34,37,34,34,36,31,28,31,31,31,29,29,25,21,22,22,21,23,21,20,21,22,19,18,18,18,16,14,12,11,10,10,9,9,9,8,8,8,5,3,2,2,3,5,5,4,5,6,3,3,2,2,1,0,2,2,3,2,1,1,1,1,0,0,0,0,0,0,0,0,0,0,0,0,0,0,0,0,0,0,0,0,0,0,0,0,0,0,0,0,0,0,0,0,0,0,0,0,0,0,0,0,0,0,0,0,0,0,0,0,0,0,0,0,0,0,0,0,0,0,0,0,0,0,0,0,0,0,0,0,0,0,0,0,0,0,0,0,0,0,0,0,0,0,0,0,0,0,0,0,0,0,0,0,0,0,0,0,0,0,0,0,
79,48,41,38,41,43,42,34,48,51,51,54,62,65,78,77,81,76,74,72,78,72,74,80,91,92,89,83,84,92,86,78,75,73,69,71,65,62,61,63,66,65,60,56,52,53,52,47,47,43,43,39,37,37,40,32,34,34,32,30,27,29,28,26,26,27,26,25,26,26,19,22,18,16,15,20,19,17,18,17,16,16,14,11,12,17,16,19,19,19,19,20,18,16,15,12,11,11,8,10,9,9,10,6,8,8,8,6,6,7,4,3,4,3,2,3,2,2,3,3,3,3,2,2,2,1,1,1,1,1,1,2,4,2,1,1,1,1,1,1,2,2,1,1,1,1,1,1,2,2,2,1,1,1,1,1,1,1,0,0,0,0,0,0,0,0,0,0,0,0,0,0,0,0,0,0,0,0,0,0,0,0,0,0,0,0,0,0,0,0,0,0,0,0,0,0,0,0,0,0,0,0,0,0,0,0,0,0,0,0,0,0,0,0,0,0,0,0,0,0,0,0,0,0,0,0,0,0,0,0,0,0,0,0,0,0,0,0,0,0,0,0,0,0,0,0,0,0,0,0,0,0,0,0,0,0,0,0,0,0,0,0,0,0,0,0,0,0,0,0,0,0,0,0,0,0,0,0,0,0,0,0,0,0,0,0,0,0,0,0,0,0,0,0,0,0,0,0,0,0,0,0,0,0,0,0,0,0,0,0,0,0,0,0,
84,50,41,43,43,49,44,45,47,45,41,43,48,54,55,63,62,67,85,85,92,101,94,93,100,97,99,96,91,97,99,103,96,86,85,74,71,72,74,73,70,75,79,79,74,77,73,71,71,67,69,62,61,59,58,58,55,53,46,50,49,46,50,49,43,43,42,36,39,43,42,36,39,34,34,32,28,32,32,32,27,29,28,26,26,27,29,31,34,36,28,28,26,29,30,29,26,27,28,26,25,21,24,23,20,20,22,24,25,25,27,25,22,22,22,21,19,18,15,15,13,13,11,11,11,11,11,9,10,13,12,12,11,14,13,15,11,11,11,10,9,12,10,9,7,9,7,6,6,5,6,3,3,3,4,5,3,3,4,4,3,5,5,5,5,5,6,6,4,4,4,4,4,4,4,4,3,2,0,0,0,0,0,0,0,0,0,0,1,1,1,1,0,0,0,0,0,0,0,0,0,0,0,0,0,0,0,0,0,0,0,0,0,0,0,0,0,0,0,0,0,0,0,0,0,0,0,0,0,0,0,0,0,0,0,0,0,0,0,0,0,0,0,0,0,0,0,0,0,0,0,0,0,0,0,0,0,0,0,0,0,0,0,0,0,0,0,0,0,0,0,0,0,0,0,0,0,0,0,
89,57,49,54,56,65,57,60,58,69,70,65,72,73,83,92,97,96,104,105,107,112,119,119,120,116,110,108,101,93,95,91,91,88,86,94,93,91,84,82,77,74,68,65,73,60,60,62,56,55,52,56,50,52,46,48,51,51,39,41,41,41,39,42,42,41,42,40,35,35,32,31,29,28,26,25,21,26,27,25,26,27,26,30,31,29,27,27,23,27,24,25,25,25,22,22,17,18,16,16,20,15,19,19,16,14,13,12,12,12,11,11,12,11,10,10,10,10,9,8,11,10,9,9,8,9,10,9,7,11,8,9,10,9,8,7,4,4,5,6,7,7,8,8,7,6,4,7,8,8,8,7,9,8,8,9,9,11,11,12,12,12,15,15,16,15,13,12,12,11,8,8,8,8,6,7,6,6,6,4,4,4,4,5,5,5,5,5,4,4,3,3,4,2,3,4,2,2,2,2,2,1,1,1,1,1,1,1,1,1,1,1,1,1,1,1,1,2,2,2,2,1,1,2,2,3,3,2,2,2,2,2,2,2,1,1,1,2,2,1,1,0,0,0,0,0,0,0,0,0,0,0,0,0,0,0,0,0,0,0,0,0,0,0,0,0,0,0,0,0,0,0,0,0,0,0,0,0,0,0,0,0,0,0,0,0,0,0,0,0,0,0,0,0,0,0,0,0,0,0,0,0,0,0,0,0,0,0,0,0,0,0,0,0,0,0,0,0,0,0,0,0,0,0,0,0,0,0,0,0,0,0,0,0,0,0,0,0,0,0,0,0,0,0,0,0,0,0,0,0,0,0,0,0,0,0,0,0,0,0,0,0,0,0,0,0,0,0,0,0,0,0,0,0,0,0,0,0,0,0,0,0,0,0,0,0,0,0,0,0,0,0,0,0,0,0,0,0,0,0,0,0,0,0,
92,67,50,43,41,40,38,40,45,44,49,58,62,60,69,83,81,77,77,74,74,79,91,92,95,96,86,80,77,73,71,76,73,74,64,61,58,53,52,56,52,54,50,51,49,47,46,46,48,48,52,49,46,48,49,48,50,45,42,40,46,44,43,39,41,40,35,35,35,38,42,40,37,35,32,30,30,29,33,29,32,32,33,34,34,31,29,27,27,24,23,21,23,19,23,15,13,16,14,20,17,15,14,17,12,11,11,10,8,11,10,11,12,11,11,10,10,7,9,8,6,4,5,5,7,6,8,7,6,5,4,2,1,1,2,2,2,1,1,0,0,0,1,1,1,0,0,0,0,0,0,0,0,0,0,0,0,0,0,0,0,0,0,0,0,0,0,0,0,0,0,0,0,0,0,0,0,0,0,0,0,0,0,0,0,0,0,0,0,0,0,0,0,0,0,0,0,0,0,0,0,0,0,0,0,0,0,0,0,0,0,0,0,0,0,0,0,0,0,0,0,0,0,0,0,0,0,0,0,0,0,0,0,0,0,0,0,0,0,0,0,0,0,0,0,0,0,0,0,0,0,0,0,0,0,0,0,0,0,0,0,0,0,0,0,0,0,0,0,0,0,
85,62,54,53,55,56,55,57,61,64,63,65,62,65,66,64,78,88,90,95,104,106,106,97,99,93,95,97,93,84,85,92,94,97,94,86,75,70,70,64,69,70,66,70,58,58,59,58,63,60,59,56,52,50,45,50,52,47,45,41,45,45,44,39,40,38,34,36,39,34,37,34,37,36,35,33,32,31,27,30,28,29,26,26,25,21,19,24,22,24,29,26,21,21,20,18,16,18,20,17,18,17,17,18,20,19,20,20,19,18,17,16,17,12,12,11,11,14,12,14,14,15,14,17,15,15,17,17,17,18,17,13,13,16,14,13,14,11,9,11,14,12,13,12,12,12,11,13,12,14,15,17,16,15,13,15,12,9,12,11,13,12,14,15,14,12,12,13,12,13,11,11,11,13,12,10,9,9,9,10,11,12,10,9,8,9,7,7,9,9,9,9,9,10,11,10,8,11,11,10,11,8,7,6,6,6,6,6,7,7,7,7,8,9,9,8,10,9,9,8,8,7,5,4,4,4,4,5,4,4,4,6,7,7,7,7,8,9,8,8,8,7,7,6,6,6,6,6,7,6,5,5,6,5,4,5,4,7,7,7,7,7,6,5,5,5,6,9,7,7,6,6,6,5,6,5,5,5,6,6,6,5,6,6,6,7,8,7,8,4,3,3,3,3,4,3,4,4,5,5,3,2,2,2,3,4,2,2,2,1,1,2,2,2,2,2,2,4,2,2,3,2,1,0,0,1,1,1,1,1,1,1,1,1,1,1,1,1,1,1,1,1,2,1,1,1,1,1,1,1,1,1,1,1,1,1,1,1,1,1,
89,62,52,48,50,53,59,61,71,67,71,72,77,80,100,113,111,118,119,123,130,146,150,145,143,145,145,145,153,156,140,128,129,127,117,108,117,119,112,105,104,98,101,97,89,81,79,81,85,84,88,94,90,95,91,90,84,81,80,80,90,91,89,89,94,86,86,80,74,78,79,77,75,78,75,81,80,78,74,67,68,64,63,66,59,59,53,50,46,42,43,40,37,40,34,30,35,36,30,30,27,23,25,23,22,23,18,17,19,20,18,17,14,15,16,18,13,14,14,16,14,12,11,11,13,14,14,10,9,7,5,5,5,5,5,5,5,4,4,6,5,4,3,3,5,4,4,3,3,5,3,3,3,2,3,3,3,2,2,2,2,2,2,2,2,1,1,0,0,0,1,1,1,1,1,1,1,1,1,1,1,0,0,0,0,0,0,0,0,0,0,0,0,0,0,0,0,0,0,0,0,0,0,0,0,0,0,0,0,0,0,0,0,0,0,0,0,0,0,0,0,0,0,0,0,0,0,0,0,0,0,0,0,0,0,0,0,0,0,0,0,0,0,0,0,0,0,0,0,0,0,0,0,0,0,0,0,0,0,0,0,0,0,0,0,0,0,0,0,0,0,0,0,0,0,0,0,0,0,0,0,0,0,0,0,0,0,0,0,0,0,0,0,0,0,0,0,0,0,0,0,0,0,0,0,0,0,0,0,0,0,0,0,0,0,0,0,0,0,0,0,0,0,0,0,0,0,0,0,0,0,0,0,0,0,
88,64,40,44,39,44,46,48,44,46,53,52,55,59,57,67,80,87,87,84,90,93,103,101,94,88,84,84,86,89,95,86,83,80,81,74,70,62,59,62,56,51,53,52,50,48,44,47,45,40,39,37,39,44,44,45,40,41,41,43,43,41,36,40,38,35,33,35,37,35,36,33,27,26,26,27,26,23,24,23,27,24,26,23,23,20,22,20,17,18,18,16,17,16,13,12,12,12,13,15,16,16,14,12,10,10,9,7,5,4,6,6,6,6,5,5,4,3,3,5,5,3,2,3,4,4,3,5,5,5,3,3,3,3,4,4,4,4,3,3,4,4,3,2,2,2,2,2,2,2,2,1,1,1,1,1,1,1,1,1,1,1,1,1,0,0,0,0,0,0,0,0,0,0,0,0,0,0,0,0,0,0,0,0,0,0,0,0,0,0,0,0,0,0,0,0,0,0,0,0,0,0,0,0,0,0,0,0,0,0,0,0,0,0,0,0,0,0,0,0,0,0,0,0,0,0,0,0,0,0,0,0,0,0,0,0,0,0,0,0,0,0,0,0,0,0,0,0,0,0,0,0,0,0,0,0,0,0,0,0,0,0,0,0,0,0,0,0,0,0,0,
88,58,50,46,48,49,55,58,60,57,66,70,73,71,71,76,83,84,98,100,111,109,110,115,122,128,126,122,106,97,93,97,94,91,90,78,72,79,80,71,65,54,58,59,58,54,47,47,43,46,46,51,48,45,52,53,52,48,47,45,48,47,47,48,47,43,46,44,45,46,42,42,41,41,44,45,41,43,46,46,47,46,38,40,33,35,30,27,26,24,21,18,20,25,21,22,22,27,24,21,16,16,15,18,19,17,17,14,15,13,13,11,11,13,13,13,13,14,12,11,9,8,6,8,7,6,7,4,4,4,3,3,3,3,4,3,2,2,2,2,2,2,2,2,1,1,0,0,0,0,1,0,0,0,0,0,0,1,1,1,1,1,1,1,0,0,0,0,0,0,0,0,0,0,0,0,0,0,0,0,0,0,0,0,0,0,0,0,0,0,0,0,0,0,0,0,0,0,0,0,0,0,0,0,0,0,0,0,0,0,0,0,0,0,0,0,0,0,0,0,0,0,0,0,0,0,0,0,0,0,0,0,0,0,0,0,0,0,0,0,0,0,0,0,0,0,0,0,0,0,0,0,0,0,0,0,0,0,0,0,0,0,0,0,0,0,0,0,0,0,0,0,0,0,0,0,0,0,0,0,0,0,0,0,0,0,
90,56,48,48,45,43,54,60,53,62,67,72,87,100,96,105,99,105,97,93,106,107,117,124,124,121,124,131,121,118,110,112,111,107,102,103,109,114,108,111,105,109,115,115,105,101,88,86,88,87,83,93,90,89,81,76,80,80,77,69,65,63,68,65,66,64,65,60,54,52,45,43,44,39,45,43,45,51,42,40,40,37,38,37,42,42,38,35,37,33,37,31,27,23,24,25,26,28,28,26,26,25,23,23,23,19,17,21,19,20,21,21,21,20,23,18,20,20,19,16,17,18,18,17,16,16,19,19,21,17,15,15,14,13,12,9,9,8,9,6,7,6,7,8,10,11,11,9,10,9,10,9,9,7,6,6,7,8,8,6,6,5,5,6,7,8,6,5,4,4,3,1,1,1,1,2,1,1,1,1,2,2,2,2,3,2,2,2,2,1,1,1,1,1,1,1,1,1,2,2,2,1,1,1,1,1,1,1,2,2,2,2,2,3,2,2,2,2,2,2,2,2,2,2,2,2,2,1,1,1,1,1,1,2,3,2,2,2,2,2,2,2,2,2,2,2,2,2,2,2,1,1,1,1,1,1,1,1,1,1,1,1,1,1,1,1,1,1,1,1,1,1,1,1,0,0,0,0,
98,73,63,59,58,51,52,59,57,56,64,72,83,88,95,105,100,100,129,138,143,153,146,154,157,154,137,127,116,127,122,119,118,103,105,93,93,99,96,84,83,88,86,96,82,85,86,85,79,70,71,80,78,72,73,72,74,73,74,75,68,65,60,60,59,59,56,48,45,45,47,49,47,47,46,49,45,45,44,46,45,41,41,39,35,30,27,22,26,28,25,25,27,29,27,26,25,21,22,17,18,19,17,18,21,21,20,18,15,14,15,16,18,14,14,10,12,10,9,9,10,11,10,8,8,9,7,6,7,9,8,8,8,7,4,4,4,5,5,3,3,2,4,5,5,5,3,3,4,5,5,5,4,6,4,4,5,5,4,4,5,4,3,4,5,5,6,7,7,7,6,6,7,6,4,4,4,4,4,3,3,4,4,4,6,5,5,5,5,6,8,6,7,9,8,8,8,6,7,7,5,5,3,2,3,2,2,2,2,2,2,2,2,2,4,3,4,4,3,3,2,2,2,1,1,2,1,1,1,0,0,0,0,0,0,0,1,1,1,0,0,0,0,0,0,0,0,0,0,
83,61,50,49,53,56,53,58,64,65,64,69,79,78,82,85,98,97,105,115,123,125,128,134,137,138,129,126,120,122,115,115,124,125,126,120,116,110,105,104,100,103,93,84,87,87,86,89,87,88,86,77,77,78,78,78,81,72,67,66,66,58,55,53,44,42,45,41,37,37,36,35,33,32,28,24,25,26,27,22,20,21,18,18,19,21,20,18,18,22,22,20,20,17,19,17,15,11,13,9,12,15,15,14,12,10,9,8,10,10,10,9,7,7,8,8,7,7,8,8,8,7,7,7,8,8,11,12,12,12,16,14,11,11,14,14,13,14,13,13,13,11,11,12,13,9,9,9,9,10,9,9,7,5,5,5,4,4,5,6,5,5,5,4,4,3,3,3,3,3,2,2,3,3,3,3,2,2,2,2,3,3,3,2,1,1,1,1,1,1,1,2,4,3,3,2,2,2,2,2,2,2,3,2,2,3,3,3,3,3,4,4,4,4,5,4,5,6,5,6,8,8,8,10,8,9,7,6,4,6,5,5,6,5,5,4,4,4,4,4,4,4,4,4,5,5,4,4,4,3,3,3,3,1,1,1,1,1,1,1,1,1,1,1,1,1,1,1,2,2,2,2,2,2,1,1,1,1,0,0,0,0,0,1,1,1,
85,53,50,45,48,47,47,51,50,52,61,65,73,74,80,94,99,106,111,117,128,136,140,144,143,128,130,130,133,142,129,128,123,123,117,113,114,108,108,118,113,105,97,88,92,95,100,100,108,95,90,82,79,78,81,75,76,80,78,78,80,69,70,78,75,73,67,69,70,66,64,64,64,61,61,49,48,50,48,48,45,49,47,46,45,44,44,41,40,39,41,37,39,40,40,34,37,38,44,36,38,37,39,36,33,33,27,31,31,27,27,27,30,28,28,26,29,35,32,25,20,21,20,16,15,12,14,14,14,16,14,12,12,12,13,12,11,9,9,8,7,7,10,5,7,7,6,5,6,4,4,4,3,3,3,3,5,4,4,4,3,5,4,2,2,3,4,4,4,3,3,3,4,4,4,4,5,5,7,4,3,3,5,3,3,4,5,4,4,5,3,3,3,4,4,3,5,4,3,3,1,1,1,1,2,2,3,2,2,4,4,3,3,3,3,2,2,3,2,3,1,3,3,3,2,2,2,2,2,2,3,3,3,2,1,1,1,2,2,1,1,2,1,1,1,1,1,1,1,2,2,3,1,1,0,0,0,0,0,0,0,0,0,0,0,0,0,0,0,0,0,0,0,0,0,0,0,0,
87,60,52,49,52,48,44,51,63,66,65,69,69,74,82,85,94,101,104,110,111,125,117,132,137,137,125,125,117,111,112,112,112,100,90,76,75,79,79,76,70,74,74,74,72,62,62,60,63,56,57,54,54,57,57,53,60,62,62,57,59,55,50,48,47,44,40,37,37,34,35,36,36,35,38,35,35,31,34,30,28,31,28,30,28,30,37,31,26,26,25,21,20,23,23,25,26,23,23,23,24,24,20,23,18,14,15,16,15,14,13,14,13,11,9,8,7,6,8,9,7,7,8,8,7,7,4,4,6,5,4,2,2,1,2,2,2,2,2,1,2,2,1,2,2,2,2,3,2,3,2,1,1,1,1,0,0,0,0,0,0,0,0,0,0,0,0,0,0,0,0,0,0,0,0,0,0,0,0,0,0,0,0,0,0,0,0,0,0,0,0,0,0,0,0,0,0,0,0,0,0,0,0,0,0,0,0,0,0,0,0,0,0,0,0,0,0,0,0,0,0,0,0,0,0,0,0,0,0,0,0,0,0,0,0,0,0,0,0,0,0,0,0,0,0,0,0,0,0,0,0,0,0,0,0,0,0,0,0,0,0,0,0,0,0,0,0,0,0,0,0,0,0,0,0,0,0,0,0,0,0,0,0,0,0,0,0,0,0,0,0,0,0,0,0,0,0,0,0,0,0,0,0,0,0,0,0,
74,51,40,37,41,42,40,44,38,41,45,52,66,69,65,70,73,81,94,94,96,99,102,104,93,99,100,103,93,93,94,76,79,72,71,66,63,69,67,63,65,66,64,57,59,54,51,51,46,53,42,47,48,45,45,47,45,42,42,41,37,34,35,35,29,29,24,20,20,23,26,22,24,25,22,22,20,19,22,17,18,19,19,21,23,23,20,21,19,19,18,18,23,20,22,23,22,20,16,18,18,17,19,21,23,22,21,19,21,18,15,16,15,17,18,16,16,17,12,11,14,14,14,15,12,13,17,16,14,9,9,8,8,7,7,9,7,7,10,9,8,7,8,8,8,9,8,6,5,6,7,3,4,1,1,1,1,1,1,2,2,2,2,1,0,1,0,1,2,2,2,2,2,2,2,2,2,3,3,3,3,3,2,3,1,1,0,1,1,1,0,1,1,1,1,1,1,1,1,1,1,1,2,2,2,3,3,1,1,1,1,1,1,1,1,1,1,1,2,1,1,1,1,2,3,3,3,3,3,2,2,2,2,2,2,2,2,2,2,2,2,1,1,2,2,2,3,2,2,2,2,2,1,1,1,2,2,0,0,0,0,0,0,0,0,0,0,0,0,0,0,0,0,0,0,0,0,0,0,0,
90,71,70,64,70,72,74,72,73,75,75,86,89,97,102,103,118,117,125,136,144,149,162,152,156,157,153,149,141,139,133,128,122,116,104,101,108,101,99,95,85,82,84,82,81,82,78,78,76,83,77,70,68,61,61,56,51,59,52,44,40,38,38,40,41,41,47,44,48,45,46,43,44,41,40,37,32,32,38,38,39,34,32,31,32,29,32,30,28,31,29,31,29,30,37,36,34,35,30,31,26,30,29,27,28,26,29,31,30,29,29,32,29,28,28,29,24,24,22,20,16,15,18,15,16,18,17,19,15,16,18,17,24,24,23,23,24,27,28,33,29,28,26,30,26,25,26,28,28,27,21,27,23,22,24,21,20,22,22,23,25,21,21,21,22,21,16,14,14,13,10,10,11,11,9,9,10,6,6,6,6,9,9,6,6,6,6,7,6,4,2,2,1,1,1,1,1,1,2,2,2,2,2,2,2,2,2,3,3,3,3,3,2,2,2,1,1,1,1,1,1,1,1,0,0,0,0,0,0,0,0,0,0,0,0,0,0,0,0,0,0,0,0,0,0,0,0,0,0,0,0,0,0,0,0,0,0,0,0,0,0,0,0,0,0,0,0,0,0,0,0,0,0,0,0,
90,57,45,40,36,35,42,56,61,64,63,64,68,74,82,81,84,86,100,109,115,120,130,132,136,126,113,102,104,96,90,87,92,92,95,92,83,85,85,85,92,94,88,82,79,78,70,75,71,69,73,73,67,69,67,60,55,57,56,49,47,47,50,44,41,39,38,36,35,40,39,38,39,39,41,39,42,40,38,37,34,34,36,37,36,33,36,35,34,32,29,33,30,25,25,22,19,18,21,21,21,19,21,21,18,15,16,15,17,18,19,17,19,19,17,17,14,12,14,16,19,16,16,15,17,13,13,12,11,10,11,13,13,15,12,13,13,15,9,8,9,15,13,13,12,10,11,11,9,8,7,7,8,8,9,8,8,10,11,11,11,9,7,8,9,8,6,6,8,8,7,7,6,7,7,8,8,7,7,8,8,3,3,2,1,1,1,1,1,1,2,2,3,2,2,2,1,1,1,1,1,2,1,0,0,0,0,0,0,0,0,0,0,0,0,0,0,0,0,0,0,0,0,0,0,0,0,0,0,0,0,0,0,0,0,0,0,0,0,0,0,0,0,0,0,0,0,0,0,0,0,0,0,0,0,0,0,0,0,0,0,0,0,0,0,0,0,0,0,0,0,0,0,0,0,0,0,0,0,0,0,0,0,0,0,0,0,0,0,0,0,0,0,0,0,0,0,0,0,0,0,0,0,0,0,0,0,0,0,0,0,0,0,0,0,0,0,0,0,0,0,0,0,0,0,0,0,0,0,0,0,0,0,0,0,0,0,0,0,0,
94,67,59,59,60,56,63,65,70,80,82,88,92,103,114,115,133,139,152,155,155,170,183,174,167,161,170,159,165,152,137,144,130,119,119,121,113,116,117,111,105,104,105,105,102,101,90,83,83,84,78,71,75,72,69,71,70,66,66,60,61,58,57,54,54,52,51,55,57,56,55,58,61,58,63,59,54,53,40,38,36,33,32,31,35,37,33,33,31,29,30,27,27,25,25,26,26,24,20,24,20,22,23,19,17,18,20,17,14,13,13,18,17,15,16,11,11,11,9,9,8,10,8,8,8,9,10,11,8,10,10,10,9,8,8,8,7,6,7,8,7,6,6,6,5,5,4,4,4,4,5,5,5,5,5,5,3,3,2,2,2,2,2,2,1,1,1,2,1,1,1,0,1,1,1,1,1,1,1,1,1,0,0,0,0,0,0,0,0,0,0,0,0,0,0,0,0,0,0,0,0,0,0,0,0,0,0,0,0,0,0,0,0,0,0,0,0,0,0,0,0,0,0,0,0,0,0,0,0,0,0,0,0,
92,70,57,54,50,54,58,61,61,59,69,68,78,84,82,80,84,89,92,86,96,108,122,125,126,124,116,113,108,103,99,94,91,92,93,87,86,76,79,83,81,83,84,78,77,71,80,77,72,73,67,66,65,62,67,63,63,64,63,60,55,52,48,52,48,44,44,43,37,36,38,36,34,37,35,33,31,29,27,26,27,27,27,26,28,30,29,26,23,23,19,20,19,17,22,21,20,18,18,17,18,17,17,16,15,17,15,16,13,13,13,10,9,11,14,12,13,16,14,11,8,4,6,8,5,5,5,5,5,4,4,2,2,4,4,2,5,5,4,3,2,2,2,1,2,3,2,1,1,1,1,1,1,1,0,0,0,0,0,0,0,0,0,0,0,0,1,0,0,0,0,0,0,0,0,0,0,0,0,0,0,0,0,0,0,0,0,0,0,0,0,0,0,0,0,0,0,0,0,0,0,0,0,0,0,0,0,0,0,0,0,0,0,0,0,0,0,0,0,0,0,0,0,0,0,0,0,0,0,0,0,0,0,0,0,0,0,0,0,0,0,0,0,0,0,0,0,0,0,0,0,0,0,0,0,0,0,0,0,0,0,0,0,0,0,0,0,
87,68,53,46,42,37,48,51,48,54,51,55,54,65,79,76,74,74,78,82,84,91,92,94,90,88,90,87,83,86,78,81,78,82,79,78,73,67,62,70,68,64,66,70,67,65,66,61,59,56,53,52,58,48,48,49,55,60,50,51,45,41,40,39,40,32,32,35,38,38,42,36,36,35,33,35,29,28,29,26,29,32,31,27,24,23,22,19,17,17,17,15,17,16,13,13,20,17,18,21,17,16,17,15,15,15,13,11,10,10,10,11,13,14,11,12,11,11,9,10,8,9,8,8,9,10,10,11,11,12,12,15,15,11,12,10,10,12,12,12,11,9,11,11,11,9,9,8,6,7,8,12,12,9,8,8,7,7,7,7,8,8,6,7,5,6,5,5,5,3,2,2,2,1,1,2,1,1,1,1,0,0,0,0,0,0,0,0,0,0,0,0,0,0,0,0,0,0,0,0,0,0,0,0,0,0,0,0,0,0,0,0,0,0,0,0,0,0,0,0,0,0,0,0,0,0,0,0,0,0,0,0,0,0,0,0,0,0,0,0,0,0,0,0,0,0,0,0,0,0,0,0,0,0,0,0,0,0,0,0,0,0,0,0,0,0,0,0,0,0,0,0,0,0,0,0,0,0,0,0,0,0,0,0,0,0,0,0,0,0,0,0,0,0,0,0,0,0,0,0,0,0,0,0,0,0,0,0,0,0,0,0,0,0,0,0,0,0,0,0,0,0,0,0,0,0,0,0,0,0,0,0,0,0,
83,55,53,50,55,50,56,56,56,58,57,54,59,67,65,64,74,73,77,86,91,93,93,93,90,89,92,88,88,81,86,83,84,82,86,81,71,67,59,59,60,63,60,61,62,64,67,68,63,56,57,55,53,51,50,45,44,37,39,43,44,46,44,44,49,44,43,37,37,35,38,35,37,40,41,38,38,41,39,35,30,30,24,25,24,28,24,17,14,14,14,14,12,15,19,18,16,12,10,10,9,7,9,11,11,11,10,13,15,14,12,12,11,11,10,12,13,13,16,14,13,12,13,13,12,13,14,13,11,7,9,8,5,4,4,5,4,4,6,7,7,7,8,10,7,7,7,10,11,12,6,7,7,5,5,5,5,5,5,5,4,5,4,3,4,4,4,3,3,2,2,2,2,3,2,1,1,0,1,2,1,1,0,0,0,1,1,1,1,1,1,1,1,1,2,2,2,2,2,2,4,4,3,3,4,3,2,3,3,4,4,4,4,4,4,4,4,2,3,4,4,4,4,2,2,1,1,1,1,1,1,1,1,1,1,1,1,1,1,1,1,1,1,1,1,0,0,0,0,0,0,0,0,0,0,0,0,0,0,0,
81,54,46,46,42,39,40,41,40,54,53,54,54,50,59,63,67,65,74,78,69,74,78,78,88,92,82,92,98,92,78,80,74,78,84,75,77,77,74,70,67,65,61,54,52,50,53,46,48,51,49,49,47,45,49,53,47,47,49,47,44,46,44,42,39,42,38,38,35,31,28,30,29,26,26,24,20,26,27,26,29,27,23,24,23,22,19,21,19,19,19,18,18,16,16,16,17,21,15,15,14,13,15,15,14,15,14,13,14,13,17,17,15,15,16,15,14,15,12,12,14,10,10,9,9,7,6,6,8,9,6,7,10,9,10,10,9,9,10,7,8,10,9,10,8,8,9,11,11,11,10,11,10,9,8,7,7,7,5,5,5,3,4,3,4,4,3,5,5,4,5,4,4,3,3,4,5,5,5,6,6,6,4,3,5,5,5,5,4,5,4,5,6,5,5,7,7,7,6,5,4,5,5,5,5,5,6,4,4,3,3,3,3,3,3,4,5,5,5,5,5,4,4,3,2,2,1,2,2,1,1,1,1,1,1,1,1,1,1,1,1,1,0,0,0,0,0,0,0,0,0,0,0,0,0,0,0,0,0,0,0,0,0,0,0,0,0,0,0,0,0,0,0,0,0,0,0,0,0,0,0,0,0,0,0,0,0,0,0,0,0,0,0,0,0,0,0,0,0,0,0,0,0,0,0,0,
89,55,47,49,55,52,55,59,70,63,82,85,85,85,91,98,102,100,120,121,119,121,133,132,131,122,126,119,116,120,116,110,111,111,104,100,99,101,102,94,91,96,95,89,89,92,86,86,83,76,80,80,82,81,84,82,79,77,74,75,75,68,72,67,67,67,67,66,54,48,45,46,44,38,48,51,48,46,39,40,34,33,35,28,28,32,31,27,26,22,24,25,26,25,26,24,29,27,25,23,22,26,21,20,19,20,15,16,18,19,19,20,16,13,16,14,15,18,19,17,17,13,18,15,13,13,10,14,13,14,6,6,6,7,9,8,9,9,8,7,9,9,6,8,5,6,6,6,6,7,7,6,6,6,4,3,3,2,2,2,3,2,2,2,2,1,1,1,1,1,2,2,2,3,1,1,1,1,2,1,1,1,1,1,1,1,2,1,1,1,1,1,1,3,3,3,2,2,2,2,2,1,1,1,1,1,2,2,2,1,1,1,1,1,1,1,1,0,0,0,0,0,0,0,0,0,1,0,0,0,0,0,0,0,0,0,0,0,0,0,0,0,0,0,0,0,0,0,0,0,0,0,0,0,0,0,0,0,0,0,0,0,0,0,0,0,0,0,
83,63,59,60,56,58,65,74,70,70,80,86,104,103,109,117,109,119,136,137,154,158,164,155,147,146,152,144,137,135,148,138,130,126,129,120,125,110,107,113,107,110,106,105,97,97,94,82,74,82,81,76,67,64,67,72,65,63,61,67,63,67,66,64,59,59,52,51,56,52,51,52,48,48,44,42,43,46,42,42,41,38,31,27,27,25,25,30,23,26,28,28,27,22,20,22,19,15,18,20,22,26,23,21,18,16,16,16,16,17,19,18,16,14,13,14,13,12,11,11,10,8,8,9,12,11,7,8,9,11,10,9,10,11,12,9,10,11,10,7,6,4,5,5,5,6,6,5,5,5,3,3,3,4,4,4,4,3,3,3,3,3,3,3,3,3,3,3,3,3,3,3,3,3,4,3,4,3,2,2,4,4,4,4,4,4,4,4,3,2,2,2,3,3,3,3,2,2,2,1,0,0,0,0,0,1,0,0,0,0,0,0,0,0,0,0,0,0,0,0,0,0,0,0,0,0,0,0,0,0,0,0,0,0,0,0,0,0,0,0,0,0,0,0,0,0,0,0,0,0,0,
79,63,53,49,48,51,41,39,42,50,52,57,63,69,74,77,81,98,104,105,123,129,141,128,129,123,131,130,132,127,126,123,105,97,96,90,89,96,99,94,90,93,81,82,80,69,65,71,75,75,75,73,73,70,75,68,72,61,53,60,60,58,54,51,47,45,44,41,37,39,40,36,35,36,36,37,40,39,43,39,39,33,31,34,37,33,27,24,21,19,20,19,19,16,13,17,15,18,18,16,16,15,14,13,15,13,11,14,11,12,9,11,10,13,13,15,16,13,14,13,12,10,11,12,12,8,8,8,8,7,8,7,7,7,7,7,6,7,5,6,4,5,5,6,7,7,4,5,4,6,6,6,7,7,8,7,6,6,7,6,5,6,7,7,6,8,11,10,7,7,7,7,9,8,11,9,8,7,7,7,6,6,5,4,4,4,5,5,3,3,3,3,3,3,3,4,3,3,4,4,3,5,4,5,4,5,4,6,6,6,6,7,8,9,9,7,6,5,4,3,2,2,1,1,1,1,1,1,1,1,1,1,3,2,2,2,2,2,2,2,1,1,2,3,2,3,2,3,4,4,4,4,3,2,2,1,1,1,1,1,1,2,2,2,2,3,3,3,2,2,2,2,2,0,0,2,1,1,1,1,2,2,2,2,2,3,2,2,4,4,3,3,4,5,4,4,4,4,3,3,2,2,4,3,3,5,5,5,2,3,4,4,3,4,4,2,2,2,2,2,1,2,2,3,3,3,3,1,1,2,2,3,3,3,3,4,3,3,2,1,1,1,1,1,1,1,0,0,1,1,0,0,1,
79,52,53,53,55,49,48,50,65,65,67,74,84,72,73,87,93,96,100,113,131,132,145,143,159,151,149,154,145,141,134,126,139,127,125,110,108,108,106,101,95,99,100,106,105,89,90,84,82,75,74,68,65,62,68,63,60,67,60,66,55,52,54,55,52,53,53,50,51,49,46,45,46,43,39,39,39,37,33,30,32,31,31,34,34,34,33,35,35,35,33,33,38,41,41,40,38,36,30,32,29,29,27,25,25,22,19,19,15,15,16,13,13,12,12,11,12,12,12,11,12,13,15,14,12,11,10,10,10,9,7,7,8,5,6,6,7,7,7,8,7,8,8,9,8,9,8,7,7,5,3,4,4,5,4,4,4,4,3,3,3,4,3,2,2,2,2,2,2,2,3,3,3,3,2,2,2,1,1,1,1,2,2,2,2,1,1,2,3,2,2,2,2,2,2,2,2,2,2,2,3,1,1,1,1,1,1,1,1,1,1,1,1,1,1,1,1,1,1,1,1,1,1,1,1,1,1,1,1,1,1,1,1,1,1,1,1,1,0,0,0,0,0,0,
94,70,54,52,48,44,51,54,62,69,71,70,78,76,87,93,96,101,102,113,106,120,137,138,144,143,137,140,133,131,125,117,119,109,105,99,98,92,89,89,84,79,83,82,83,85,86,70,71,71,68,62,57,58,61,60,58,62,55,50,46,46,41,44,44,45,37,41,38,39,43,45,44,50,43,41,36,32,28,28,26,29,29,32,31,30,29,29,27,27,28,24,26,24,21,23,23,24,22,21,22,21,19,15,14,13,14,14,15,14,14,13,14,13,13,14,13,13,12,12,13,15,14,11,10,10,7,6,8,9,7,6,6,8,6,6,5,5,4,4,4,4,4,5,5,6,7,8,8,6,5,5,5,6,5,6,7,7,7,7,7,7,9,9,8,10,6,9,9,10,10,8,9,9,8,9,9,7,9,10,8,8,8,8,7,6,6,5,5,3,3,4,4,5,4,5,3,4,4,4,3,4,4,4,6,6,7,7,7,9,8,6,6,5,4,4,4,5,4,4,2,2,2,3,2,2,2,2,2,2,2,2,2,2,3,3,2,2,2,2,1,1,1,1,1,1,2,2,2,1,1,2,2,2,3,2,1,1,1,1,1,2,2,2,2,2,2,2,2,2,1,2,1,1,1,1,1,0,0,0,0,0,0,0,0,1,1,1,1,1,1,0,1,0,0,0,0,0,0,0,0,0,0,0,0,0,0,0,0,0,0,0,0,0,0,0,0,0,0,0,0,0,0,0,0,0,0,0,0,0,0,0,0,0,0,0,0,0,0,0,0,0,0,
92,66,53,56,63,65,66,67,66,70,85,99,95,100,107,108,116,128,126,141,151,149,143,153,158,167,173,166,159,153,146,143,143,138,145,141,134,127,121,119,114,106,102,97,96,101,105,96,95,95,93,89,96,89,89,87,89,88,82,77,73,74,78,78,79,69,68,68,64,58,52,49,51,39,42,41,40,38,40,41,44,40,36,35,35,30,30,31,30,33,32,23,24,26,23,22,21,18,15,18,17,15,18,19,19,19,19,18,17,20,21,18,15,16,14,14,14,13,14,12,8,8,10,11,9,7,6,7,6,6,6,9,6,5,4,4,4,4,3,2,4,3,5,5,6,5,6,5,4,3,4,4,3,3,3,3,2,2,1,2,1,1,1,0,0,0,0,0,0,0,0,0,0,0,0,0,0,0,0,0,0,0,0,0,0,0,0,0,0,0,0,0,0,0,0,0,0,0,0,0,0,0,0,0,0,0,0,0,0,0,0,0,0,0,0,0,0,0,0,0,0,0,0,0,0,0,0,0,0,0,0,0,0,0,0,0,0,0,0,0,0,0,0,0,0,0,0,0,0,0,0,0,0,0,0,0,0,0,0,0,0,0,0,0,0,0,0,0,0,0,0,0,0,0,0,0,0,0,0,0,0,0,0,0,0,0,0,0,0,0,0,0,0,0,0,0,0,0,0,0,0,0,0,0,0,0,0,0,0,0,0,0,0,0,0,0,0,0,0,0,0,0,0,0,0,0,0,0,0,0,0,0,0,0,0,0,0,0,0,0,0,0,0,0,0,
81,57,52,54,56,51,48,48,45,47,54,57,61,63,64,67,75,73,72,68,79,86,83,85,88,87,92,83,82,73,73,72,74,73,65,60,62,64,54,51,52,49,47,48,48,52,52,44,41,39,39,37,43,40,37,31,27,26,25,26,23,21,22,18,14,13,13,15,15,15,16,13,11,9,10,6,7,7,6,6,7,8,8,7,6,5,4,6,4,5,4,4,5,4,5,2,2,2,2,1,1,1,1,1,1,1,2,2,2,2,1,1,1,1,2,2,2,2,2,1,1,1,0,0,0,0,0,0,0,1,1,1,0,0,0,0,0,0,0,0,0,0,0,0,0,0,0,0,0,0,0,0,0,0,0,0,0,0,0,0,0,0,0,0,0,0,0,0,0,0,0,0,0,0,0,0,0,0,0,0,0,0,0,0,0,0,0,0,0,0,0,0,0,0,0,0,0,0,0,0,0,0,0,0,0,0,0,0,0,0,0,0,0,0,0,0,0,0,0,0,0,0,0,0,0,0,0,0,0,0,0,0,0,0,0,0,0,0,0,0,0,0,0,0,0,0,0,0,0,0,0,0,0,0,0,0,0,0,0,
85,61,58,52,47,47,49,48,54,54,54,47,57,62,62,55,61,67,66,80,79,79,81,81,86,84,85,85,81,79,79,74,84,80,78,67,66,65,67,61,61,59,61,67,68,69,75,72,71,62,52,50,47,49,49,54,51,46,47,51,42,37,36,39,35,36,37,26,28,27,26,22,22,24,25,27,24,25,20,22,24,24,27,26,26,27,25,22,20,24,26,26,20,23,20,21,19,21,18,19,17,17,16,17,17,18,19,14,14,14,15,13,11,13,11,11,9,9,12,11,11,12,11,15,16,14,14,12,13,12,11,12,10,8,9,8,7,6,8,8,8,7,7,8,8,8,8,8,9,9,9,11,10,9,8,11,10,8,9,9,7,9,10,9,7,8,11,10,10,9,8,12,11,10,11,13,12,12,13,10,11,10,9,9,8,8,5,6,6,5,4,4,4,4,2,2,2,3,3,3,3,3,3,0,0,0,0,0,0,0,0,0,0,0,0,0,0,1,1,1,1,1,1,1,1,1,1,1,1,1,1,1,1,2,1,1,1,1,1,1,1,0,0,0,0,0,0,0,0,0,0,0,0,0,0,0,0,0,0,0,0,0,0,0,0,0,0,0,0,0,0,0,0,0,0,0,0,0,0,0,0,0,0,0,0,0,0,0,0,0,0,0,0,
87,59,48,41,38,39,37,44,49,45,51,58,50,50,56,50,53,64,67,69,75,76,83,84,85,74,70,70,67,65,70,77,63,65,57,52,46,41,44,43,44,42,45,47,48,45,45,42,41,42,38,33,29,30,25,24,24,18,20,20,18,15,16,17,18,16,16,16,17,17,17,17,17,15,14,15,13,16,13,12,10,11,11,9,8,8,9,7,8,8,7,4,4,4,4,6,7,7,8,6,6,5,5,6,6,7,8,6,6,5,2,2,2,3,2,0,0,1,1,1,1,1,1,1,1,1,1,1,1,0,1,1,1,1,0,0,0,0,0,0,0,0,0,0,0,0,0,0,0,0,0,0,0,0,0,0,0,0,0,0,0,0,0,0,0,0,0,0,0,0,0,0,0,0,0,0,0,0,0,0,0,0,0,0,0,0,0,0,0,0,0,0,0,0,0,0,0,0,0,0,0,0,0,0,0,0,0,0,0,0,0,0,0,0,0,0,0,0,0,0,0,0,0,0,0,0,0,0,0,0,0,0,0,0,0,0,0,0,0,0,0,0,0,0,0,0,0,0,0,0,0,0,0,0,0,0,0,0,0,0,0,0,0,0,0,0,0,0,0,0,0,0,0,0,0,0,0,0,0,0,
88,62,51,48,50,49,55,57,54,51,54,62,70,74,72,79,89,90,88,112,115,104,120,120,129,121,119,115,120,110,115,110,88,94,92,94,89,84,79,85,76,81,71,72,75,74,75,77,85,79,67,71,64,57,60,56,47,47,45,48,47,41,35,35,36,33,31,31,35,28,27,27,31,33,29,22,23,22,22,21,24,23,24,27,22,21,22,17,20,19,21,19,18,18,16,17,15,15,13,16,12,13,14,15,16,16,12,12,13,13,15,13,11,11,11,10,10,10,6,5,5,4,4,3,4,4,3,4,3,3,3,5,5,7,6,3,3,4,3,2,3,3,3,3,4,4,4,4,4,3,2,1,1,2,2,3,3,4,4,3,1,2,1,0,0,0,0,0,0,0,0,0,0,0,0,0,0,0,0,0,0,0,0,0,0,0,0,0,0,0,0,0,0,0,0,0,0,0,0,0,0,0,0,0,0,0,0,0,0,0,0,0,0,0,0,0,0,0,0,0,0,0,0,0,0,0,0,0,0,0,0,0,0,0,0,0,0,0,0,0,0,0,0,0,0,0,0,0,0,0,0,0,0,0,0,0,0,0,0,0,0,0,0,0,0,0,0,0,0,0,0,0,0,0,0,0,0,0,0,0,0,0,0,0,
83,55,52,42,42,40,49,49,48,48,58,56,57,62,68,64,71,87,82,96,97,113,125,112,109,108,111,107,104,110,106,95,88,84,86,78,72,71,70,73,67,60,58,63,62,63,64,59,54,49,48,45,46,44,40,39,40,45,41,39,30,30,30,30,31,33,29,25,27,26,25,23,24,23,19,20,17,20,20,18,20,17,17,14,16,16,17,15,14,12,16,15,15,15,16,18,15,16,12,16,14,11,14,13,10,9,12,11,7,8,7,6,5,9,11,11,10,11,11,10,7,7,7,10,10,9,12,14,14,13,12,14,9,10,10,7,7,7,7,4,6,4,5,4,5,7,7,4,4,4,4,3,4,5,7,8,8,8,7,6,7,7,8,8,8,9,11,9,9,8,6,6,5,7,6,7,6,6,6,6,4,4,3,3,4,4,3,3,2,2,2,2,2,2,2,3,3,2,1,1,1,1,1,1,1,1,1,1,1,1,2,1,1,1,1,1,1,1,2,1,1,1,1,1,1,
95,76,61,57,50,49,54,58,54,55,59,77,75,69,75,73,71,90,93,95,93,99,103,103,107,102,112,101,94,98,89,87,97,92,96,92,93,92,90,91,89,86,80,83,81,77,72,67,73,73,67,69,66,63,65,68,69,70,59,56,53,54,52,52,54,48,46,44,40,40,42,38,37,35,34,32,36,28,31,28,31,26,26,29,24,28,23,23,20,22,23,21,20,19,23,22,24,26,23,23,22,22,21,21,12,14,11,12,15,12,11,8,8,7,7,8,9,8,8,9,10,10,5,3,4,4,1,1,1,2,3,3,3,4,5,6,5,5,4,4,4,4,5,5,5,5,4,4,3,4,5,6,5,3,4,3,1,1,1,0,1,1,2,2,1,0,0,0,1,1,1,2,1,0,0,0,0,0,0,0,0,0,0,0,1,1,0,0,0,0,0,0,0,0,0,0,0,0,0,0,0,0,0,0,0,0,0,0,0,0,0,0,0,0,0,0,0,0,0,0,0,0,0,0,0,0,0,0,0,0,0,0,0,0,0,0,0,0,0,0,0,0,0,0,0,0,0,0,0,0,0,
87,57,52,49,52,54,59,64,62,56,57,54,56,54,59,71,80,88,91,88,87,96,104,107,109,102,101,93,98,96,97,93,88,84,76,74,76,70,72,76,67,65,66,66,66,70,69,64,62,59,60,56,56,57,54,52,48,49,50,46,45,38,29,31,30,26,29,32,29,28,24,24,23,18,19,17,17,17,22,22,20,19,21,19,18,19,21,25,24,20,19,17,15,15,14,14,16,16,12,13,11,11,12,10,13,13,12,12,9,8,11,14,15,14,11,13,12,10,8,7,7,11,8,8,9,8,8,6,6,7,6,8,6,7,8,7,6,9,8,8,11,9,9,12,10,9,11,12,12,10,9,9,8,8,8,7,8,7,8,9,8,9,10,11,10,10,7,10,7,9,9,8,10,11,11,9,6,9,10,9,8,7,7,6,5,4,4,4,4,5,4,5,4,4,4,4,4,2,2,2,2,3,3,5,2,2,2,2,2,2,2,2,2,2,2,4,4,5,4,3,3,3,3,3,3,3,4,4,5,6,6,7,7,6,6,6,4,5,6,3,2,2,2,2,1,1,0,1,1,2,2,2,2,2,3,4,4,5,3,3,3,2,2,2,3,1,1,1,1,0,0,1,1,1,1,1,1,1,1,2,1,1,1,1,1,1,1,1,
90,62,57,54,55,54,53,57,63,62,61,71,82,83,80,92,93,91,101,100,117,113,121,123,117,115,118,118,107,102,96,105,110,96,90,87,96,95,98,98,95,89,89,88,89,88,84,77,77,72,71,71,73,70,72,70,64,61,57,56,59,56,54,50,53,53,49,47,45,49,51,51,50,52,45,44,46,46,41,43,36,37,34,35,35,32,32,30,30,31,29,29,24,22,21,25,20,19,19,21,22,20,19,18,18,19,18,16,15,13,11,11,11,9,12,13,13,11,15,11,9,8,10,9,8,9,15,15,14,14,14,12,10,11,10,10,10,8,10,10,9,7,5,6,5,4,4,5,6,8,6,5,4,2,3,3,3,2,2,2,1,1,2,2,3,2,2,0,2,1,1,1,1,1,2,2,2,2,2,2,1,1,1,2,1,1,1,1,1,2,1,1,1,1,1,2,1,1,1,1,1,1,1,1,1,1,1,1,1,1,3,3,2,2,2,2,2,1,1,1,0,0,0,0,0,0,0,0,
87,59,56,59,60,57,53,52,56,65,67,78,82,97,105,114,119,116,109,125,127,144,145,147,134,138,138,138,135,134,137,127,125,130,118,118,110,105,107,102,93,96,98,91,90,87,78,76,72,70,66,59,57,53,48,40,43,40,44,46,48,47,46,46,38,41,34,30,28,25,25,27,23,24,25,28,29,24,20,20,23,23,20,20,22,19,17,18,20,22,20,17,19,15,12,11,8,8,6,7,8,8,10,10,8,7,7,6,5,5,5,6,5,5,6,6,6,5,7,5,4,4,2,2,1,1,1,1,1,1,1,1,1,1,1,1,1,1,1,0,0,0,0,0,0,0,0,0,0,0,0,0,0,0,0,0,0,0,0,0,0,0,0,0,0,0,0,0,0,0,0,0,0,0,0,0,0,0,0,0,0,0,0,0,0,0,0,0,0,0,0,0,0,0,0,0,0,0,0,0,0,0,0,0,0,0,0,0,0,0,0,0,0,0,0,0,0,0,0,0,0,0,0,0,0,0,0,0,0,0,0,0,0,0,0,0,0,0,0,0,0,0,0,0,0,0,0,0,0,0,0,0,0,0,0,0,0,0,0,0,0,0,0,0,0,0,0,0,0,0,0,0,0,0,0,0,0,0,0,0,0,0,0,0,0,0,0,0,0,0,0,0,0,0,0,0,0,0,0,0,0,0,0,0,0,0,0,0,0,0,0,0,0,0,0,0,0,0,0,0,0,0,0,0,0,0,0,0,0,0,0,0,0,0,0,0,0,0,0,0,0,0,0,0,
87,54,52,55,51,57,54,60,64,65,75,75,79,87,101,108,111,118,139,142,138,156,164,162,163,173,164,151,155,150,143,133,137,130,121,118,125,122,114,116,122,125,117,114,111,105,102,103,108,102,87,96,91,85,93,93,84,80,81,78,78,78,71,66,66,60,64,64,66,62,59,53,56,52,55,52,53,56,55,52,49,48,48,47,50,49,52,53,52,50,51,49,47,44,46,44,43,43,39,39,42,41,42,38,32,31,28,28,30,28,26,27,27,27,25,23,25,27,27,26,27,25,21,21,24,24,23,25,22,22,20,22,14,16,17,18,14,13,15,15,14,14,16,17,16,16,17,16,14,14,14,12,13,11,11,9,9,8,10,9,9,8,9,8,8,9,11,6,5,5,5,5,5,5,5,5,6,7,7,7,7,8,7,7,6,6,6,5,4,4,5,5,4,5,5,5,4,4,4,4,4,4,7,6,5,5,6,7,7,8,7,6,7,7,7,6,7,9,9,7,6,6,7,6,6,6,7,7,4,7,7,7,7,8,8,7,6,5,7,6,5,6,6,6,6,7,6,7,8,8,7,5,6,5,5,5,5,7,7,3,3,2,1,1,1,0,0,0,0,0,0,0,0,0,0,0,0,0,0,0,0,0,0,0,0,0,0,0,0,0,0,0,0,0,0,0,0,0,0,0,0,0,0,0,0,0,0,0,0,0,0,0,0,0,0,0,0,0,0,0,0,0,0,0,0,0,0,0,0,0,0,0,0,0,0,0,0,0,0,0,0,0,0,0,0,0,0,0,0,0,0,0,0,0,
94,66,66,57,56,58,62,66,69,71,83,82,85,90,90,107,113,113,124,135,135,133,142,147,162,161,156,155,148,155,160,164,155,149,159,148,148,147,147,122,120,124,126,127,120,117,114,116,107,103,105,101,96,96,88,87,82,81,80,80,91,86,85,77,74,71,73,64,67,66,66,57,55,54,54,53,51,44,50,52,47,47,43,43,45,38,47,46,44,44,42,38,36,31,31,28,27,28,30,27,29,31,28,26,25,25,25,25,24,24,20,22,20,18,17,18,17,17,15,14,13,13,13,12,14,12,12,13,13,11,8,9,12,10,9,7,7,5,6,5,5,6,5,7,7,6,7,7,6,6,6,6,5,5,4,4,3,3,3,4,2,3,1,1,1,1,1,1,1,1,1,1,1,1,1,0,0,0,0,0,0,0,0,0,0,0,0,0,0,0,0,0,0,0,0,0,0,0,0,0,0,0,0,0,0,0,0,0,0,0,0,0,0,0,0,0,0,0,0,0,0,0,0,0,0,0,0,0,0,0,0,0,0,0,0,0,0,0,0,0,0,0,0,0,0,0,0,0,0,0,0,0,0,0,0,0,0,0,0,0,0,0,0,0,0,0,0,0,0,0,0,0,0,0,0,0,0,0,0,0,0,0,0,0,0,0,0,0,0,0,0,0,0,0,0,0,0,0,0,0,0,0,0,0,0,0,0,0,0,0,0,0,0,0,0,0,0,0,0,0,0,0,0,0,0,0,0,0,0,0,0,0,0,0,0,0,0,0,0,0,0,0,0,0,0,0,0,0,0,0,0,0,0,0,0,0,0,0,0,0,0,0,0,0,0,0,0,0,0,0,0,0,0,0,0,0,0,0,0,0,0,0,0,0,0,0,0,0,0,0,0,0,0,0,0,0,0,0,0,0,0,0,0,0,0,0,0,0,0,0,0,0,0,0,0,0,0,0,0,0,0,0,0,0,0,0,0,0,0,0,0,0,0,0,
90,49,47,42,47,48,41,48,48,54,67,83,78,84,88,96,109,120,121,124,138,137,150,147,134,134,138,137,140,131,133,130,126,125,123,124,120,109,114,109,111,103,101,106,97,96,89,86,81,75,75,72,70,67,67,73,76,72,68,71,75,70,64,59,61,65,64,64,54,47,43,43,40,33,37,30,28,27,25,20,19,17,18,21,23,23,22,17,21,21,18,18,23,19,18,16,17,17,16,14,9,12,10,9,9,9,8,10,11,10,9,11,9,8,8,8,9,11,11,11,10,12,11,10,8,8,8,8,8,8,7,5,5,4,5,5,7,7,6,6,6,6,4,4,2,3,2,2,3,2,1,2,1,0,0,1,1,0,0,0,0,0,0,0,0,0,0,0,0,0,0,0,0,0,0,0,0,0,0,0,0,0,0,0,0,0,0,0,0,0,0,0,0,0,0,0,0,0,0,0,0,0,0,0,0,0,0,0,0,0,0,0,0,0,0,0,0,0,0,0,0,0,0,0,0,0,0,0,0,0,0,0,0,0,0,0,0,0,0,0,0,0,0,0,0,0,0,0,0,0,0,0,0,0,0,0,0,0,0,0,0,0,0,0,0,0,0,0,0,0,0,0,0,0,0,0,0,0,0,0,0,0,0,0,0,0,0,0,0,0,0,0,0,0,0,0,0,
89,63,56,54,53,56,60,63,70,69,78,80,86,91,110,111,121,134,133,138,142,155,169,161,156,150,150,147,148,155,147,142,127,127,131,123,122,116,121,116,105,97,95,100,96,96,90,79,85,74,85,88,86,85,78,79,72,70,68,70,71,63,65,62,63,56,57,52,55,48,48,49,44,40,39,36,35,32,30,29,30,30,31,29,25,29,29,27,25,23,22,30,33,29,25,26,23,28,25,22,22,23,22,24,20,19,19,19,19,20,19,20,21,22,21,18,18,16,18,18,18,17,18,15,12,12,13,15,14,11,12,14,11,9,8,9,8,8,7,6,8,8,7,9,5,4,4,5,5,5,5,5,5,5,5,4,3,3,2,3,4,3,3,4,5,4,6,6,7,3,4,4,3,3,3,3,4,4,4,4,4,4,4,3,3,5,5,7,5,4,4,4,5,5,5,5,4,4,4,4,4,3,3,3,3,5,3,3,4,2,1,0,0,0,0,0,0,0,0,0,0,0,0,0,0,0,0,0,0,0,0,0,0,0,0,0,0,0,0,0,0,0,0,0,0,0,0,0,0,0,0,0,0,0,0,0,0,0,0,0,0,0,0,0,0,0,0,0,0,0,0,0,0,
81,59,47,48,56,58,59,59,60,72,75,82,88,104,111,114,124,131,142,150,155,168,171,166,155,150,142,151,149,141,137,128,123,120,114,110,102,99,96,95,96,95,96,87,86,92,95,95,90,88,80,84,85,80,83,72,62,72,67,65,59,53,52,54,56,51,51,53,51,52,52,49,48,53,50,48,45,42,43,39,40,42,41,43,38,35,31,30,31,31,33,27,24,26,21,23,17,18,15,15,16,17,17,20,18,17,17,18,21,19,19,20,21,20,18,15,14,15,15,14,16,15,12,12,15,12,12,9,10,11,12,10,8,7,8,8,9,7,8,9,8,7,6,7,5,5,5,4,4,4,4,4,3,3,3,3,3,3,3,4,4,4,6,6,6,7,7,7,7,8,9,7,9,9,7,3,3,3,3,2,2,2,4,5,3,5,5,3,2,2,1,1,1,1,1,1,1,1,1,1,1,1,1,1,1,0,0,0,0,0,0,0,0,0,0,0,0,0,0,0,0,0,0,0,0,0,0,0,0,0,0,0,0,0,0,0,0,0,0,0,0,0,0,0,0,0,0,0,
74,51,48,42,46,48,42,40,45,46,54,53,63,65,65,64,70,69,76,72,81,90,92,88,93,102,104,94,97,84,77,86,74,73,65,60,54,57,60,57,60,55,55,54,55,57,58,60,54,52,48,47,47,41,39,43,39,32,29,29,27,31,31,32,32,27,29,29,31,27,25,22,24,24,21,20,19,17,17,15,14,15,19,17,17,18,15,13,10,7,7,8,5,6,6,4,4,4,7,7,6,7,7,8,10,12,11,11,9,8,9,8,10,12,10,9,9,9,8,6,6,7,8,6,4,3,2,5,3,4,4,4,4,4,4,4,5,5,6,6,7,6,6,6,6,6,7,6,6,6,6,5,5,5,4,4,4,4,3,4,3,3,3,3,3,3,3,3,3,3,3,2,2,2,2,3,3,3,3,3,3,3,3,2,2,2,2,1,1,1,1,1,1,0,0,0,0,0,0,0,0,0,0,0,0,0,0,0,0,0,1,1,2,2,2,1,1,2,2,2,2,2,1,1,1,0,0,0,0,0,0,0,0,0,0,0,0,0,0,0,0,0,0,0,0,0,0,0,0,0,0,
91,66,50,46,49,50,55,61,65,69,71,70,72,70,76,90,98,114,107,120,116,114,119,115,106,104,114,105,96,93,96,89,97,94,90,83,86,88,89,85,74,73,72,78,75,77,72,71,76,71,72,69,70,73,69,65,65,58,60,61,54,56,52,44,46,45,46,49,49,52,46,48,47,41,46,43,46,49,46,45,44,40,43,41,44,42,41,37,37,40,39,36,37,36,32,30,30,28,28,29,27,27,29,25,25,25,23,21,19,21,23,22,21,20,20,18,20,22,22,22,24,22,22,21,17,18,21,25,26,26,27,25,25,21,19,19,18,18,17,17,15,14,13,13,11,11,12,9,10,10,10,11,14,12,11,9,8,9,8,8,8,8,8,8,5,4,6,6,6,5,3,2,2,1,1,3,3,3,3,3,4,4,2,2,2,2,2,2,2,4,4,4,3,3,1,2,3,3,2,3,4,4,4,3,2,2,1,2,2,1,2,1,1,2,2,2,3,3,3,2,1,1,1,0,0,0,0,0,0,0,0,0,0,0,0,0,0,0,0,0,0,0,0,0,0,0,0,0,0,0,0,0,0,0,0,0,0,0,0,0,0,0,0,0,0,0,0,0,0,0,0,0,0,0,0,0,0,0,
82,54,50,47,47,54,49,52,62,59,67,78,89,89,97,99,101,112,114,115,126,124,134,132,139,142,146,146,138,134,128,127,125,120,123,106,107,110,111,110,102,100,98,99,104,102,100,100,94,92,91,88,85,88,90,89,84,93,85,86,91,81,83,78,72,74,67,65,62,65,64,69,60,61,65,64,63,62,53,52,47,48,48,50,41,41,39,42,37,36,34,34,34,33,29,29,25,24,25,16,17,16,17,18,17,20,15,13,10,12,13,11,12,12,9,9,10,8,11,10,11,11,12,12,10,8,7,5,5,5,3,4,2,2,2,2,3,3,5,6,4,3,2,3,3,2,2,1,2,3,3,1,1,2,1,1,1,2,2,2,2,2,2,2,2,2,3,2,1,1,1,1,1,1,1,1,1,1,1,1,1,2,2,2,0,0,0,0,0,0,0,0,0,0,0,0,0,0,0,0,0,0,0,0,0,0,0,0,0,0,0,0,0,0,0,0,0,0,0,0,0,0,0,0,0,0,0,0,0,0,0,0,0,0,0,0,0,0,0,0,0,0,0,0,0,0,0,0,0,0,0,0,0,0,0,0,0,0,0,0,0,0,0,0,0,0,0,0,0,0,0,0,0,0,0,0,0,
85,56,48,48,49,50,52,55,59,64,83,88,81,91,97,100,95,93,94,107,110,117,112,122,129,130,129,128,123,122,126,140,143,132,134,125,129,122,113,110,109,108,103,88,85,75,72,76,69,69,63,61,63,64,60,57,61,60,58,52,50,46,43,40,39,40,35,39,36,40,39,35,36,36,35,36,30,27,25,26,29,26,25,18,17,17,15,14,13,15,13,13,15,17,18,19,21,20,19,16,20,21,17,15,14,13,12,12,11,14,14,14,15,14,11,10,10,11,8,9,8,7,9,6,6,9,7,4,3,2,3,4,5,4,5,5,5,5,5,6,6,6,7,6,5,5,5,5,5,7,7,7,5,5,6,6,6,8,8,7,8,7,8,6,6,8,9,7,7,6,9,10,9,10,9,9,11,7,7,6,6,6,6,6,6,7,5,8,7,5,8,6,5,5,6,8,7,7,7,7,8,8,9,7,5,3,4,5,5,3,3,3,2,2,1,1,0,0,0,0,0,0,0,0,0,0,0,0,0,0,0,0,0,0,0,0,0,0,0,0,0,0,0,0,0,0,0,0,0,0,0,0,0,0,0,0,0,0,0,0,0,0,0,0,0,0,0,0,0,0,0,0,0,0,0,0,0,0,0,0,0,0,0,0,0,0,0,0,0,0,0,0,0,0,0,0,0,0,
83,62,66,57,50,56,55,53,57,59,55,60,70,71,73,80,80,86,92,91,96,101,109,111,115,107,114,116,116,116,97,96,91,92,93,91,83,74,73,72,72,67,66,68,61,61,65,69,71,64,66,62,70,69,72,73,67,64,68,68,62,56,59,55,53,51,43,36,39,35,39,38,39,37,34,35,33,33,29,28,31,26,29,26,23,24,24,24,22,25,25,21,19,17,18,19,19,16,15,17,18,15,15,13,15,17,13,14,14,14,14,15,15,15,14,13,12,9,11,12,9,9,9,8,10,9,8,9,10,7,7,8,8,9,8,7,7,7,7,7,11,9,8,6,4,5,6,4,4,4,5,7,7,7,7,7,6,8,8,7,6,5,4,4,5,3,4,3,3,3,2,3,2,2,2,3,1,1,1,1,1,1,1,2,3,3,3,2,2,2,2,2,2,4,4,5,5,4,4,3,3,3,3,4,3,3,2,2,2,1,1,1,1,1,1,1,1,1,2,2,2,1,4,4,4,4,4,2,3,4,3,2,3,3,3,3,4,3,2,3,2,2,2,2,2,2,3,2,2,1,1,1,1,0,0,0,0,1,1,0,0,0,0,0,0,0,0,0,0,0,0,0,0,0,0,0,0,0,0,0,0,0,0,0,0,0,0,0,0,0,0,0,0,0,0,0,0,0,0,0,0,0,0,0,0,0,0,0,0,0,0,0,0,0,0,0,0,0,
88,67,68,59,58,60,65,65,69,81,81,88,92,99,101,104,102,108,111,133,144,145,156,157,153,141,144,145,152,143,151,148,144,143,144,132,126,121,120,115,111,115,114,110,108,106,107,106,108,105,102,103,99,97,92,82,80,79,75,76,70,75,75,76,68,72,69,61,55,54,54,55,54,49,50,53,52,47,45,42,37,36,32,32,31,29,31,26,28,25,25,26,20,17,13,18,18,17,17,17,16,17,15,11,11,12,13,14,13,15,14,14,15,14,14,12,13,16,15,14,13,13,11,10,10,9,8,6,7,6,5,5,5,4,5,7,5,5,6,5,4,6,6,4,5,6,5,4,4,4,4,3,3,3,5,6,5,5,5,3,1,1,1,1,1,1,1,1,1,1,2,3,3,3,3,2,2,2,1,1,1,1,1,1,1,1,1,1,2,2,2,2,2,1,1,1,1,0,0,0,0,0,0,0,0,0,0,0,0,0,0,0,0,0,0,0,0,0,0,0,0,0,0,0,0,0,0,0,0,0,0,0,0,0,0,0,0,0,0,0,0,0,0,0,
89,62,54,57,58,65,56,62,59,60,70,75,76,80,87,90,92,103,118,132,139,141,130,129,125,127,132,127,122,107,114,110,109,108,106,99,99,95,98,104,101,108,106,97,87,80,75,71,69,67,70,77,82,79,81,78,74,67,70,69,61,65,62,62,62,58,56,50,58,59,51,48,48,47,47,44,42,39,39,36,31,32,30,26,29,29,26,23,25,22,27,25,27,26,25,25,25,23,27,27,29,25,25,23,26,24,23,19,17,19,17,15,17,15,12,10,10,12,14,16,13,14,13,11,9,12,11,10,14,12,10,7,8,9,10,12,14,11,12,12,14,12,11,9,7,6,7,8,6,7,6,7,5,4,5,7,7,6,5,4,5,5,5,5,6,4,3,4,2,2,1,1,2,2,1,1,1,1,2,2,3,4,4,1,1,2,2,1,1,2,2,1,1,1,1,0,0,0,1,1,1,1,1,1,1,1,1,0,0,0,0,0,0,0,0,0,0,0,0,0,0,0,0,0,0,0,0,0,0,0,0,0,0,0,0,0,0,0,0,0,0,0,0,0,0,0,0,0,0,0,0,0,0,0,0,0,0,0,0,0,0,0,0,0,0,0,0,0,0,0,0,0,0,0,0,0,0,
90,60,57,51,54,66,70,70,76,84,88,102,101,96,102,111,124,130,141,157,172,174,182,173,160,151,149,140,139,132,128,129,138,134,130,134,126,126,122,117,116,117,108,112,111,109,105,106,99,93,91,92,86,79,79,82,81,77,81,82,72,70,63,63,58,62,59,58,57,55,54,60,61,58,54,54,52,50,48,49,50,50,53,57,51,55,51,46,47,48,45,45,47,46,46,45,42,38,41,39,39,45,46,33,35,36,31,32,32,29,32,26,25,24,25,26,30,30,32,30,32,32,34,34,33,32,31,33,35,30,27,20,20,18,20,19,20,17,13,11,12,13,11,11,12,10,7,7,8,10,8,7,9,8,6,6,6,6,5,5,4,5,5,4,4,4,2,3,3,3,4,4,4,3,3,2,2,3,3,3,3,3,3,3,3,3,2,4,4,4,4,4,3,2,2,2,2,2,2,3,2,2,2,2,2,2,2,2,1,1,1,1,2,1,2,2,2,2,1,1,1,1,1,1,1,1,0,0,0,1,1,2,2,1,1,1,1,2,0,0,0,0,0,0,0,0,0,0,0,0,0,0,0,0,0,0,0,0,0,0,0,0,0,
93,65,61,63,50,56,58,66,60,55,60,66,71,78,82,85,89,90,92,105,110,105,111,118,123,122,128,113,107,113,104,103,106,107,107,106,100,100,97,104,94,84,89,89,89,82,81,71,66,70,71,70,62,61,57,60,58,56,52,50,55,62,60,56,59,55,48,50,50,46,40,44,41,45,43,40,37,36,36,33,32,27,27,28,29,32,32,28,27,27,29,27,26,21,21,25,26,25,21,21,20,19,17,21,18,14,18,17,16,17,14,14,15,14,14,13,9,8,9,10,11,12,14,12,10,12,9,8,5,6,7,6,6,5,5,3,4,5,4,4,4,2,2,2,2,2,2,3,2,2,2,3,4,4,3,3,4,4,4,4,3,3,4,3,4,2,2,2,1,2,2,2,1,2,1,0,0,0,0,0,0,0,0,0,0,0,0,0,0,0,0,0,0,0,0,0,0,0,0,0,0,0,0,0,0,0,0,0,0,0,0,0,0,0,0,0,0,0,0,0,0,0,0,0,0,0,0,0,0,0,0,0,0,0,0,0,0,0,0,0,0,0,0,0,0,0,0,0,0,0,0,0,0,0,0,0,0,0,0,0,0,0,0,0,0,0,0,0,0,0,0,0,0,0,0,0,0,0,0,0,0,0,0,0,0,0,0,0,0,0,0,0,0,0,0,0,0,0,0,0,0,0,0,0,0,0,0,0,0,0,0,0,0,0,0,0,0,0,0,0,0,0,0,0,0,0,0,0,0,0,0,0,0,0,0,0,0,0,0,0,0,0,0,0,0,0,0,0,0,0,0,0,0,0,0,0,0,0,0,0,0,0,0,0,0,0,0,0,0,0,0,0,0,0,0,0,0,0,0,0,0,0,0,0,0,0,0,0,0,0,0,0,0,0,0,0,0,0,0,0,0,0,0,0,0,0,0,0,0,0,0,0,0,0,0,0,0,0,0,0,0,0,0,0,0,0,0,0,0,0,0,0,0,0,0,0,0,0,0,0,0,
88,60,48,45,45,47,52,59,62,66,60,63,70,81,81,86,84,88,95,100,103,101,117,118,111,111,106,95,103,97,93,89,91,91,89,79,81,86,78,80,85,72,73,77,76,76,76,77,81,80,86,82,85,81,78,74,66,62,61,61,58,57,60,55,50,50,51,48,44,42,31,34,35,40,40,38,39,41,35,30,31,32,33,33,31,30,25,27,26,25,22,22,23,19,22,21,19,22,20,19,15,16,15,15,14,11,8,8,7,6,8,5,7,6,5,4,6,5,5,3,3,2,2,4,7,3,3,4,2,1,1,1,1,1,1,1,1,0,0,0,0,0,0,0,0,0,0,0,0,0,0,0,0,0,0,0,0,0,0,0,0,0,0,0,0,0,0,0,0,0,0,0,0,0,0,0,0,0,0,0,0,0,0,0,0,0,0,0,0,0,0,0,0,0,0,0,0,0,0,0,0,0,0,0,0,0,0,0,0,0,0,0,0,0,0,0,0,0,0,0,0,0,0,0,0,0,0,0,0,0,0,0,0,0,0,0,0,0,0,0,0,0,0,0,0,0,0,0,0,0,0,0,0,0,0,0,0,0,0,0,0,0,0,0,0,0,0,0,0,0,0,0,0,0,0,0,0,0,0,0,0,0,0,0,0,0,0,0,0,0,0,0,0,0,0,0,0,0,0,0,0,0,0,0,0,0,0,0,0,0,
97,71,70,75,69,71,64,73,80,89,104,105,108,115,123,143,167,169,165,183,195,196,199,196,194,192,196,188,181,176,190,178,169,152,144,145,141,138,135,134,131,120,120,117,114,120,119,117,110,106,106,110,109,96,88,82,81,80,74,77,80,70,63,60,60,60,53,55,58,56,53,59,56,62,57,60,66,62,68,64,58,58,58,58,52,51,49,44,44,40,43,42,38,36,36,36,36,40,40,36,34,35,36,36,35,28,30,31,31,31,27,23,19,18,20,22,25,23,20,20,20,19,17,16,19,17,18,18,18,16,12,12,13,15,14,13,10,10,11,11,12,12,11,9,7,7,7,9,7,7,7,7,7,6,6,6,7,9,7,7,7,6,6,7,6,6,5,6,5,5,6,7,8,6,6,7,7,5,6,6,6,6,5,5,4,4,4,4,3,4,4,5,5,3,5,4,4,4,3,1,1,1,1,1,1,1,1,1,1,2,2,1,1,1,1,1,1,1,1,1,1,1,1,1,1,2,1,1,1,1,1,1,1,1,1,1,1,1,1,1,1,1,1,1,1,1,1,1,1,1,1,0,0,0,0,0,0,0,0,0,0,0,0,0,0,0,0,0,0,0,0,0,0,0,0,0,0,0,0,0,0,0,0,
77,52,46,42,44,46,50,51,52,53,56,56,67,67,66,69,82,80,92,103,107,107,124,121,110,112,108,111,110,115,112,117,118,115,107,115,113,103,96,90,95,92,77,75,74,74,78,67,64,57,60,60,58,56,51,49,56,56,51,54,47,43,47,45,44,41,40,39,41,39,36,36,35,32,34,32,28,28,26,22,27,26,22,21,21,15,15,20,19,23,26,28,23,22,18,16,16,16,17,17,15,15,15,15,16,17,18,16,19,19,20,19,17,16,15,11,11,9,9,8,8,9,8,8,11,9,8,8,7,6,6,6,8,8,7,7,6,5,5,5,5,5,4,6,6,6,7,7,6,5,5,3,4,3,3,3,2,2,2,2,2,2,2,2,2,2,3,3,3,3,2,3,4,3,5,5,5,6,4,3,3,3,3,3,3,3,3,5,5,5,6,6,6,6,7,6,7,7,11,9,6,6,5,5,4,4,3,3,4,5,5,3,3,3,2,2,3,1,1,1,2,2,2,2,2,2,2,2,2,2,2,2,2,2,1,1,1,1,1,1,1,1,1,1,1,1,1,1,2,2,2,2,2,2,3,3,3,3,3,4,4,5,4,6,6,6,5,3,3,5,4,4,5,5,6,6,6,5,5,4,3,2,3,3,4,4,4,4,4,3,2,4,3,2,1,1,1,4,3,3,3,3,3,2,2,1,1,1,1,1,1,1,1,1,0,0,0,0,1,
90,66,52,46,48,50,56,61,62,64,67,74,70,79,83,84,86,83,79,92,102,104,108,105,97,91,88,90,81,88,87,95,96,91,93,86,88,85,87,74,73,75,70,67,65,73,69,67,62,67,64,59,54,46,46,49,43,42,41,38,42,42,41,37,36,39,37,28,29,27,35,32,32,32,32,29,27,25,24,22,21,21,19,18,19,19,16,23,21,17,21,20,18,18,15,11,9,8,8,7,8,8,8,6,5,7,4,7,8,7,7,8,8,8,8,6,6,7,5,4,6,7,8,8,11,9,8,6,7,8,6,6,5,4,9,9,9,9,7,7,7,8,5,7,8,6,5,5,4,4,3,2,2,2,3,4,5,5,4,3,4,3,3,1,2,2,2,0,1,0,0,0,0,0,0,0,0,0,0,0,0,0,0,0,0,0,0,0,0,0,0,0,0,0,0,0,0,0,0,0,0,0,0,0,0,0,0,0,0,0,0,0,0,0,0,0,0,0,0,0,0,0,0,0,0,0,0,0,0,0,0,0,0,0,0,0,0,0,0,0,0,0,0,0,0,0,0,0,0,0,0,0,0,0,0,0,0,0,0,0,0,0,0,0,0,0,0,0,0,0,0,0,0,0,
85,58,55,51,51,62,52,44,57,58,63,62,75,76,80,81,85,86,91,100,112,114,123,129,128,134,138,140,126,125,126,122,117,113,122,118,118,116,115,117,117,115,123,118,111,104,107,105,98,99,95,97,92,99,100,98,97,92,88,92,93,98,92,84,82,81,79,76,74,66,71,71,63,64,68,60,64,63,61,60,51,51,48,46,45,42,44,44,39,40,43,43,38,40,38,37,35,34,34,35,31,32,28,26,24,23,23,23,24,19,23,21,24,23,22,24,22,21,17,16,15,15,14,15,16,18,13,15,17,16,16,15,13,12,11,8,9,6,6,6,7,5,6,5,6,8,7,10,9,8,8,8,9,8,8,7,7,6,5,7,6,5,4,6,4,3,3,3,3,2,1,2,3,3,3,2,2,2,1,1,1,1,1,0,0,0,1,0,0,0,0,0,0,0,0,0,0,0,0,0,0,0,0,0,0,0,0,0,0,0,0,0,0,0,0,0,0,0,0,0,0,0,0,0,0,0,0,0,0,0,0,0,0,0,0,0,0,0,0,0,0,0,0,0,0,0,0,0,0,0,0,0,0,0,0,0,0,0,0,0,0,0,0,0,0,0,0,0,0,0,0,0,0,0,
88,71,60,54,52,57,64,69,74,80,88,84,88,107,117,120,135,139,145,143,157,162,168,172,166,169,170,165,168,167,151,159,153,135,121,113,111,114,115,108,107,99,97,91,92,90,99,108,104,102,98,103,98,95,93,91,97,93,85,79,79,75,79,87,83,85,76,75,80,80,84,82,79,77,71,73,71,62,61,59,54,56,58,51,51,51,49,47,43,43,45,46,40,41,42,39,37,31,30,32,29,28,28,29,23,24,24,23,26,24,25,25,25,23,22,20,18,19,19,27,25,24,27,23,23,20,17,17,16,16,16,21,22,21,20,20,23,23,21,21,19,20,22,18,14,16,18,17,16,14,14,15,16,13,12,11,11,11,10,12,11,10,11,10,10,9,7,8,8,9,8,9,13,13,12,11,10,10,9,10,9,9,8,7,7,6,4,5,6,4,3,4,4,4,4,6,6,5,5,5,6,6,5,5,5,5,5,5,6,6,6,6,5,3,3,5,4,4,3,1,1,1,0,0,0,0,0,0,0,0,0,0,0,0,0,0,0,0,0,0,0,0,0,0,0,0,0,0,0,0,0,0,0,0,0,0,0,0,0,0,0,0,0,0,0,0,0,0,0,0,0,0,0,0,
80,55,49,43,39,45,44,44,45,44,54,62,63,63,64,73,89,83,78,84,79,82,81,86,88,87,82,83,90,84,75,76,81,79,65,74,74,68,68,69,67,65,59,58,58,50,51,47,44,45,42,39,43,37,32,36,35,36,42,42,45,43,46,43,45,41,36,36,32,29,26,27,25,24,22,20,21,20,20,21,21,25,20,17,18,18,18,21,25,25,21,19,20,18,19,15,15,18,16,17,16,14,12,17,16,15,10,8,8,11,10,9,10,13,8,7,8,9,12,12,10,11,9,7,6,7,6,6,5,7,9,8,9,10,8,8,8,9,11,9,7,6,7,4,3,4,5,5,5,4,3,2,2,2,2,2,2,2,2,2,2,2,2,2,2,1,1,1,1,1,1,2,3,2,2,2,2,4,4,2,3,3,1,0,0,1,0,0,0,1,0,0,0,0,0,0,0,0,0,0,0,0,0,0,0,0,0,0,0,0,0,0,0,0,0,0,0,0,0,0,0,0,0,0,0,0,0,0,0,0,0,0,0,0,0,0,0,0,0,0,0,0,0,0,0,0,0,0,0,0,0,0,0,0,0,0,0,0,0,0,0,0,0,0,0,0,0,0,0,0,0,0,0,0,0,0,0,0,0,0,0,0,0,0,0,0,0,0,0,0,0,0,0,0,0,0,0,0,0,0,0,0,0,0,0,0,0,0,0,0,0,0,0,0,0,0,0,0,0,0,0,0,
79,64,49,45,45,41,43,46,50,55,52,51,50,51,58,63,60,61,64,69,71,67,76,70,69,66,68,68,65,58,59,58,60,56,51,52,56,57,52,48,50,49,47,50,60,54,49,53,48,45,47,44,42,44,45,43,42,39,29,28,29,34,31,33,35,35,32,35,26,28,29,31,28,28,29,29,30,25,23,26,23,28,23,21,21,24,21,18,16,12,14,11,13,11,9,8,10,10,10,10,9,9,9,11,9,9,11,11,11,12,10,10,9,8,9,11,8,7,9,6,6,5,4,5,5,6,6,6,6,7,7,7,5,6,6,5,6,6,6,5,6,6,4,4,4,4,4,4,5,4,3,4,4,5,5,5,4,2,2,2,2,2,2,2,3,2,2,2,2,2,2,2,1,0,0,0,0,0,0,0,0,0,0,0,0,0,0,0,0,0,0,0,0,0,0,0,0,0,0,0,0,0,0,0,0,0,0,0,0,0,0,0,0,0,0,0,0,0,0,0,0,0,0,0,0,0,0,0,0,0,0,0,0,0,0,0,0,0,0,0,0,0,0,0,0,0,0,0,0,0,0,0,0,0,0,0,0,0,0,0,0,0,0,0,0,0,0,0,0,0,0,0,0,0,0,0,0,0,0,0,0,0,0,0,0,0,0,0,0,0,0,0,0,0,0,0,0,0,0,0,0,0,0,0,0,0,0,0,0,0,0,0,0,0,0,0,0,0,0,0,0,0,
86,58,44,40,40,40,42,49,51,59,60,70,74,78,77,88,94,95,97,121,122,121,128,133,136,129,136,128,119,123,121,116,109,114,117,122,113,111,110,112,113,104,104,95,88,79,75,74,76,67,69,71,75,72,71,73,71,70,69,61,56,57,56,56,56,59,56,44,45,45,46,41,41,35,37,38,44,46,45,45,42,40,32,29,25,31,36,33,37,31,31,26,29,32,33,29,25,25,25,25,28,29,26,26,26,29,24,24,24,20,18,21,19,19,20,22,18,16,18,17,18,16,15,16,16,17,16,15,15,15,16,15,17,15,16,15,10,8,8,9,11,11,12,10,10,11,9,8,8,9,8,6,6,5,5,4,4,4,3,3,3,3,4,3,3,4,4,5,5,6,6,8,6,5,5,6,6,5,5,5,6,6,5,5,6,5,5,5,7,8,8,6,6,5,4,5,4,4,4,3,3,3,3,3,4,3,3,4,3,3,2,2,2,3,3,3,2,2,3,2,1,0,0,0,0,0,0,0,0,0,0,0,0,0,0,0,0,0,0,0,0,0,0,0,0,0,0,0,0,0,0,0,0,0,0,0,0,
96,65,52,49,48,47,46,52,59,57,67,70,77,82,88,81,87,90,106,118,132,144,148,149,158,172,167,154,149,151,161,170,156,146,142,146,141,135,125,130,127,120,124,120,120,121,113,102,103,96,96,105,109,114,107,111,108,106,110,113,108,98,83,84,84,95,96,91,85,87,81,82,83,74,72,75,75,75,83,76,77,76,68,68,69,68,60,53,50,54,52,46,37,40,44,48,45,39,36,35,36,34,29,28,27,29,33,36,31,26,24,26,28,25,25,25,30,26,27,29,28,27,29,25,26,23,22,27,25,26,25,25,24,24,22,17,18,21,20,20,20,19,17,19,24,21,17,16,15,12,13,12,12,10,10,9,9,12,12,12,14,13,11,11,12,9,6,10,9,9,8,11,10,10,10,11,13,11,10,9,8,8,7,6,5,5,4,3,2,3,4,3,2,2,3,2,2,2,3,2,2,1,1,1,1,1,1,1,0,0,0,0,0,0,0,0,0,0,0,0,0,0,0,0,0,0,0,0,0,0,0,0,0,0,0,0,
94,58,49,43,47,45,44,47,63,68,71,75,84,92,104,106,115,121,118,119,115,125,126,131,124,122,123,118,115,125,115,126,110,106,100,97,109,94,98,95,98,95,87,83,76,77,79,84,73,78,72,72,69,63,63,65,67,61,54,47,53,50,51,43,41,42,41,41,36,38,35,35,40,40,39,38,37,37,37,36,33,30,31,31,27,21,23,27,28,23,23,21,19,18,16,13,12,11,12,12,13,12,10,8,14,12,12,12,11,12,12,9,8,8,10,9,10,10,8,7,8,7,7,7,5,6,3,3,3,3,2,2,2,2,2,2,2,2,2,1,3,3,2,2,2,2,2,2,2,1,1,0,0,0,0,0,0,0,0,0,0,0,0,0,0,0,0,0,0,0,0,0,0,0,0,0,0,0,0,0,0,0,0,0,0,0,0,0,0,0,0,0,0,0,0,0,0,0,0,0,0,0,0,0,0,0,0,0,0,0,0,0,0,0,0,0,0,0,0,0,0,0,0,0,0,0,0,0,0,0,0,0,0,0,0,0,0,0,0,0,0,0,0,0,0,0,0,0,
90,67,55,52,52,48,47,54,57,59,56,66,70,79,85,81,83,77,92,94,100,115,115,126,118,118,119,122,114,109,116,110,109,109,110,112,106,109,95,101,101,98,93,91,90,93,86,88,87,83,76,80,83,93,89,84,86,82,80,75,71,67,68,71,71,72,67,58,56,54,54,54,57,58,62,57,60,56,52,52,49,51,52,52,48,46,47,46,47,46,42,39,41,37,39,37,38,40,44,44,41,37,37,33,29,33,34,35,33,30,28,26,30,31,32,32,33,33,37,37,35,31,30,28,29,26,24,26,27,24,25,26,25,26,26,23,23,24,25,27,24,25,24,23,25,31,26,25,28,27,26,22,20,22,24,24,22,22,22,21,21,19,16,17,19,19,21,18,18,19,21,26,27,26,27,23,25,28,29,30,25,24,23,22,21,22,22,23,23,24,24,28,25,24,24,26,23,24,27,26,25,25,23,20,18,16,16,13,14,13,12,13,15,15,13,10,13,12,13,13,13,11,12,10,10,9,8,8,8,7,7,7,6,6,8,9,8,8,9,7,5,4,3,4,5,4,5,4,5,4,4,4,4,4,4,4,4,2,2,2,3,3,2,2,1,1,1,1,1,1,1,1,1,1,1,1,1,1,1,1,1,1,1,1,1,1,1,1,2,2,2,2,2,1,1,1,2,2,1,1,1,1,1,1,1,1,1,1,1,1,1,1,1,1,1,1,1,1,
88,55,49,44,42,44,42,37,40,43,43,46,57,62,66,67,70,71,80,79,92,100,110,112,102,100,89,91,86,88,83,89,90,94,87,85,87,88,79,70,75,64,63,69,64,61,59,59,59,54,49,44,50,56,53,48,51,54,50,44,46,39,40,41,41,37,36,33,37,38,38,37,36,35,40,37,33,37,41,42,40,36,37,33,36,36,34,33,34,29,31,29,26,25,28,27,28,26,27,27,26,27,28,27,27,27,22,18,15,18,15,13,14,13,13,12,13,12,12,11,12,10,9,10,9,8,7,5,4,2,3,5,5,4,5,4,5,5,5,3,4,5,5,5,3,5,5,4,4,3,3,3,3,2,2,2,2,3,3,3,3,3,3,3,4,2,2,3,3,2,4,3,5,5,6,6,5,6,4,4,4,2,2,2,3,2,2,1,2,1,1,1,0,0,0,0,0,0,0,0,0,0,0,0,0,0,0,0,0,0,0,0,0,0,0,0,0,0,0,0,0,0,0,0,0,0,0,0,0,0,0,0,0,0,0,0,0,0,0,0,0,0,0,0,0,0,0,0,0,0,0,0,0,0,0,0,0,0,0,0,0,0,0,0,0,0,0,0,0,0,0,0,0,0,0,0,0,0,0,0,0,0,0,0,0,0,0,0,0,0,0,0,0,0,0,0,0,0,0,0,0,0,0,0,0,0,0,0,0,0,0,0,0,0,0,0,0,0,0,0,0,0,0,0,0,0,0,0,0,0,
92,61,55,57,58,68,61,65,66,65,70,74,67,83,86,88,87,94,96,110,113,122,129,138,137,144,149,131,137,148,143,151,143,136,143,137,135,126,117,108,113,106,102,97,97,93,94,85,86,81,78,78,70,64,70,66,70,65,64,72,67,64,62,62,58,55,58,55,55,50,52,47,41,45,44,46,44,42,40,39,39,40,45,43,45,48,49,46,39,32,36,32,30,30,28,23,24,21,24,21,23,22,24,25,27,23,25,23,22,22,24,23,21,18,16,15,19,13,11,10,11,9,9,8,7,8,6,6,7,8,7,6,5,4,7,7,5,5,4,4,5,7,5,4,3,4,4,5,5,6,3,1,0,0,0,0,0,0,0,0,0,0,0,0,0,0,0,0,0,0,0,0,0,0,0,0,0,0,0,0,0,0,0,0,0,0,0,0,0,0,0,0,0,0,0,0,0,0,0,0,0,0,0,0,0,0,0,0,0,0,0,0,0,0,0,0,0,0,0,0,0,0,0,0,0,0,0,0,0,0,0,0,0,0,0,0,0,0,0,0,0,0,0,0,0,0,0,0,0,0,0,0,0,0,0,0,0,0,0,0,0,0,0,0,0,0,0,0,0,0,0,0,0,0,0,0,0,0,0,0,0,0,0,0,0,0,0,0,0,0,0,0,0,0,0,0,0,0,0,0,0,0,0,0,0,0,0,0,0,0,0,0,0,0,0,0,0,0,0,0,0,0,0,0,0,0,0,0,0,0,0,0,0,0,0,0,0,0,0,0,0,0,0,0,0,0,0,0,0,0,0,0,0,0,0,0,0,0,0,0,0,0,0,0,0,0,0,0,0,0,0,0,0,0,0,0,0,0,0,0,0,0,0,0,0,0,0,0,0,0,0,0,0,0,0,0,0,0,0,0,0,0,0,0,0,0,0,0,0,
80,52,50,47,46,41,48,50,58,51,53,56,54,55,56,57,71,69,79,89,86,97,99,106,103,110,105,104,99,92,94,91,89,87,87,86,80,83,83,81,81,78,77,71,74,73,69,63,61,61,64,59,57,53,51,56,50,54,52,52,57,52,47,52,58,57,57,59,55,50,50,46,51,51,49,45,44,43,48,45,40,36,37,34,24,22,20,17,13,13,15,16,15,13,9,9,11,11,13,10,9,8,9,8,6,6,4,4,6,9,8,8,7,9,9,11,10,11,11,10,9,9,6,4,3,3,3,5,6,5,5,7,6,6,5,4,4,4,2,3,3,2,1,1,1,1,2,2,2,2,2,2,2,2,2,1,0,0,0,0,0,0,0,0,0,0,0,0,0,0,0,0,0,0,0,0,0,0,0,0,0,0,0,0,0,0,0,0,0,0,0,0,0,0,0,0,0,0,0,0,0,0,0,0,0,0,0,0,0,0,0,0,0,0,0,0,0,0,0,0,0,0,0,0,0,0,0,0,0,0,0,0,0,0,0,0,0,0,0,0,0,0,0,0,0,0,0,0,0,0,0,0,0,0,0,0,0,0,0,0,0,0,0,0,0,0,0,0,0,0,0,0,0,0,0,0,0,0,0,0,0,0,0,0,0,0,0,0,0,0,0,0,0,0,0,0,0,0,0,0,0,0,0,0,0,0,0,0,0,0,0,0,0,0,0,0,0,0,0,0,0,0,0,0,0,0,0,0,0,0,0,0,0,0,0,
101,74,59,53,53,49,51,44,52,54,52,55,64,73,72,77,85,89,104,114,112,125,124,124,124,116,116,111,113,109,102,96,95,89,88,87,83,83,78,73,75,71,75,72,69,65,61,57,62,52,57,60,71,66,64,69,69,63,62,61,58,55,52,50,47,42,45,43,42,44,42,50,45,46,47,48,45,47,48,46,48,48,46,50,42,42,38,39,33,35,37,41,36,31,31,29,25,27,28,29,29,28,23,20,16,20,20,18,19,22,24,22,19,19,19,20,14,17,15,15,14,14,15,12,15,16,13,11,8,7,7,6,6,4,4,4,4,3,3,1,0,0,0,0,0,0,0,0,0,1,1,1,1,0,0,0,0,0,0,0,0,0,0,0,0,0,0,0,0,0,0,0,0,0,0,0,0,1,1,2,1,1,1,1,1,1,2,2,1,1,1,2,2,2,1,1,1,1,1,1,1,1,1,1,1,1,0,1,1,0,0,0,0,0,0,0,0,0,0,0,0,0,0,0,0,0,0,0,0,0,0,0,0,0,0,0,0,0,0,0,
91,62,57,54,52,57,54,52,52,49,51,55,57,66,67,70,74,78,82,88,81,101,95,108,107,107,110,122,119,118,122,119,115,113,109,94,93,88,95,95,83,88,79,73,74,72,72,74,69,73,74,68,59,61,63,58,58,57,56,56,54,51,50,53,53,54,48,46,43,47,42,50,53,45,47,37,32,33,34,35,37,34,37,34,33,31,25,24,25,24,29,29,26,24,23,27,28,23,22,21,21,22,24,26,25,25,23,23,20,19,18,19,20,17,15,18,21,19,20,22,22,20,19,19,19,18,16,14,15,15,16,21,18,17,18,15,17,17,20,18,15,16,14,11,14,13,13,11,11,13,12,14,11,11,11,10,8,9,12,10,10,10,10,9,7,8,5,5,4,5,4,5,3,3,5,6,6,5,6,6,6,5,4,4,3,4,3,3,4,4,5,5,3,3,3,2,1,2,2,2,2,2,2,2,3,3,3,3,2,3,2,2,2,2,3,3,3,4,3,2,2,2,3,3,3,3,3,3,3,3,2,2,2,2,2,1,2,1,1,1,1,1,2,2,2,2,3,2,2,3,2,2,1,1,1,1,1,1,0,0,0,0,1,1,1,1,1,
90,63,49,51,56,52,54,44,43,53,56,53,50,57,68,74,74,71,71,76,76,79,89,83,87,79,83,91,89,83,79,80,82,76,77,80,78,76,77,75,73,86,86,88,79,74,75,76,78,77,67,72,72,73,69,65,59,58,62,63,75,74,69,67,74,66,63,58,59,65,54,50,55,50,53,51,53,52,51,43,44,40,40,39,37,32,31,32,31,31,28,24,23,23,23,21,20,23,23,26,24,23,21,19,14,13,12,14,15,13,14,15,17,17,15,14,15,16,18,17,15,13,15,16,17,14,10,9,10,10,11,11,9,9,9,9,8,9,7,5,6,7,6,6,7,8,9,7,9,9,10,9,8,8,6,6,6,8,9,7,8,8,7,6,5,4,4,3,3,4,4,3,2,2,3,2,1,2,2,2,2,1,1,1,1,2,2,2,2,2,2,3,2,2,3,3,4,4,3,3,3,3,3,4,5,6,4,3,3,3,3,4,1,1,1,2,2,2,2,2,3,3,4,4,5,5,5,4,4,4,3,3,2,1,1,1,2,2,3,3,2,2,2,2,1,1,1,0,0,0,0,0,0,0,0,0,0,0,0,0,0,0,0,0,0,0,0,0,0,0,0,0,0,0,0,0,0,0,0,0,0,0,0,0,0,0,0,0,0,0,0,0,0,0,0,0,0,
85,52,48,40,36,31,30,32,43,46,43,45,47,57,61,70,75,79,82,77,84,99,95,97,96,86,86,84,83,85,83,83,77,86,84,79,69,68,68,65,71,67,76,76,78,71,71,72,70,55,56,50,46,49,43,44,45,46,42,41,42,43,42,37,40,35,33,32,33,34,27,25,26,26,27,28,26,24,25,26,28,25,22,20,19,18,22,21,22,20,18,22,22,20,22,21,24,21,19,16,16,16,13,11,11,11,12,12,13,13,12,12,12,10,9,8,9,10,8,7,6,6,6,7,6,7,7,8,7,10,8,9,10,9,8,9,9,9,10,9,10,8,8,9,9,8,8,6,6,6,6,4,4,2,4,3,2,2,2,2,2,2,2,2,2,2,2,1,2,2,2,1,1,1,1,1,1,1,1,2,1,1,1,3,3,4,5,4,3,3,3,3,3,3,4,3,2,3,2,2,2,2,3,3,3,4,4,4,5,4,4,5,4,5,4,5,5,3,6,4,4,4,4,4,3,2,3,3,3,3,4,4,3,2,3,3,2,2,2,1,2,2,1,0,0,0,0,0,0,0,0,0,0,0,0,0,0,0,0,0,0,0,0,0,0,0,0,0,0,0,0,0,0,0,0,0,0,0,0,0,0,0,0,0,0,0,0,0,0,0,0,0,0,0,0,0,0,0,0,0,0,0,0,0,0,0,0,0,0,0,0,0,0,0,0,0,0,0,0,0,0,0,0,0,0,0,0,0,0,0,0,0,0,0,0,0,0,0,0,0,0,0,0,0,0,0,
84,59,54,48,44,45,47,49,50,55,51,50,59,66,69,73,79,87,90,97,98,108,107,108,107,109,102,103,100,94,84,81,90,79,77,77,77,69,66,68,62,61,64,68,65,58,60,57,53,54,49,58,59,60,49,44,40,42,42,45,46,43,36,35,35,35,41,34,30,33,34,33,28,28,29,26,29,27,27,27,26,22,20,17,17,23,23,20,18,17,16,16,16,17,18,18,18,14,14,14,16,15,12,12,14,16,14,14,11,11,7,4,5,3,4,4,4,2,2,2,0,0,1,0,0,0,0,0,0,0,0,0,0,0,0,0,0,0,0,0,0,0,0,0,0,0,0,0,0,0,0,0,0,0,0,0,0,0,0,0,0,0,0,0,0,0,0,0,0,0,0,0,0,0,0,0,0,0,0,0,0,0,0,0,0,0,0,0,0,0,0,0,0,0,0,0,0,0,0,0,0,0,0,0,0,0,0,0,0,0,0,0,0,0,0,0,0,0,0,0,0,0,0,0,0,0,0,0,0,0,0,0,0,0,0,0,0,0,0,0,0,
87,66,57,46,45,42,40,41,47,50,53,55,55,58,67,73,80,81,78,81,90,90,99,91,86,98,101,97,98,95,102,85,86,86,87,86,80,87,76,71,65,61,64,53,51,50,55,56,54,52,55,54,48,47,45,46,45,39,42,43,42,41,42,36,37,31,32,35,32,32,27,24,24,23,22,22,22,20,21,20,23,26,26,28,25,26,27,24,22,21,22,16,18,19,17,18,18,19,18,17,17,20,21,22,21,25,24,23,21,20,21,18,19,15,13,12,15,13,11,10,9,11,8,11,9,12,13,15,13,14,12,12,11,9,11,11,11,10,7,5,5,6,5,5,5,5,4,5,3,2,2,2,2,2,2,1,1,1,1,1,1,1,2,2,2,2,1,2,2,2,2,2,2,2,1,0,0,0,0,0,0,0,0,0,0,0,0,0,0,0,0,0,0,0,0,0,0,0,0,0,0,0,0,0,0,0,0,0,0,0,0,0,0,0,0,0,0,0,0,0,0,0,0,0,0,0,0,0,0,0,0,0,0,0,0,0,0,0,0,0,0,0,0,0,0,0,0,0,0,0,0,0,0,0,0,0,0,0,0,0,0,0,0,0,0,0,0,0,0,0,0,0,0,0,0,0,0,0,0,0,0,0,0,0,0,0,0,0,0,0,0,0,0,0,0,0,0,0,0,0,0,0,0,0,0,0,0,0,0,0,0,0,0,0,0,0,0,0,0,0,0,0,0,0,0,0,0,0,0,0,
88,66,55,54,51,46,47,45,50,62,58,57,65,63,77,73,76,71,72,77,77,84,84,82,81,89,83,87,88,82,81,75,75,77,72,70,62,62,66,67,65,64,64,66,59,65,62,61,56,56,52,56,55,46,46,43,45,45,40,39,36,34,35,35,34,31,31,25,28,30,28,27,21,21,18,16,17,15,16,14,11,12,13,12,9,8,8,9,8,7,8,7,9,9,8,9,10,11,9,11,12,13,11,12,12,12,10,9,8,7,7,7,8,8,9,9,7,6,6,6,6,6,6,6,5,5,8,7,7,8,6,4,4,3,3,4,5,5,4,4,3,3,3,3,3,3,3,3,3,3,2,3,1,0,0,0,0,1,1,0,0,0,0,0,0,0,0,0,0,0,0,0,0,0,0,0,0,0,0,0,0,0,0,0,0,0,0,0,0,0,0,0,0,0,0,0,0,0,0,0,0,0,0,0,0,0,0,0,0,0,0,0,0,0,0,0,0,0,0,0,0,0,0,0,0,0,0,0,0,0,0,0,0,0,0,0,0,0,0,0,0,0,0,0,0,0,0,0,0,0,0,0,0,0,0,0,0,0,0,0,0,0,0,0,0,0,0,0,0,0,0,0,0,0,0,0,0,0,0,0,0,0,0,0,0,0,0,0,0,0,0,0,0,0,0,0,0,0,0,0,0,0,0,0,0,
79,61,54,58,61,57,60,63,69,74,70,78,75,77,79,84,96,101,115,107,112,129,130,131,130,133,124,121,110,105,107,111,100,98,97,95,86,81,71,78,68,62,63,67,62,66,66,69,70,71,64,70,62,70,64,62,66,58,56,55,54,44,44,45,41,39,36,34,36,37,33,33,26,27,30,25,22,26,22,25,28,27,28,27,23,23,23,22,22,26,20,19,18,19,18,17,19,19,20,20,19,18,16,17,14,11,11,9,8,6,4,4,4,3,2,3,3,3,4,5,5,7,5,4,5,3,3,3,3,3,4,4,4,2,3,3,4,5,4,3,3,4,4,4,4,4,2,2,2,2,2,2,2,3,3,4,4,4,2,2,3,3,2,2,2,3,3,2,2,1,1,0,0,0,0,1,1,1,1,1,1,1,1,1,1,1,0,0,0,0,0,0,0,0,0,2,1,1,1,1,2,2,2,1,1,1,1,1,1,1,1,1,1,1,1,2,2,2,1,2,2,2,3,3,3,2,2,2,1,1,2,3,2,2,2,2,2,0,0,0,1,0,0,0,0,0,0,0,0,0,0,0,0,0,0,0,0,0,0,0,0,0,0,0,0,0,0,
74,50,43,34,36,35,37,36,44,50,54,59,63,68,70,72,79,81,76,92,106,103,103,104,101,94,94,87,86,88,92,95,94,93,94,91,87,87,84,87,89,89,89,85,76,74,77,73,62,60,57,59,49,55,56,45,49,42,41,43,46,44,41,38,39,43,34,35,30,27,25,25,26,24,25,25,25,24,22,21,18,21,20,24,26,24,20,23,21,21,19,18,19,16,15,14,17,15,15,15,15,15,13,12,14,13,14,13,12,13,12,14,15,12,12,12,14,10,11,13,11,12,11,8,7,7,10,5,3,3,4,4,4,4,4,5,5,7,5,6,6,4,6,4,5,5,4,4,3,5,5,5,5,2,3,2,3,3,3,3,4,4,2,2,2,2,2,2,2,2,2,2,2,1,2,2,1,1,1,0,1,0,0,0,0,0,0,0,0,0,0,0,0,0,0,0,0,0,0,0,0,0,0,0,0,0,0,0,0,0,0,0,0,0,0,0,0,0,0,0,0,0,0,0,0,0,0,0,0,0,0,0,0,0,0,0,0,0,0,0,0,0,0,0,0,0,0,0,0,0,0,0,0,0,0,0,0,0,0,0,0,0,0,0,0,0,0,0,0,0,0,0,0,0,0,0,0,0,0,0,0,0,0,0,0,0,0,0,0,0,0,0,0,0,0,0,0,0,0,0,0,0,0,0,0,0,0,0,0,0,0,0,
83,51,40,32,34,31,41,41,38,34,34,38,33,36,37,41,51,44,48,43,50,55,59,57,62,63,66,60,47,53,56,59,54,56,56,63,60,57,55,47,49,48,46,41,38,36,36,35,37,40,40,41,44,40,41,42,37,31,29,29,24,24,25,22,22,21,26,27,24,20,22,21,20,21,18,18,20,18,19,17,17,15,15,13,12,11,11,11,9,13,11,10,11,10,11,11,13,16,19,16,20,19,20,19,16,13,12,14,14,11,11,9,9,10,10,9,12,12,13,13,13,14,11,11,12,9,9,8,8,8,7,6,8,8,8,9,6,7,7,7,7,5,3,3,2,2,2,3,1,0,0,0,0,0,0,0,0,0,0,0,0,0,0,0,0,0,0,0,0,0,0,0,0,0,0,0,0,0,0,0,0,0,0,0,0,0,0,0,0,0,0,0,0,0,0,0,0,0,0,0,0,0,0,0,0,0,0,0,0,0,0,0,0,0,0,0,0,0,0,0,0,0,0,0,0,0,0,0,0,0,0,0,0,0,0,0,0,0,0,0,0,0,0,0,0,0,0,0,0,0,0,0,0,0,0,0,0,0,0,0,0,0,0,0,0,0,0,0,0,0,0,0,0,0,0,0,0,0,0,0,0,0,0,0,0,0,0,0,
88,71,67,70,68,62,64,71,71,71,71,81,97,103,105,99,111,116,113,132,143,148,159,158,158,145,151,150,152,150,145,148,144,141,122,124,111,120,115,125,120,104,104,100,103,92,102,95,93,84,78,76,75,75,71,67,71,73,82,75,75,68,65,67,75,72,66,67,65,60,63,61,55,54,54,48,54,56,53,46,42,42,47,50,48,52,44,45,45,44,41,44,41,43,46,48,47,46,46,50,50,46,45,43,44,42,41,39,35,36,36,32,32,34,29,29,28,27,28,28,26,27,27,25,29,27,24,24,23,24,22,22,22,19,21,24,24,24,20,23,23,23,20,21,21,20,20,17,15,16,13,14,15,15,13,15,15,16,17,16,15,11,10,11,14,13,14,12,12,10,9,10,9,9,9,9,8,6,6,5,6,7,6,6,5,4,4,4,6,6,5,6,6,5,3,2,3,2,1,0,0,0,1,0,0,0,0,1,1,1,1,1,1,1,1,1,1,0,0,0,0,0,0,0,0,0,0,0,0,0,0,0,0,0,0,0,0,0,0,0,0,0,0,0,0,0,0,0,0,0,0,0,0,0,0,0,0,0,0,0,0,0,0,0,0,0,0,0,0,0,0,0,0,0,0,0,0,0,0,0,0,0,0,0,0,0,0,0,0,0,0,0,0,0,0,0,0,0,0,0,0,0,0,0,
86,54,47,45,50,52,57,62,71,80,91,96,99,99,103,111,124,134,143,155,164,180,189,179,187,181,187,178,159,155,163,157,161,158,154,148,149,137,134,132,132,126,128,131,127,118,111,107,97,87,85,88,81,82,80,76,76,67,66,63,58,60,66,66,74,77,83,72,79,73,69,70,66,64,63,62,60,57,56,51,54,52,49,51,54,52,48,51,52,53,53,54,49,45,44,49,49,53,51,51,46,48,41,42,47,44,44,39,33,33,36,36,34,33,32,33,33,31,33,32,31,33,31,29,26,23,20,15,16,15,17,15,13,14,14,12,13,14,15,16,16,13,13,12,11,9,11,9,6,9,9,9,12,11,10,8,9,7,7,7,6,7,6,4,3,3,3,5,4,5,6,4,4,5,5,5,5,5,3,3,3,4,4,4,4,4,5,5,7,5,4,5,5,6,6,5,6,7,8,7,6,6,5,6,4,2,3,3,3,2,2,3,3,3,2,1,1,1,1,1,1,1,1,1,2,1,1,1,1,1,2,2,2,1,1,2,2,2,2,2,2,3,5,5,5,5,3,2,2,2,2,2,2,3,3,4,3,3,3,3,3,3,2,2,2,2,2,3,2,0,0,
87,62,58,61,54,58,56,56,63,65,78,78,85,92,98,88,90,97,108,99,103,104,107,117,121,121,118,120,116,117,101,105,103,103,97,97,94,94,83,77,79,79,83,83,78,79,67,64,63,66,67,66,68,71,62,59,64,60,50,53,52,50,52,47,46,42,42,41,38,39,38,36,33,30,26,29,29,29,32,29,27,27,23,23,20,16,18,16,16,19,17,19,16,18,18,16,16,13,14,15,15,17,16,15,17,16,13,12,13,10,10,11,11,12,10,11,10,7,7,10,11,10,7,9,10,9,8,7,7,5,5,7,7,8,8,7,7,7,9,7,7,6,7,7,7,9,9,9,10,8,7,7,6,5,4,4,3,3,2,2,2,1,1,4,3,4,4,4,4,3,2,1,1,1,1,1,1,1,2,2,1,1,0,0,0,0,0,0,0,0,0,0,0,0,0,0,0,0,0,0,0,0,0,0,0,0,0,0,0,0,0,0,0,0,0,0,0,0,0,0,0,0,0,0,0,0,0,0,0,0,0,0,0,0,0,0,0,0,0,0,0,0,0,0,0,0,0,0,0,0,0,0,0,0,0,0,0,0,0,0,0,0,0,0,0,0,0,0,0,0,0,0,0,0,0,0,0,0,0,0,0,
86,54,47,40,33,36,46,50,48,57,58,62,75,66,64,71,73,83,91,87,82,90,93,98,101,104,105,97,102,95,94,95,96,93,93,88,74,72,63,65,63,56,53,53,54,49,46,48,46,44,46,42,40,44,39,44,38,36,40,39,37,38,36,36,34,31,33,31,31,32,29,29,30,33,31,36,34,29,24,24,24,26,23,24,22,23,23,22,22,19,18,19,16,20,19,17,16,14,14,16,17,16,11,11,10,13,12,9,8,10,10,11,9,7,8,8,8,9,8,8,6,5,8,7,7,6,5,4,3,3,3,3,2,2,2,2,2,2,1,1,1,1,1,1,1,1,1,2,1,1,1,1,1,1,1,1,1,1,1,2,1,1,1,1,1,1,1,1,1,0,0,0,0,0,1,0,0,0,0,0,0,0,0,0,0,0,0,0,0,0,0,0,0,0,0,0,0,0,0,0,0,0,0,0,0,0,0,0,0,0,0,0,0,0,0,0,0,0,0,0,0,0,0,0,0,0,0,0,0,0,0,0,
92,63,53,56,46,45,48,47,52,53,61,68,73,77,81,71,86,86,94,114,118,122,136,141,134,138,130,121,131,127,132,130,129,132,124,125,121,121,115,114,115,112,109,115,117,113,110,110,101,94,88,85,87,81,79,81,81,72,67,60,66,65,68,70,66,60,57,61,60,51,45,47,40,39,38,36,41,43,44,41,45,42,42,43,40,42,40,40,40,44,37,40,36,34,31,32,35,32,34,33,30,27,27,27,25,23,22,22,23,23,23,27,25,25,24,28,25,24,27,27,23,25,23,26,25,24,22,21,19,13,12,14,15,15,14,12,11,13,13,14,12,9,9,9,9,10,11,12,10,8,9,8,5,4,2,2,2,1,2,2,2,2,2,3,2,2,0,0,0,0,0,1,1,1,1,1,1,1,1,1,1,1,1,1,1,1,1,0,0,0,0,0,0,0,0,0,0,0,0,0,0,0,0,0,0,0,0,0,0,0,0,0,0,0,0,0,0,0,0,0,0,0,0,0,0,0,0,0,0,0,0,0,0,0,0,0,0,0,0,0,0,0,0,0,0,0,0,0,
92,61,57,58,52,44,47,52,49,46,49,53,46,50,57,70,69,65,70,66,72,83,93,90,93,86,87,82,83,85,88,81,89,83,85,80,78,78,72,64,62,67,71,68,67,73,73,76,77,76,80,72,69,71,72,74,67,71,70,64,63,61,56,53,50,51,54,49,41,47,41,34,34,36,33,35,40,36,33,33,31,33,33,30,24,23,22,24,27,28,25,33,30,30,27,24,18,20,19,19,17,16,19,19,18,16,15,10,9,15,12,12,16,15,13,11,12,10,9,11,11,10,11,9,9,10,10,8,9,8,5,4,4,5,3,3,2,2,2,3,3,3,3,3,3,3,3,1,1,1,1,1,1,1,1,1,1,2,1,1,1,1,1,1,2,2,2,2,2,2,2,2,2,3,3,2,2,2,2,2,2,2,2,2,3,2,1,1,1,1,1,2,3,2,1,1,1,2,1,0,0,0,0,0,0,0,0,0,0,0,0,0,0,0,0,0,0,0,0,0,0,0,0,0,0,0,0,0,0,0,0,0,0,0,0,0,0,0,0,0,0,0,0,0,0,0,0,0,0,0,0,0,0,0,0,0,0,0,0,0,0,0,0,0,0,0,0,0,0,0,0,0,0,0,0,0,0,0,0,0,0,0,0,0,0,
87,57,49,46,44,41,46,51,57,57,55,59,59,54,63,70,70,71,80,79,97,100,101,98,94,96,99,95,88,91,83,82,82,75,79,72,73,75,69,69,73,75,71,65,56,58,59,53,50,48,49,50,50,49,46,46,46,41,44,41,39,40,38,38,31,27,25,23,23,24,21,21,20,22,20,22,20,17,14,17,16,16,19,18,24,23,24,24,22,23,23,22,22,23,24,23,20,22,20,17,15,17,16,18,16,13,11,12,10,13,15,16,13,12,10,10,10,8,7,7,8,6,7,7,7,7,7,7,7,7,5,6,4,4,4,3,3,4,2,2,2,2,1,1,1,1,1,1,1,2,2,1,1,1,1,1,1,1,1,1,1,1,0,0,0,0,0,0,1,1,1,1,0,0,0,0,0,0,0,0,0,0,0,0,0,0,0,0,0,0,0,0,0,0,0,0,0,0,0,0,0,0,0,0,0,0,0,0,0,0,0,0,0,0,0,0,0,0,0,0,0,0,0,0,0,0,0,0,0,0,0,0,0,0,0,0,0,0,0,0,0,0,0,0,0,0,0,0,0,0,0,0,0,0,0,0,0,0,0,0,0,0,0,0,0,0,0,0,0,0,0,
89,60,47,37,39,43,46,47,59,55,66,64,67,74,73,62,72,69,76,72,78,86,83,85,86,87,90,94,95,90,100,88,97,94,92,86,90,78,77,73,71,69,70,71,61,66,65,65,64,57,56,56,54,51,50,50,46,47,49,45,41,39,44,39,39,38,40,41,37,34,38,39,36,31,30,25,25,27,24,26,25,26,27,27,20,23,20,20,17,12,13,9,9,7,8,8,8,5,5,4,4,1,2,3,2,1,1,2,2,2,1,1,1,1,1,0,1,1,0,0,1,1,1,1,3,2,2,1,1,1,1,0,0,1,1,1,1,1,1,1,0,0,0,0,0,0,0,0,0,0,0,0,0,0,0,0,0,0,0,0,0,0,0,0,0,0,0,0,0,0,0,0,0,0,0,0,0,0,0,0,0,0,0,0,0,0,0,0,0,0,0,0,0,0,0,0,0,0,0,0,0,0,0,0,0,0,0,0,0,0,0,0,0,0,0,0,0,0,0,0,0,0,0,0,0,0,0,0,0,0,0,0,0,0,0,0,0,0,0,0,0,0,0,0,0,0,0,0,0,0,0,0,0,0,0,0,0,0,0,0,0,0,0,0,0,0,0,0,0,0,0,0,0,0,0,0,0,0,0,0,0,0,0,0,0,0,
89,68,61,56,54,58,56,53,59,70,61,69,67,64,70,86,88,99,108,119,123,122,125,125,127,129,123,129,120,107,93,94,90,95,91,92,86,95,95,92,82,81,84,83,77,68,68,71,70,67,68,72,67,65,60,61,62,62,64,68,56,58,49,52,48,52,48,44,47,47,50,54,51,47,46,45,46,39,34,34,33,31,25,25,26,23,25,23,23,22,23,24,21,20,15,12,13,14,14,13,14,14,12,12,13,16,17,19,18,15,18,16,13,11,11,12,8,7,7,7,6,7,5,7,7,6,6,4,6,7,8,7,9,8,8,6,5,4,4,4,5,4,3,3,4,5,5,5,5,5,7,7,6,7,7,5,5,5,5,3,4,2,2,3,3,2,2,2,2,2,3,3,3,3,3,3,3,3,3,2,2,2,1,1,1,1,1,2,2,2,1,1,2,2,2,2,2,2,2,2,3,2,2,3,4,3,1,1,2,2,2,2,2,2,2,3,3,3,4,5,5,5,5,3,3,2,1,1,1,1,2,3,4,4,3,3,3,3,3,3,4,3,4,3,2,1,1,1,1,1,1,1,2,2,2,1,1,1,1,1,1,1,0,0,0,0,0,0,0,0,0,0,0,
92,64,56,49,52,61,61,58,61,73,77,76,79,86,91,93,98,99,104,113,131,134,137,139,146,133,139,127,135,132,134,136,129,136,137,132,135,131,135,127,127,123,125,122,116,117,124,120,103,104,110,113,110,103,96,100,101,104,96,98,96,94,97,100,100,93,88,86,81,85,77,76,76,74,74,62,58,53,56,56,50,54,47,43,43,47,50,49,46,47,41,40,43,37,39,41,35,36,36,34,27,26,27,29,26,25,20,19,24,22,24,19,20,18,16,15,13,13,15,15,17,16,16,13,14,11,14,14,14,15,16,19,18,20,20,21,21,20,20,22,21,21,19,20,16,15,15,15,13,12,14,13,10,8,7,8,9,8,7,8,9,10,13,12,11,9,10,11,10,12,13,14,14,14,16,13,10,12,12,12,13,11,12,15,15,13,10,12,10,10,10,10,7,7,9,10,8,11,10,9,9,8,8,6,5,5,5,4,4,5,4,3,3,3,3,4,4,3,5,5,4,4,3,5,4,3,3,3,3,4,4,3,3,2,2,2,2,2,2,2,1,1,1,1,2,2,1,0,0,0,0,0,0,0,0,0,0,0,0,0,0,0,0,0,0,0,0,0,0,0,0,0,0,0,0,1,0,0,0,0,0,0,0,0,0,0,0,0,0,0,0,0,0,0,0,0,0,0,0,0,0,0,0,0,0,0,0,0,0,0,0,0,0,0,0,0,0,0,0,0,0,
91,70,61,63,61,57,57,65,66,72,68,84,84,93,99,96,100,110,116,122,135,151,156,149,144,138,144,142,145,146,141,138,142,130,134,130,131,127,124,120,124,128,124,114,106,97,102,98,97,93,90,87,84,80,85,86,85,77,74,69,70,60,57,54,56,56,58,55,55,51,47,49,43,49,40,38,38,36,38,33,33,32,36,35,32,30,29,31,30,32,28,24,29,30,28,21,24,23,23,24,20,21,20,19,17,17,19,19,21,22,20,21,18,15,19,17,18,20,21,20,17,15,15,16,15,17,16,14,16,15,15,13,12,13,12,10,9,12,9,9,9,11,13,10,10,12,13,11,11,9,10,11,13,10,13,10,9,9,9,11,10,8,9,7,7,9,7,5,5,4,4,5,5,5,3,3,4,4,4,4,3,5,5,5,7,7,7,5,6,6,8,6,5,3,5,4,2,2,3,3,3,4,4,2,2,2,3,2,0,0,0,0,0,0,0,0,1,0,0,0,0,0,0,0,0,0,0,0,0,0,0,0,0,0,0,0,0,0,0,0,
83,62,49,40,38,42,44,47,44,46,46,53,50,48,53,59,66,76,80,93,101,102,119,114,111,112,115,112,113,110,106,108,101,98,100,101,105,101,102,95,85,85,85,81,80,71,77,75,73,82,72,64,65,67,62,60,66,65,60,58,60,62,61,60,64,59,58,57,56,48,49,46,44,44,45,45,40,40,35,40,35,36,39,42,40,40,39,39,40,34,34,31,33,33,30,32,29,29,28,28,30,29,22,26,30,27,26,27,27,31,32,27,25,21,24,24,22,24,25,24,23,22,22,19,17,16,18,19,19,18,16,15,16,20,16,18,18,16,13,13,14,14,13,12,13,14,11,10,10,9,9,8,7,7,8,9,10,7,4,5,6,6,6,7,9,7,8,8,7,7,8,8,9,9,9,8,7,8,6,4,5,5,5,4,5,5,7,7,6,5,5,6,6,6,8,9,11,10,9,8,7,6,4,4,5,4,5,5,5,5,6,5,5,4,3,2,3,2,2,2,2,2,2,2,3,3,3,3,3,3,3,3,3,3,3,4,4,4,5,5,2,2,3,4,3,2,2,2,4,4,4,4,4,4,5,3,2,2,2,2,2,2,2,2,2,1,1,1,1,1,2,1,0,0,0,1,2,1,1,1,1,1,1,1,1,1,1,1,0,2,2,2,1,1,1,1,1,2,1,
86,55,45,42,47,43,46,48,52,57,56,60,59,64,67,65,77,87,96,96,99,105,109,105,94,83,89,88,85,89,86,85,80,82,82,83,83,89,94,83,90,85,82,85,87,84,80,81,84,76,73,80,80,73,72,62,63,60,64,59,50,42,40,36,36,36,42,33,40,34,37,32,35,31,32,29,32,29,30,28,28,30,26,23,20,21,20,19,16,18,20,20,22,18,20,19,20,21,22,24,21,19,17,16,18,17,16,18,15,15,16,14,15,17,15,12,12,12,12,13,10,9,10,8,7,6,7,7,7,9,7,6,6,4,2,2,1,1,1,1,1,1,3,1,1,1,1,2,2,2,1,1,1,2,2,2,2,2,2,2,1,1,2,3,2,3,3,3,2,1,1,0,0,0,0,0,0,0,0,0,0,0,0,0,0,0,0,0,0,0,0,0,0,0,0,0,0,0,0,0,0,0,0,0,0,0,0,0,0,0,0,0,0,0,0,0,0,0,0,0,0,0,0,0,0,0,
84,68,63,53,58,68,65,67,69,79,86,94,105,112,121,131,130,133,147,160,167,177,183,179,175,195,195,191,189,188,181,178,180,172,167,156,143,142,144,151,153,133,128,129,128,125,123,119,125,114,109,113,111,112,116,107,109,100,102,106,99,99,89,82,86,85,87,90,83,81,81,84,77,74,72,69,75,75,65,57,55,54,55,51,52,53,47,46,44,44,43,45,40,36,34,36,38,36,31,30,31,31,26,25,24,25,25,21,23,24,25,22,23,19,21,20,18,16,18,17,14,15,15,14,15,12,13,15,16,15,17,17,16,18,15,15,15,12,8,10,10,8,7,8,10,12,11,8,7,6,6,6,7,6,4,4,3,4,4,6,6,6,7,7,6,7,6,8,6,7,6,6,5,5,5,6,6,6,7,5,5,5,6,4,3,3,3,2,2,3,3,3,3,3,5,4,5,5,6,4,3,3,3,3,3,2,1,1,1,2,2,1,1,1,1,1,1,1,0,0,0,0,0,0,0,0,0,0,0,0,0,0,0,0,0,0,0,0,0,0,0,0,0,0,0,0,0,0,0,0,0,0,0,0,0,0,0,0,0,0,0,0,0,0,0,0,0,0,0,0,0,0,0,0,
89,65,57,58,59,61,61,67,72,79,84,88,103,100,102,108,107,114,120,130,139,152,151,142,145,141,142,137,137,136,133,126,123,115,117,119,117,112,123,122,113,109,106,99,98,94,96,102,106,100,93,87,85,85,78,76,72,61,71,65,68,69,65,62,72,70,63,66,62,62,65,59,60,60,58,45,44,45,42,37,31,29,32,31,33,34,32,33,35,35,31,30,29,30,24,22,20,18,18,21,23,23,21,20,18,18,20,21,17,16,16,14,13,13,16,13,12,11,12,12,10,10,8,6,5,4,5,6,3,3,3,6,5,4,4,5,5,4,3,3,2,1,1,1,0,0,1,1,1,1,1,2,2,2,3,4,4,6,4,4,5,5,5,5,4,2,2,2,2,1,1,1,1,1,1,1,1,1,1,1,1,1,1,1,1,1,1,1,1,1,1,1,0,0,0,0,0,0,0,0,0,0,0,0,0,1,0,0,0,0,0,0,0,0,0,0,0,0,0,0,0,0,0,0,0,0,0,0,0,0,0,0,0,0,0,0,0,0,0,0,0,0,0,0,0,0,0,0,0,0,0,0,0,0,0,0,0,0,0,0,0,0,0,0,0,0,0,0,0,0,0,0,0,0,0,0,0,0,0,0,0,0,0,0,0,
82,55,44,38,36,39,45,45,54,57,65,68,65,69,71,82,87,96,96,102,105,114,103,111,110,114,116,116,120,122,112,111,110,98,81,80,84,84,78,81,75,76,73,73,71,68,65,65,63,65,61,66,70,67,62,63,54,61,62,63,63,63,60,56,54,58,54,54,58,54,51,58,58,60,59,60,46,44,46,43,37,39,41,40,37,42,40,38,36,35,35,33,35,31,31,35,34,35,29,26,27,22,20,17,19,17,19,19,19,19,20,20,18,17,18,17,15,16,17,16,15,16,17,14,18,16,15,18,17,17,14,15,13,16,12,14,13,10,9,9,10,9,9,8,7,6,7,6,6,5,4,4,4,5,6,6,6,4,4,4,3,3,3,3,2,2,2,2,2,2,2,2,3,3,3,3,3,3,3,3,3,3,3,1,0,0,0,0,0,1,2,1,1,1,1,1,1,1,0,1,1,1,1,1,1,1,1,1,1,1,1,1,0,0,0,0,0,0,0,0,0,0,0,0,0,0,0,0,0,0,0,0,0,0,0,0,0,0,0,0,0,0,0,0,0,0,0,0,0,0,0,0,0,0,0,0,0,0,0,0,0,0,0,0,0,0,0,
80,57,52,49,49,52,52,56,62,60,65,69,75,82,81,98,93,95,106,116,135,134,142,139,135,142,146,131,121,123,125,118,114,115,99,104,99,102,105,107,97,98,91,87,89,85,77,73,73,79,78,75,67,70,71,75,76,74,66,65,66,62,59,63,62,61,57,59,56,57,53,54,51,44,42,45,48,48,47,44,39,37,37,31,31,29,30,29,30,28,26,27,22,23,23,24,23,22,23,23,23,24,22,21,18,17,19,20,21,19,23,23,21,22,19,18,19,17,15,15,14,13,11,12,13,12,11,12,9,10,12,16,11,12,13,13,12,10,9,6,6,6,10,10,9,11,10,12,8,7,7,7,6,6,7,7,7,7,7,6,4,3,4,3,3,3,4,4,3,4,3,5,5,5,3,3,3,3,3,3,2,4,3,2,3,4,4,5,5,5,4,5,5,5,5,3,3,3,1,1,1,1,3,2,1,1,1,1,1,2,1,1,0,0,0,0,0,0,0,0,0,0,0,0,0,0,0,0,0,0,0,0,0,0,0,0,0,0,0,0,0,0,0,0,0,0,0,0,0,0,0,0,0,0,0,0,0,0,0,0,0,0,0,0,0,0,0,0,0,0,0,0,0,0,0,0,0,0,0,0,0,0,0,0,0,0,0,0,0,0,0,0,0,0,0,0,0,0,0,0,0,0,0,0,0,0,0,0,0,0,0,0,0,0,0,
93,73,59,54,56,55,58,59,54,63,65,65,69,73,77,75,83,90,97,96,105,116,112,111,115,120,121,133,132,135,124,120,108,107,108,107,114,116,127,118,116,116,114,108,104,101,101,101,99,90,87,86,84,78,83,80,79,74,66,68,67,64,69,60,60,55,55,56,53,52,43,42,43,39,43,41,41,45,45,44,40,35,37,34,27,30,30,28,26,25,22,24,26,28,28,27,27,28,25,26,25,30,27,29,29,25,26,26,24,26,27,22,22,19,17,17,23,20,20,19,25,26,25,24,22,24,26,25,21,20,22,22,20,22,20,21,24,27,23,26,26,26,23,21,17,17,17,13,15,13,9,8,8,7,10,7,8,8,6,3,4,4,4,4,3,2,2,2,1,2,2,2,2,1,0,0,1,0,0,0,0,0,0,0,0,0,0,0,0,0,0,0,0,0,0,0,0,0,0,0,0,0,0,0,0,0,0,0,0,0,0,0,0,0,0,0,0,0,0,0,0,0,0,0,0,0,0,0,0,0,0,0,0,0,0,0,0,0,0,0,0,0,0,0,0,0,0,0,0,0,0,0,0,0,0,0,0,0,0,0,0,0,0,0,0,0,0,0,0,0,0,0,0,0,0,0,0,0,0,0,0,0,0,0,0,0,0,0,0,0,0,0,0,0,0,0,0,0,0,0,0,0,0,0,0,0,0,0,0,0,0,0,0,0,0,0,0,0,0,0,0,0,0,0,0,0,0,0,0,0,0,0,0,0,0,0,0,0,0,0,0,0,0,0,0,
92,55,49,48,54,50,54,59,63,64,63,68,78,79,87,91,95,109,112,113,133,134,144,139,132,142,141,133,128,126,126,132,127,124,118,115,112,115,119,112,110,117,115,111,110,108,102,96,93,96,98,98,97,90,88,93,96,98,94,98,95,94,99,102,92,92,91,88,80,91,88,91,75,71,68,68,71,66,67,68,63,62,61,58,56,54,46,45,42,42,42,37,42,35,39,37,32,35,37,30,34,34,32,28,27,28,28,20,20,23,22,25,24,21,23,19,19,18,20,23,15,15,13,14,15,13,13,14,14,16,14,13,13,12,11,11,10,8,7,9,10,8,9,9,9,8,7,6,8,7,5,6,5,4,4,3,5,4,2,2,2,2,3,3,2,1,1,1,1,1,1,1,1,1,1,1,1,1,1,1,1,1,1,1,1,1,1,1,0,1,1,1,0,1,1,0,0,0,0,0,0,0,0,0,0,0,0,0,0,0,0,0,0,0,0,0,0,0,0,0,0,0,0,0,0,0,0,0,0,0,0,0,0,0,0,0,0,0,0,0,0,0,0,0,0,0,0,0,0,0,0,0,0,0,0,0,0,0,0,0,0,0,0,0,0,
86,61,57,59,48,54,62,58,52,60,61,68,72,65,71,82,101,101,98,106,111,134,137,127,118,128,125,118,115,107,104,107,114,108,106,102,101,89,97,97,90,91,86,80,79,68,68,63,66,69,64,63,59,61,60,62,59,56,51,47,50,48,46,44,37,40,39,38,37,41,39,37,31,30,28,30,32,32,31,30,26,25,27,27,26,25,26,26,28,28,27,29,26,30,28,29,29,26,24,18,22,26,21,22,19,19,20,18,18,19,21,19,16,16,16,15,17,20,20,19,19,19,18,18,18,16,15,15,14,14,16,14,17,13,13,16,16,14,13,15,15,13,15,14,15,15,15,15,13,12,13,14,15,15,17,14,14,15,13,12,13,12,12,13,10,11,10,9,9,10,11,9,9,8,7,6,8,5,5,6,6,6,4,5,5,4,4,5,4,4,5,4,6,6,6,5,4,4,4,4,4,5,6,5,4,6,5,4,6,6,5,4,3,3,3,3,3,2,2,2,1,1,1,1,2,2,3,2,2,1,1,1,1,1,1,1,1,1,0,0,0,0,0,0,0,0,0,0,0,0,0,0,0,
